#ifndef SPLASH_IMAGE_H
#define SPLASH_IMAGE_H

#include <stdint.h>

// Auto-generated splash logo, converted to RGB565 (big-endian / MSB-first,
// matching TFT_eSPI pushImage() expectations with setSwapBytes(true)).
#define SPLASH_WIDTH  320
#define SPLASH_HEIGHT 170

static const uint16_t splashImage[SPLASH_WIDTH * SPLASH_HEIGHT] PROGMEM = {
0x0000,0x0000,0x0000,0x0000,0x0000,0x0000,0x0000,0x0000,0x0000,0x0000,0x0000,0x0000,0x0000,0x0000,0x0000,0x0000,
0x0000,0x0000,0x0000,0x0000,0x0000,0x0000,0x0000,0x0000,0x0000,0x0000,0x0000,0x0000,0x0000,0x0000,0x0000,0x0000,
0x0000,0x0000,0x0000,0x0001,0x0000,0x0000,0x0000,0x0001,0x0001,0x0000,0x0000,0x0000,0x0000,0x0000,0x0000,0x0000,
0x0001,0x0001,0x0000,0x0000,0x0000,0x0001,0x0000,0x0001,0x0000,0x0000,0x0001,0x0001,0x0001,0x0001,0x0001,0x0001,
0x0001,0x0001,0x0022,0x0022,0x0022,0x0022,0x0022,0x0022,0x0022,0x0022,0x0022,0x0022,0x0022,0x0022,0x0022,0x0022,
0x0022,0x0022,0x0043,0x0043,0x0043,0x0043,0x0022,0x0023,0x0023,0x0023,0x0023,0x0023,0x0023,0x0024,0x0023,0x0022,
0x0023,0x0024,0x0023,0x0023,0x0023,0x0023,0x0023,0x0023,0x0023,0x0024,0x0024,0x0023,0x0065,0x0066,0x0066,0x0066,
0x0045,0x0024,0x0024,0x0023,0x0023,0x0023,0x0023,0x0023,0x0024,0x0024,0x0023,0x0024,0x0024,0x0044,0x0045,0x0045,
0x0066,0x0066,0x0065,0x0044,0x0044,0x0024,0x0044,0x0045,0x0044,0x0044,0x0024,0x0045,0x0045,0x0045,0x0045,0x0045,
0x0045,0x0066,0x0045,0x0046,0x0866,0x0846,0x1067,0x1867,0x2067,0x2047,0x2046,0x2046,0x2846,0x3046,0x3046,0x4026,
0x3826,0x3846,0x2846,0x2846,0x2046,0x1846,0x1846,0x1066,0x1066,0x0866,0x0866,0x0066,0x0066,0x0066,0x0066,0x0066,
0x0066,0x0045,0x0024,0x0044,0x0066,0x0087,0x00A9,0x00C9,0x00CA,0x00CA,0x00A9,0x00EA,0x010B,0x00C9,0x00CA,0x0088,
0x0067,0x00EB,0x00EB,0x010C,0x00EB,0x00EB,0x00A9,0x00A9,0x0190,0x01B0,0x018F,0x00C9,0x0087,0x0044,0x0024,0x0024,
0x0024,0x0023,0x0023,0x0023,0x0023,0x0023,0x0002,0x0086,0x012C,0x012B,0x016C,0x014C,0x01CF,0x0293,0x0252,0x01F0,
0x0231,0x01AE,0x018E,0x014D,0x016E,0x016D,0x018E,0x01AF,0x012B,0x0066,0x00E9,0x014D,0x012C,0x012B,0x018E,0x018F,
0x00A7,0x012A,0x0210,0x01CF,0x010A,0x0087,0x00C9,0x00EA,0x010B,0x00EA,0x00EA,0x00EA,0x00A8,0x0087,0x0023,0x0024,
0x0024,0x0024,0x0024,0x0023,0x0044,0x0044,0x0023,0x0023,0x0024,0x0024,0x0024,0x0044,0x0044,0x0024,0x0044,0x0024,
0x0044,0x0044,0x0044,0x0044,0x0044,0x0024,0x0044,0x0044,0x0044,0x0044,0x0044,0x0044,0x0045,0x0044,0x0023,0x0044,
0x0065,0x0065,0x0044,0x0023,0x0044,0x0044,0x0044,0x0044,0x0024,0x0044,0x0044,0x0044,0x0044,0x0023,0x0023,0x0044,
0x0045,0x0024,0x0044,0x0045,0x0044,0x0044,0x0044,0x0024,0x0024,0x0024,0x0024,0x0023,0x0023,0x0023,0x0023,0x0023,
0x0000,0x0000,0x0000,0x0000,0x0000,0x0000,0x0000,0x0000,0x0000,0x0000,0x0000,0x0000,0x0000,0x0000,0x0000,0x0000,
0x0000,0x0000,0x0000,0x0000,0x0000,0x0000,0x0000,0x0000,0x0000,0x0000,0x0000,0x0000,0x0000,0x0000,0x0000,0x0000,
0x0000,0x0000,0x0000,0x0000,0x0000,0x0000,0x0000,0x0000,0x0000,0x0000,0x0000,0x0000,0x0000,0x0000,0x0000,0x0000,
0x0000,0x0000,0x0000,0x0000,0x0000,0x0000,0x0000,0x0000,0x0000,0x0001,0x0001,0x0001,0x0001,0x0001,0x0001,0x0001,
0x0001,0x0021,0x0022,0x0022,0x0022,0x0022,0x0022,0x0022,0x0022,0x0042,0x0042,0x0022,0x0022,0x0022,0x0022,0x0022,
0x0022,0x0043,0x0043,0x0043,0x0043,0x0043,0x0022,0x0022,0x0022,0x0022,0x0022,0x0023,0x0023,0x0023,0x0023,0x0023,
0x0023,0x0023,0x0023,0x0023,0x0023,0x0023,0x0023,0x0023,0x0024,0x0023,0x0024,0x0024,0x0065,0x00A8,0x00C9,0x0087,
0x0066,0x0024,0x0023,0x0002,0x0003,0x0023,0x0023,0x0023,0x0023,0x0023,0x0023,0x0023,0x0024,0x0024,0x0045,0x0065,
0x0087,0x0088,0x0066,0x0045,0x0044,0x0044,0x0024,0x0024,0x0044,0x0044,0x0044,0x0044,0x0045,0x0045,0x0045,0x0046,
0x0045,0x0046,0x0066,0x0066,0x0866,0x0866,0x1067,0x1867,0x2067,0x2867,0x2847,0x3046,0x3826,0x3826,0x4026,0x5026,
0x4826,0x4026,0x3046,0x2846,0x2846,0x2046,0x2046,0x1846,0x1046,0x1066,0x0867,0x0067,0x0067,0x0066,0x0066,0x0066,
0x0046,0x0045,0x0024,0x0045,0x0066,0x0088,0x00A9,0x00EA,0x010C,0x012D,0x012C,0x00EB,0x00EB,0x00EB,0x00CA,0x00A9,
0x00EB,0x012D,0x010C,0x00EB,0x00A9,0x0088,0x00EC,0x00EB,0x010C,0x012C,0x0067,0x0066,0x0066,0x0024,0x0024,0x0024,
0x0024,0x0023,0x0023,0x0023,0x0023,0x0023,0x0024,0x0087,0x00EA,0x010A,0x010A,0x014C,0x0211,0x0211,0x0212,0x02B4,
0x0232,0x01D0,0x01D0,0x01AF,0x016E,0x012D,0x018E,0x012C,0x010A,0x00EA,0x014D,0x018F,0x016E,0x01D1,0x0233,0x098D,
0x012B,0x01AE,0x018D,0x016D,0x010A,0x0087,0x0065,0x0065,0x00EA,0x010B,0x29AD,0x116C,0x00A8,0x0066,0x0024,0x0024,
0x0024,0x0024,0x0023,0x0024,0x0044,0x0024,0x0024,0x0024,0x0024,0x0024,0x0024,0x0044,0x0044,0x0044,0x0044,0x0044,
0x0044,0x0044,0x0044,0x0044,0x0024,0x0024,0x0044,0x0044,0x0044,0x0044,0x0044,0x0044,0x0045,0x0044,0x0044,0x0045,
0x0066,0x0044,0x0023,0x0023,0x0044,0x0044,0x0044,0x0044,0x0044,0x0044,0x0044,0x0044,0x0044,0x0024,0x0044,0x0045,
0x0044,0x0045,0x0045,0x0045,0x0045,0x0045,0x0045,0x0045,0x0024,0x0024,0x0024,0x0023,0x0023,0x0023,0x0023,0x0023,
0x0000,0x0000,0x0000,0x0000,0x0000,0x0000,0x0000,0x0000,0x0000,0x0020,0x0020,0x0020,0x0020,0x0020,0x0020,0x0020,
0x0020,0x0000,0x0020,0x0020,0x0000,0x0000,0x0000,0x0000,0x0000,0x0000,0x0000,0x0000,0x0000,0x0000,0x0000,0x0000,
0x0000,0x0000,0x0000,0x0000,0x0000,0x0000,0x0000,0x0000,0x0000,0x0000,0x0000,0x0000,0x0000,0x0000,0x0000,0x0000,
0x0000,0x0000,0x0000,0x0000,0x0000,0x0000,0x0000,0x0000,0x0000,0x0000,0x0000,0x0000,0x0000,0x0001,0x0001,0x0001,
0x0001,0x0021,0x0022,0x0022,0x0022,0x0022,0x0022,0x0042,0x0042,0x0042,0x0042,0x0042,0x0022,0x0022,0x0022,0x0022,
0x0043,0x0063,0x0042,0x0043,0x0043,0x0043,0x0043,0x0043,0x0022,0x0022,0x0002,0x0023,0x0023,0x0023,0x0023,0x0023,
0x0023,0x0023,0x0023,0x0023,0x0044,0x0044,0x0044,0x0023,0x0023,0x0023,0x0023,0x0044,0x0086,0x012C,0x014D,0x00EA,
0x00C9,0x0045,0x0023,0x0003,0x0003,0x0003,0x0023,0x0023,0x0023,0x0023,0x0023,0x0023,0x0024,0x0024,0x0045,0x0045,
0x0067,0x0088,0x0067,0x0045,0x0045,0x0024,0x0024,0x0024,0x0044,0x0044,0x0044,0x0045,0x0046,0x0045,0x0045,0x0046,
0x0046,0x0046,0x0046,0x0866,0x0866,0x0867,0x1068,0x2067,0x2867,0x3047,0x3847,0x4046,0x4826,0x4826,0x6026,0x7026,
0x6026,0x5026,0x4847,0x4026,0x3026,0x2847,0x2846,0x2047,0x1867,0x1067,0x0867,0x0067,0x0867,0x0066,0x0066,0x0066,
0x0066,0x0045,0x0024,0x0045,0x0087,0x0088,0x00A9,0x010C,0x014E,0x016E,0x012D,0x010C,0x00EB,0x00CA,0x00EA,0x00EC,
0x018F,0x018F,0x01D0,0x00EA,0x0088,0x0065,0x00A7,0x0086,0x00EA,0x0067,0x0024,0x0024,0x0023,0x0023,0x0024,0x0024,
0x0045,0x0024,0x0023,0x0023,0x0023,0x0044,0x0024,0x0066,0x0086,0x0087,0x012B,0x01AE,0x0230,0x22F4,0x3397,0x0B16,
0x02D5,0x02D5,0x0212,0x01F1,0x01AF,0x018F,0x018E,0x010A,0x012C,0x014D,0x014D,0x010B,0x010B,0x01B0,0x014D,0x090A,
0x012C,0x018E,0x014C,0x016D,0x00EA,0x0024,0x0023,0x0065,0x010A,0x01AE,0x012A,0x00C8,0x0045,0x0024,0x0044,0x0023,
0x0024,0x0044,0x0044,0x0044,0x0024,0x0024,0x0024,0x0023,0x0024,0x0044,0x0044,0x0044,0x0044,0x0044,0x0044,0x0044,
0x0044,0x0044,0x0044,0x0044,0x0044,0x0044,0x0044,0x0044,0x0044,0x0044,0x0065,0x0045,0x0045,0x0065,0x0065,0x0087,
0x0066,0x0044,0x0064,0x0065,0x0044,0x0065,0x0065,0x0044,0x0044,0x0044,0x0044,0x0044,0x0044,0x0044,0x0045,0x0045,
0x0045,0x0046,0x0066,0x0045,0x0045,0x0046,0x0045,0x0045,0x0044,0x0024,0x0024,0x0024,0x0024,0x0024,0x0023,0x0023,
0x0000,0x0000,0x0000,0x0000,0x0000,0x0000,0x0000,0x0020,0x0040,0x0020,0x0000,0x0000,0x0000,0x0000,0x0000,0x0000,
0x0000,0x0000,0x0000,0x0000,0x0000,0x0000,0x0000,0x0000,0x0000,0x0000,0x0000,0x0000,0x0020,0x0020,0x0020,0x0020,
0x0020,0x0020,0x0020,0x0020,0x0000,0x0020,0x0020,0x0020,0x0020,0x0020,0x0000,0x0000,0x0000,0x0000,0x0000,0x0000,
0x0000,0x0000,0x0020,0x0000,0x0000,0x0000,0x0020,0x0020,0x0020,0x0020,0x0020,0x0020,0x0020,0x0021,0x0021,0x0021,
0x0021,0x0021,0x0021,0x0021,0x0022,0x0022,0x0022,0x0042,0x0042,0x0042,0x0042,0x0042,0x0042,0x0042,0x0042,0x0042,
0x0062,0x0063,0x0062,0x0063,0x0063,0x0063,0x0063,0x0043,0x0022,0x0022,0x0022,0x0022,0x0023,0x0022,0x0023,0x0045,
0x0044,0x0024,0x0043,0x0023,0x0044,0x0044,0x0044,0x0044,0x0023,0x0023,0x0024,0x0087,0x0087,0x00C9,0x012D,0x012D,
0x00C9,0x0087,0x0023,0x0003,0x0023,0x0023,0x0023,0x0023,0x0023,0x0023,0x0023,0x0023,0x0023,0x0024,0x0045,0x0044,
0x0087,0x00A9,0x00A8,0x0087,0x0044,0x0024,0x0024,0x0024,0x0044,0x0045,0x0045,0x0045,0x0046,0x0045,0x0045,0x0046,
0x0066,0x0046,0x0067,0x0867,0x0867,0x1067,0x1867,0x2067,0x3047,0x3847,0x4027,0x5027,0x7027,0x7826,0x8826,0xA026,
0x8806,0x7026,0x5827,0x5027,0x4047,0x3046,0x2846,0x2847,0x1847,0x1867,0x1067,0x0887,0x0067,0x0066,0x0066,0x0066,
0x0065,0x0066,0x0066,0x0066,0x00CA,0x010C,0x00EB,0x010C,0x0190,0x012D,0x010C,0x00EB,0x010C,0x00EB,0x0088,0x010C,
0x0233,0x01F1,0x016F,0x0046,0x0023,0x0044,0x0023,0x0044,0x0045,0x0045,0x0044,0x0023,0x0023,0x0023,0x0024,0x0044,
0x0045,0x0045,0x0044,0x0023,0x0023,0x0044,0x0086,0x0087,0x0087,0x010B,0x01D0,0x0AF4,0x2397,0x1BB8,0x0BD9,0x03D9,
0x0BD9,0x0B37,0x0254,0x0212,0x01D0,0x012C,0x0088,0x00A8,0x00A7,0x00A7,0x0044,0x0044,0x0045,0x0087,0x0023,0x010B,
0x00EA,0x010B,0x1210,0x090A,0x0044,0x0023,0x0044,0x00A8,0x00A8,0x014C,0x018E,0x0086,0x0003,0x0024,0x0044,0x0024,
0x0024,0x0044,0x0044,0x0044,0x0044,0x0024,0x0044,0x0044,0x0044,0x0044,0x0044,0x0044,0x0044,0x0044,0x0044,0x0044,
0x0044,0x0044,0x0044,0x0065,0x0065,0x0044,0x0044,0x0044,0x0044,0x0065,0x0066,0x00C8,0x01CC,0x016A,0x014A,0x0109,
0x00E8,0x00E8,0x00C9,0x00A9,0x0087,0x0066,0x0045,0x0045,0x0044,0x0044,0x0045,0x0045,0x0045,0x0045,0x0065,0x0067,
0x0087,0x0087,0x00A8,0x00A8,0x0088,0x0067,0x0066,0x0045,0x0045,0x0045,0x0044,0x0044,0x0024,0x0024,0x0023,0x0023,
0x0000,0x0000,0x0000,0x0000,0x0000,0x0000,0x0020,0x0040,0x0040,0x1981,0x2A42,0x2A22,0x2A02,0x2A02,0x2A22,0x2A21,
0x2A21,0x2201,0x3282,0x32A2,0x11A1,0x1181,0x1160,0x1140,0x1141,0x1161,0x0900,0x0080,0x0040,0x0040,0x0040,0x0040,
0x0020,0x0020,0x0020,0x0020,0x0020,0x0020,0x0020,0x0020,0x0020,0x0020,0x0020,0x0020,0x0000,0x0000,0x0000,0x0000,
0x0020,0x0020,0x0040,0x0020,0x0020,0x0020,0x0020,0x0020,0x0020,0x0040,0x0020,0x0020,0x0020,0x0040,0x0041,0x0041,
0x0041,0x0041,0x0041,0x0021,0x0021,0x0042,0x0022,0x0042,0x0042,0x0062,0x0062,0x0062,0x0041,0x0042,0x0042,0x0062,
0x0062,0x0062,0x0062,0x0083,0x0083,0x0062,0x0063,0x0063,0x0043,0x0043,0x0023,0x0022,0x0022,0x0022,0x0002,0x0023,
0x0044,0x0065,0x00A7,0x0065,0x0043,0x0044,0x0065,0x0044,0x0044,0x0023,0x0024,0x0087,0x0066,0x0066,0x00C9,0x00CA,
0x0045,0x0044,0x0023,0x0003,0x0002,0x0023,0x0023,0x0023,0x0023,0x0023,0x0023,0x0023,0x0023,0x0024,0x0024,0x0024,
0x0088,0x00CA,0x00CA,0x00A9,0x0046,0x0044,0x0044,0x0044,0x0045,0x0045,0x0045,0x0045,0x0066,0x0045,0x0045,0x0066,
0x0046,0x0066,0x0067,0x0867,0x0867,0x1888,0x2067,0x2847,0x3047,0x4047,0x5047,0x7027,0x9007,0xA806,0xC026,0xD865,
0xB806,0xA006,0x9027,0x6827,0x4827,0x3847,0x3047,0x2847,0x2047,0x1868,0x1067,0x0887,0x0867,0x0066,0x0066,0x0066,
0x0045,0x0087,0x0087,0x0087,0x00CB,0x014E,0x014E,0x014D,0x012E,0x00EC,0x00EB,0x00A9,0x010C,0x0066,0x0066,0x014D,
0x01F3,0x01D0,0x00A9,0x0066,0x0024,0x0023,0x0023,0x0023,0x0023,0x0023,0x0023,0x0023,0x0024,0x0023,0x0024,0x0087,
0x00A8,0x0066,0x0024,0x0044,0x0044,0x0086,0x00A7,0x00A8,0x00C9,0x014D,0x018F,0x1293,0x12F6,0x02B4,0x0250,0x0271,
0x01F1,0x016F,0x01F2,0x018E,0x016D,0x010B,0x0065,0x0045,0x0066,0x0045,0x0065,0x0044,0x0044,0x0024,0x0044,0x00C9,
0x00C9,0x2230,0x098D,0x00A8,0x0086,0x0023,0x0044,0x010A,0x00C9,0x018E,0x01AF,0x00C9,0x00E9,0x0065,0x0044,0x0024,
0x0044,0x0044,0x0044,0x0044,0x0044,0x0044,0x0044,0x0044,0x0044,0x0045,0x0044,0x0044,0x0044,0x0044,0x0044,0x0044,
0x0044,0x0044,0x0065,0x0065,0x0045,0x0044,0x0044,0x0044,0x0065,0x0067,0x00E9,0x024F,0x0087,0x0045,0x0044,0x0024,
0x0044,0x0046,0x098E,0x014E,0x0068,0x0086,0x0045,0x0044,0x0044,0x0044,0x0045,0x0045,0x0045,0x0065,0x0087,0x00A8,
0x0089,0x008B,0x00AC,0x00AC,0x008B,0x008A,0x00A8,0x0087,0x0046,0x0045,0x0044,0x0044,0x0024,0x0024,0x0023,0x0023,
0x0000,0x0000,0x0000,0x0000,0x0000,0x0020,0x0040,0x0040,0x2A21,0x3AE2,0x3282,0x32A2,0x3262,0x2A22,0x2A42,0x2A42,
0x2A42,0x21E1,0x21C1,0x19A1,0x0920,0x08E0,0x08C0,0x08A0,0x08A0,0x00A0,0x0080,0x0080,0x0080,0x0080,0x0080,0x0080,
0x0060,0x0040,0x0060,0x0060,0x0040,0x0040,0x0060,0x0040,0x0040,0x0060,0x0060,0x0040,0x0020,0x0020,0x0020,0x0020,
0x0040,0x0060,0x0060,0x0060,0x0040,0x0040,0x0060,0x0080,0x0060,0x0060,0x0080,0x0040,0x0060,0x0080,0x0060,0x0041,
0x0061,0x0081,0x0061,0x0041,0x0041,0x0041,0x0042,0x0042,0x0062,0x0061,0x0081,0x00A2,0x0081,0x0061,0x0062,0x0082,
0x00C2,0x00C2,0x00A2,0x00A3,0x00C3,0x00C3,0x00A2,0x0062,0x0063,0x0043,0x0064,0x0064,0x0044,0x0023,0x0022,0x0022,
0x0022,0x0023,0x0066,0x0085,0x0023,0x0002,0x0065,0x00A7,0x0065,0x0024,0x0023,0x0066,0x0066,0x0044,0x0023,0x0066,
0x0066,0x0024,0x0023,0x0023,0x0023,0x0023,0x0023,0x0023,0x0023,0x0023,0x0023,0x0024,0x0024,0x0024,0x0045,0x0045,
0x0066,0x00C9,0x012C,0x010C,0x0087,0x0065,0x0045,0x0044,0x0045,0x0045,0x0045,0x0045,0x0045,0x0046,0x0046,0x0046,
0x0066,0x0067,0x0087,0x0867,0x1067,0x1867,0x2047,0x2847,0x3047,0x4047,0x6027,0x8007,0xB806,0xE005,0xF004,0xF8A4,
0xF005,0xE025,0xB806,0x7827,0x5827,0x4847,0x3847,0x2847,0x2048,0x1868,0x1888,0x1088,0x0868,0x0067,0x0067,0x0066,
0x0045,0x0087,0x00EA,0x00CA,0x010C,0x016F,0x01F2,0x0190,0x00EB,0x00EB,0x00CA,0x00EC,0x00CA,0x0066,0x00A9,0x00CA,
0x012D,0x012D,0x0045,0x0044,0x0044,0x0023,0x0023,0x0023,0x0024,0x0023,0x0023,0x0044,0x0045,0x0024,0x0045,0x00EA,
0x00CA,0x0066,0x0087,0x0087,0x0045,0x00A6,0x00E9,0x00E9,0x00C9,0x00EB,0x018F,0x0A94,0x09D0,0x00EA,0x0087,0x0045,
0x012D,0x00C9,0x00EB,0x00A8,0x0045,0x0065,0x0045,0x0065,0x0044,0x0044,0x0044,0x0044,0x0045,0x0087,0x0086,0x00C9,
0x016E,0x01F1,0x010B,0x0087,0x0024,0x00A7,0x016D,0x010B,0x00C9,0x01AF,0x014D,0x0087,0x00C8,0x0086,0x0044,0x0045,
0x0045,0x0044,0x0044,0x0044,0x0044,0x0044,0x0044,0x0044,0x0045,0x0045,0x0045,0x0044,0x0044,0x0044,0x0045,0x0045,
0x0065,0x0065,0x0065,0x0065,0x0044,0x0044,0x0045,0x0065,0x0066,0x00C8,0x026F,0x00A8,0x0045,0x0044,0x0044,0x0044,
0x0085,0x0027,0x2C17,0x46BE,0x0171,0x0069,0x0087,0x0045,0x0045,0x0044,0x0045,0x0045,0x0066,0x00A8,0x00AA,0x00EE,
0x1254,0x33F8,0x4CBA,0x44B9,0x2BB7,0x0A13,0x00CE,0x008A,0x00A8,0x0066,0x0045,0x0045,0x0024,0x0024,0x0023,0x0023,
0x0000,0x0000,0x0000,0x0000,0x0000,0x0040,0x0040,0x2A21,0x3260,0x0040,0x0060,0x0060,0x0040,0x0080,0x0040,0x0020,
0x0040,0x0060,0x0060,0x0040,0x0040,0x0060,0x0040,0x0020,0x0000,0x0020,0x0040,0x0060,0x0060,0x0060,0x0060,0x0040,
0x0040,0x00A0,0x0020,0x0040,0x0080,0x0040,0x0020,0x0060,0x0080,0x0040,0x0020,0x0060,0x0040,0x0020,0x0020,0x0040,
0x0080,0x0060,0x0060,0x0080,0x0080,0x0080,0x0080,0x0060,0x00A0,0x0080,0x0060,0x0080,0x00A0,0x0060,0x0060,0x00A0,
0x0080,0x0040,0x0061,0x0061,0x0041,0x0041,0x0062,0x0062,0x0061,0x00A1,0x00A1,0x0081,0x00A1,0x00C2,0x00A2,0x00E2,
0x00E2,0x00E2,0x00E3,0x00E3,0x0123,0x00E3,0x00A2,0x00A3,0x00A3,0x0084,0x00A5,0x00C8,0x00E9,0x0065,0x0044,0x0022,
0x0022,0x0023,0x0023,0x0044,0x0086,0x0002,0x0044,0x00E9,0x00EA,0x0044,0x0023,0x0065,0x0065,0x0023,0x0023,0x0023,
0x0044,0x0023,0x0024,0x0023,0x0023,0x0023,0x0023,0x0023,0x0024,0x0023,0x0024,0x0024,0x0024,0x0024,0x0045,0x0045,
0x0066,0x00EA,0x016E,0x016F,0x00EA,0x0087,0x0045,0x0045,0x0046,0x0045,0x0045,0x0045,0x0067,0x0088,0x0067,0x0067,
0x0067,0x0067,0x0888,0x1089,0x1068,0x2068,0x2868,0x3048,0x3847,0x5047,0x6827,0x9007,0xD805,0xF844,0xF9E2,0xFB21,
0xF982,0xF844,0xD806,0x9027,0x6827,0x5047,0x4047,0x3048,0x2048,0x2068,0x1889,0x1089,0x1088,0x0888,0x0088,0x0067,
0x0088,0x00A9,0x00CA,0x010C,0x01D2,0x0255,0x01B1,0x010C,0x00EB,0x014E,0x016F,0x00CB,0x0088,0x00A8,0x0088,0x0087,
0x0067,0x0045,0x0044,0x0044,0x0044,0x0024,0x0044,0x0044,0x0044,0x0044,0x0065,0x0065,0x0066,0x0088,0x00A8,0x010B,
0x0087,0x0045,0x00A8,0x00C8,0x00EA,0x01CF,0x0252,0x0A0F,0x018D,0x0210,0x0A51,0x01D0,0x012C,0x00EA,0x0066,0x010B,
0x016E,0x0086,0x0065,0x0065,0x0045,0x0045,0x0044,0x0044,0x0044,0x0044,0x0045,0x0045,0x0066,0x00EA,0x010B,0x018E,
0x1293,0x09CF,0x0086,0x0065,0x0024,0x010A,0x012B,0x0087,0x012B,0x018E,0x00A8,0x0066,0x0065,0x0044,0x0045,0x0065,
0x0065,0x0044,0x0065,0x0065,0x0065,0x0045,0x0045,0x0045,0x0045,0x0045,0x0045,0x0044,0x0044,0x0044,0x0044,0x0045,
0x0065,0x0045,0x0065,0x0065,0x0065,0x0065,0x0086,0x0045,0x00A7,0x026F,0x00A7,0x0024,0x0044,0x0044,0x0065,0x0046,
0x0067,0x008A,0x2418,0x67FF,0x473F,0x0A74,0x006A,0x0087,0x0045,0x0045,0x0045,0x0066,0x0088,0x00AC,0x1AF6,0x6E7E,
0x97FF,0x87FF,0x777F,0x775F,0x87FF,0x87FF,0x5E1D,0x12B6,0x00AD,0x0089,0x0066,0x0044,0x0024,0x0024,0x0023,0x0023,
0x0000,0x0000,0x0000,0x0000,0x0020,0x0020,0x21A1,0x3AC1,0x2AE3,0x5CC5,0x54E4,0x5CE5,0x6526,0x11E1,0x3B63,0x5CC6,
0x2222,0x0060,0x00A0,0x3B83,0x5CA5,0x1A01,0x0060,0x0060,0x0040,0x0040,0x0080,0x0080,0x32E3,0x5D05,0x5505,0x5525,
0x4C64,0x0961,0x5C86,0x3303,0x0060,0x2241,0x5464,0x11C1,0x0080,0x3363,0x4C24,0x00A0,0x0060,0x0040,0x0040,0x0060,
0x00C0,0x43E4,0x5CC5,0x1A41,0x00A0,0x0120,0x4444,0x54C5,0x09A1,0x3B84,0x5465,0x00E0,0x0981,0x54C6,0x3B44,0x0080,
0x1A22,0x5486,0x1A02,0x0060,0x0061,0x0061,0x0061,0x0061,0x00A1,0x00C1,0x3344,0x5CE7,0x2AE4,0x00E2,0x0102,0x1A84,
0x5D48,0x4467,0x0183,0x0103,0x1A85,0x5D08,0x4427,0x0103,0x00C3,0x00A4,0x00A4,0x00A6,0x00E8,0x00EA,0x010A,0x0086,
0x0023,0x0044,0x0086,0x0065,0x00C8,0x00A7,0x0086,0x012C,0x018E,0x0044,0x0023,0x0023,0x0023,0x0023,0x0023,0x0023,
0x0023,0x0023,0x0023,0x0023,0x0023,0x0024,0x0024,0x0024,0x0024,0x0024,0x0024,0x0045,0x0044,0x0024,0x0044,0x0045,
0x0066,0x0088,0x010B,0x0190,0x012D,0x00A9,0x0087,0x0045,0x0046,0x0045,0x0046,0x0046,0x0067,0x0088,0x0087,0x0088,
0x0088,0x0088,0x0889,0x1089,0x1888,0x2068,0x40CA,0x3868,0x4047,0x6027,0x8007,0xB806,0xF005,0xF901,0xFDCA,0xFFF9,
0xFBE3,0xF883,0xE806,0xA827,0x6827,0x5047,0x4048,0x3068,0x2868,0x2889,0x1869,0x1089,0x1089,0x0888,0x0088,0x00A9,
0x010C,0x00EB,0x00CA,0x010B,0x0213,0x0213,0x014E,0x012C,0x010C,0x00A8,0x00CA,0x0089,0x00CA,0x00A9,0x0067,0x0045,
0x0044,0x0045,0x0044,0x0065,0x0065,0x0045,0x0086,0x0045,0x0045,0x0087,0x00A7,0x0066,0x0067,0x0088,0x00C9,0x00EA,
0x0065,0x0065,0x0087,0x00EA,0x01D0,0x0294,0x12D5,0x2AD3,0x1A92,0x016C,0x0044,0x0086,0x0066,0x0065,0x0044,0x0087,
0x00C8,0x0066,0x0065,0x0045,0x0065,0x0045,0x0044,0x0065,0x0065,0x0065,0x0066,0x0065,0x0066,0x00A8,0x01AE,0x01F1,
0x1293,0x1252,0x00A8,0x0024,0x0086,0x014D,0x00EA,0x0045,0x012B,0x00EA,0x0024,0x0066,0x0086,0x0065,0x0065,0x0065,
0x0045,0x0065,0x0065,0x0065,0x0065,0x0065,0x0065,0x0065,0x0065,0x0065,0x0065,0x0045,0x0045,0x0044,0x0044,0x0044,
0x0045,0x0044,0x0044,0x0044,0x0044,0x0065,0x0066,0x0045,0x01AB,0x00C7,0x0024,0x0045,0x0044,0x0044,0x0045,0x09AD,
0x0AB3,0x000C,0x2458,0x3E7E,0x2CDB,0x4F5F,0x12F5,0x0089,0x0065,0x0045,0x0065,0x0086,0x00CC,0x3439,0x8FFF,0x6EFF,
0x23FB,0x0239,0x01F8,0x01F8,0x01F8,0x23DA,0x673F,0x7FFF,0x3439,0x00CC,0x0066,0x0045,0x0024,0x0024,0x0023,0x0023,
0x0000,0x0000,0x0000,0x0000,0x0040,0x0040,0x4322,0x0100,0x6D46,0xA7EA,0x6EA6,0x6EA7,0x8708,0x1A41,0x6DA7,0xAFEB,
0x6E27,0x00A0,0x1A21,0x97C9,0xA7EA,0x3BA4,0x0060,0x00A0,0x0080,0x0080,0x0060,0x11C1,0x97AA,0x8768,0x6EA6,0x76E7,
0x6586,0x0900,0x8F69,0x7EA8,0x00A0,0x6546,0xAFEA,0x5465,0x0080,0x8728,0x7687,0x0080,0x00A0,0x0080,0x0080,0x00A0,
0x00E0,0x86A9,0xA7EA,0x6DC7,0x0080,0x2AE2,0x9FE9,0x9FEA,0x1AC2,0x4CE6,0xAFEC,0x09A1,0x2B03,0xAFEB,0x7EC9,0x00C0,
0x54C5,0xAFEB,0x1A42,0x0080,0x00A1,0x00A1,0x00A2,0x0081,0x00A1,0x0161,0x86EA,0xA7EC,0x7E8A,0x01A2,0x0142,0x3BA6,
0x9FEB,0x97EA,0x2B65,0x0102,0x65A9,0xA7ED,0x7F0A,0x0204,0x0104,0x00C4,0x00A4,0x0084,0x00A6,0x00E8,0x00E8,0x0109,
0x00C7,0x0065,0x0065,0x0044,0x00A7,0x012B,0x010A,0x01AF,0x01AF,0x0087,0x0086,0x010A,0x0087,0x0044,0x0023,0x0023,
0x0023,0x0023,0x0024,0x0023,0x0024,0x0045,0x0044,0x0024,0x0045,0x0044,0x0024,0x0045,0x0045,0x0045,0x0044,0x0045,
0x0066,0x00A9,0x012E,0x018F,0x010C,0x012D,0x010B,0x00A8,0x0067,0x0067,0x0087,0x0067,0x0088,0x0088,0x0088,0x0088,
0x0089,0x0089,0x00A9,0x1089,0x1889,0x2069,0x412B,0x3889,0x4048,0x5027,0x7827,0xB006,0xF005,0xF941,0xFDA7,0xFF33,
0xFC03,0xF8C3,0xE825,0xA827,0x7027,0x5848,0x4048,0x3068,0x3089,0x288A,0x2089,0x1889,0x1089,0x0088,0x0088,0x00C9,
0x016E,0x0190,0x010C,0x010C,0x018F,0x014F,0x01B1,0x0214,0x01B0,0x00A9,0x0087,0x0088,0x00A9,0x00A8,0x0067,0x0045,
0x0045,0x0045,0x0065,0x0066,0x0066,0x0066,0x0066,0x0065,0x00A8,0x00A8,0x0066,0x0066,0x0066,0x0066,0x0044,0x0044,
0x0066,0x0066,0x010A,0x018D,0x01EF,0x0293,0x02B5,0x0295,0x0210,0x00E9,0x0066,0x0044,0x0044,0x0044,0x0044,0x0065,
0x0065,0x0065,0x0065,0x0065,0x0065,0x0044,0x0086,0x0086,0x0066,0x0066,0x00A8,0x00C9,0x00A8,0x012C,0x0AD4,0x01F1,
0x010B,0x00A8,0x0066,0x0023,0x00C8,0x010A,0x0024,0x0045,0x010A,0x0066,0x0087,0x00A8,0x0066,0x0065,0x0065,0x0065,
0x0044,0x0065,0x0065,0x0066,0x0066,0x0065,0x0065,0x0065,0x0065,0x0065,0x0066,0x0065,0x0065,0x0045,0x0044,0x0045,
0x0044,0x0044,0x0044,0x0044,0x0044,0x0045,0x0045,0x098A,0x00C7,0x0024,0x0064,0x0044,0x0023,0x0044,0x0025,0x12B2,
0x37FF,0x0B78,0x243A,0x3E3E,0x0177,0x4F9F,0x361C,0x006A,0x0065,0x0045,0x0065,0x0046,0x098F,0x6F9F,0x34DC,0x0198,
0x237B,0x661D,0x7F5F,0x775F,0x5DFD,0x2339,0x0177,0x3D3C,0x779F,0x096F,0x0046,0x0045,0x0044,0x0044,0x0044,0x0023,
0x0000,0x0000,0x0000,0x0020,0x0020,0x08E0,0x32E1,0x0080,0x6526,0x8F4A,0x0160,0x0100,0x00E0,0x00A0,0x6D86,0x8788,
0x8FC9,0x1A61,0x54E5,0x9FA9,0x8FA9,0x33A3,0x0080,0x0040,0x0020,0x0020,0x0020,0x2262,0x9FEB,0x33A3,0x0140,0x0160,
0x0100,0x0100,0x5D25,0x8F89,0x09C1,0x7647,0x97C9,0x6DA7,0x09A0,0x97CA,0x4464,0x00A0,0x0040,0x0020,0x0020,0x0080,
0x0120,0x7667,0x8768,0x8FA9,0x1261,0x6586,0x8F89,0x8FA9,0x1AE1,0x2303,0xA7EB,0x22C2,0x4445,0xA7EA,0x978A,0x0A81,
0x6E28,0x86E9,0x0140,0x0080,0x0040,0x0060,0x0061,0x00E2,0x0101,0x2B64,0x97CA,0x5D67,0x8FCA,0x1AC4,0x0122,0x33C5,
0x978B,0x8F8B,0x6DE9,0x1263,0x978C,0x976B,0x7ECB,0x0285,0x0185,0x0124,0x00A3,0x00C5,0x0086,0x00A8,0x0087,0x0087,
0x00C9,0x010B,0x0066,0x0024,0x0003,0x0066,0x010B,0x00CB,0x010D,0x018F,0x01F1,0x0234,0x00A8,0x0023,0x0044,0x0024,
0x0003,0x0024,0x0024,0x0044,0x0045,0x0045,0x0087,0x0087,0x0024,0x0045,0x0045,0x0045,0x0045,0x0045,0x0045,0x0045,
0x0066,0x0087,0x0088,0x00A8,0x00A9,0x00EB,0x016F,0x00EB,0x00A9,0x0088,0x0088,0x0088,0x0088,0x0089,0x0088,0x0088,
0x00AA,0x00AA,0x00AA,0x10AA,0x18AA,0x208A,0x414C,0x388A,0x4068,0x5048,0x7047,0xA807,0xE805,0xF8A4,0xFA42,0xFBE1,
0xF9E2,0xF824,0xD806,0x9027,0x6048,0x5048,0x4069,0x3069,0x30CA,0x30CB,0x208A,0x18AA,0x0889,0x0087,0x010B,0x012D,
0x01D2,0x01D1,0x012E,0x01B0,0x00EB,0x00CA,0x00EB,0x010C,0x00A9,0x0067,0x0045,0x0066,0x0087,0x0087,0x0088,0x00A9,
0x00A8,0x0088,0x00C9,0x00EA,0x010B,0x00A8,0x0066,0x0087,0x010C,0x014D,0x010B,0x00EA,0x00C9,0x0087,0x0066,0x0086,
0x0087,0x0087,0x00C9,0x00E9,0x00E9,0x00E9,0x0211,0x016E,0x014D,0x014C,0x00A7,0x0066,0x0087,0x0086,0x00E9,0x00A8,
0x0086,0x0086,0x0045,0x0065,0x0086,0x00A8,0x00A8,0x0087,0x00C8,0x010A,0x014C,0x00EA,0x016E,0x0253,0x0A93,0x00C8,
0x0023,0x0023,0x0023,0x0023,0x0065,0x0065,0x0044,0x00A8,0x0087,0x0044,0x00A7,0x00A7,0x0045,0x0045,0x0065,0x0065,
0x0065,0x0065,0x0065,0x0066,0x0065,0x0065,0x0086,0x0024,0x0045,0x0045,0x0045,0x0044,0x0044,0x0045,0x0045,0x0023,
0x0023,0x0003,0x0003,0x0023,0x0024,0x0044,0x096A,0x00C7,0x0024,0x0044,0x0044,0x0044,0x0044,0x0044,0x0086,0x008B,
0x0B56,0x37BF,0x471F,0x3EBE,0x3F1F,0x35FC,0x00EF,0x0088,0x0065,0x0045,0x0045,0x0066,0x00AA,0x01B2,0x0A37,0x663D,
0x9FFF,0x669E,0x349C,0x347B,0x665E,0x97FF,0x663D,0x09F6,0x0191,0x008A,0x0066,0x0045,0x0045,0x0004,0x0003,0x0003,
0x0000,0x0000,0x0000,0x0040,0x0020,0x1A00,0x2A80,0x0080,0x6546,0x97EA,0x86E8,0x8F29,0x6D87,0x0080,0x7608,0x6E67,
0x7688,0x7E68,0x8F29,0x5D25,0x8FA8,0x2B42,0x1161,0x6D65,0x6546,0x6DA7,0x3343,0x11A1,0x8F69,0x97E9,0x8F88,0x978A,
0x5D67,0x0160,0x3BE4,0x9FEA,0x33C3,0x8728,0x6606,0x7EE8,0x3BC3,0x97E9,0x1AA2,0x00C0,0x64E6,0x6566,0x6586,0x4C64,
0x0100,0x7EA7,0x6605,0x7668,0x7E88,0x8749,0x4D25,0x97CA,0x22E2,0x09C0,0x9FCB,0x44C5,0x7608,0x7E89,0x8F6A,0x3404,
0x7EE8,0x5D66,0x0060,0x3B84,0x6D87,0x6567,0x6DA8,0x1A63,0x0121,0x65E7,0x7EC8,0x01C1,0x8F6A,0x5D88,0x0203,0x3446,
0x97AC,0x4D47,0x8F4B,0x6E09,0x7689,0x6DE8,0x7F2A,0x02C5,0x0225,0x0A66,0x652D,0x2368,0x1267,0x1228,0x11E6,0x19C6,
0x1A07,0x11E8,0x11A5,0x1185,0x1185,0x0965,0x120A,0x0A4C,0x120B,0x0AB1,0x351C,0x451B,0x010A,0x00E7,0x00C7,0x014A,
0x022E,0x016B,0x00A7,0x0045,0x0087,0x014E,0x016F,0x0087,0x00C9,0x0066,0x0065,0x0045,0x0066,0x0087,0x0066,0x0066,
0x0066,0x0067,0x0087,0x00EA,0x012D,0x010C,0x01F2,0x01B1,0x014D,0x00A9,0x00A9,0x0089,0x0089,0x0089,0x0088,0x00A9,
0x00AA,0x00AA,0x08AA,0x18AB,0x20AB,0x288A,0x414C,0x38AA,0x4069,0x5068,0x6848,0x9828,0xE026,0xE806,0xF045,0xF185,
0xF805,0xF025,0xC027,0x7848,0x5869,0x4869,0x4069,0x2869,0x490A,0x38EB,0x188B,0x20CC,0x10CB,0x00A9,0x010C,0x01D1,
0x0255,0x01F2,0x0190,0x00EB,0x00AA,0x0067,0x0046,0x0045,0x0045,0x0045,0x0045,0x0066,0x0066,0x00A9,0x016F,0x0190,
0x010C,0x00A9,0x012C,0x0212,0x014E,0x00A8,0x0087,0x00A8,0x014D,0x012C,0x012D,0x012C,0x00C9,0x00C9,0x00C9,0x00C9,
0x00C9,0x00EA,0x00E9,0x00C8,0x00C9,0x00C8,0x0087,0x0045,0x012B,0x00C9,0x0087,0x00C9,0x00EA,0x00C9,0x00E9,0x00A7,
0x0065,0x00A7,0x0086,0x0065,0x00C9,0x00C9,0x0066,0x014C,0x01AF,0x01AF,0x01AF,0x018E,0x0B57,0x039A,0x02B5,0x0086,
0x0065,0x0045,0x0044,0x0044,0x0023,0x0023,0x0044,0x0044,0x0044,0x0023,0x0065,0x0065,0x0024,0x00A7,0x00A7,0x0065,
0x0066,0x0086,0x00A8,0x0066,0x0065,0x0064,0x00C8,0x020E,0x018C,0x00C8,0x00E7,0x00E7,0x00E7,0x0909,0x08E8,0x00E8,
0x0108,0x0107,0x0108,0x0129,0x014A,0x09CB,0x00C7,0x0024,0x0044,0x0044,0x0044,0x0044,0x0044,0x0044,0x0066,0x00A8,
0x00AC,0x0A76,0x4F7F,0x67FF,0x357C,0x00D0,0x00A9,0x0087,0x0045,0x0044,0x0044,0x0065,0x0087,0x0028,0x2B35,0x7F5F,
0x1B39,0x01D8,0x235A,0x235A,0x01B7,0x12D8,0x771F,0x2314,0x0028,0x0087,0x0065,0x0045,0x0065,0x0108,0x0129,0x0108,
0x0000,0x0000,0x0020,0x0040,0x08C0,0x6443,0x1160,0x0080,0x6527,0x8F89,0x4444,0x4424,0x3B63,0x00E0,0x7E48,0x6E07,
0x2BA2,0xAFEB,0x7687,0x1A81,0x97E9,0x2B22,0x1160,0x65A5,0x5D85,0x6DC7,0x3BA3,0x00C0,0x09C0,0x2B62,0x2342,0x65A7,
0x9FEB,0x09A0,0x11C1,0x8F88,0x6E27,0x8709,0x2B83,0x8F49,0x7668,0x8748,0x0160,0x00E0,0x6525,0x65A6,0x65A6,0x4C84,
0x0120,0x86E8,0x5DA5,0x2BA3,0xAFEB,0x6E07,0x2302,0x9FEB,0x2342,0x0180,0x7E89,0x7EA8,0x8F49,0x33E3,0x6E07,0x6E48,
0x978A,0x3C24,0x0080,0x3BC4,0x65A6,0x5D66,0x6587,0x1222,0x09E2,0x8F8A,0x8F8A,0x7609,0x97CB,0x876A,0x0243,0x2BA5,
0x97EA,0x1B03,0x7689,0xAFED,0x2BC5,0x6DC9,0x872B,0x0284,0x01C5,0x01C5,0x3C29,0x12A5,0x0984,0x0965,0x0965,0x0945,
0x1166,0x0946,0x0904,0x0945,0x1186,0x0904,0x0947,0x0989,0x09AA,0x01EE,0x1BD7,0x2C7A,0x01AF,0x00C7,0x00A6,0x016C,
0x01AC,0x00E8,0x010A,0x00EB,0x00A8,0x01D1,0x0254,0x0190,0x00EA,0x00A8,0x0066,0x0066,0x0066,0x0067,0x0087,0x0066,
0x0067,0x0067,0x0087,0x012D,0x01F2,0x01F3,0x0255,0x01D2,0x010D,0x00CB,0x00CB,0x00CB,0x00CB,0x00AA,0x00A9,0x00CA,
0x00CB,0x00AA,0x10CB,0x20EC,0x20AB,0x288A,0x410B,0x3069,0x4089,0x4869,0x5868,0x8848,0xA028,0xC007,0xB045,0xC146,
0xD007,0xC027,0xA028,0x6849,0x5069,0x408A,0x388A,0x286A,0x416D,0x396D,0x18AC,0x18CC,0x090E,0x012E,0x012E,0x0190,
0x0254,0x0275,0x0191,0x00AA,0x00A9,0x0067,0x0046,0x0045,0x0045,0x0066,0x0066,0x0067,0x0088,0x014D,0x01D1,0x0212,
0x00CA,0x00CA,0x01B1,0x01B0,0x01B0,0x016E,0x00C9,0x00E9,0x014E,0x01F1,0x01F1,0x00EA,0x00C9,0x00EA,0x00EA,0x00C9,
0x00EA,0x00E9,0x00C9,0x00C9,0x00C9,0x00A8,0x010B,0x01EF,0x0230,0x01AE,0x014B,0x01CF,0x010A,0x00A7,0x0065,0x0065,
0x0086,0x00E9,0x00A7,0x0066,0x00A7,0x00A8,0x012B,0x0211,0x016E,0x01D0,0x0212,0x02B5,0x0BBA,0x0212,0x010A,0x00C8,
0x0045,0x0044,0x0045,0x0044,0x0043,0x0044,0x0024,0x0044,0x0044,0x0044,0x0044,0x0044,0x0065,0x00E9,0x00A8,0x0045,
0x0045,0x0086,0x012A,0x00A6,0x08C7,0x0087,0x00C8,0x01AC,0x0109,0x00A6,0x00A6,0x00A7,0x00A7,0x00C7,0x012A,0x00C8,
0x00C7,0x00C7,0x00C7,0x00C7,0x0108,0x00C6,0x0024,0x0044,0x0044,0x0044,0x0044,0x0044,0x0044,0x0044,0x0066,0x00A8,
0x00CE,0x13B9,0x57BF,0x5FFF,0x2DFD,0x0171,0x0089,0x0086,0x0045,0x0044,0x0044,0x0045,0x0066,0x0087,0x00CB,0x0152,
0x2359,0x7F9F,0x8FFF,0x8FFF,0x779F,0x1B59,0x0131,0x00CB,0x0087,0x0046,0x0045,0x0045,0x00A8,0x01EE,0x016A,0x016A,
0x0000,0x0000,0x0020,0x0020,0x1160,0x5382,0x00A0,0x00C0,0x6567,0x8F69,0x00C0,0x0020,0x0060,0x00A0,0x7E27,0x7667,
0x0120,0x65A6,0x2B43,0x1A21,0x9FEA,0x3383,0x0080,0x0060,0x0040,0x0040,0x0060,0x0960,0x4404,0x3BE4,0x3383,0x6DC7,
0x9FEB,0x11A1,0x00C0,0x7E68,0x9FEA,0x7667,0x0980,0x86E8,0xA7EA,0x6DE7,0x00C0,0x00C0,0x0040,0x0020,0x0020,0x0080,
0x0120,0x8F0A,0x6E07,0x0160,0x65A6,0x2282,0x22A2,0xA7EC,0x2363,0x0100,0x5CE6,0x9FE9,0x97E9,0x11E1,0x4CC6,0x9FEB,
0x97AA,0x1242,0x00C0,0x00A0,0x0040,0x0040,0x0080,0x00C0,0x4486,0x9FEB,0x5D87,0x5D67,0x65C7,0x9FEB,0x2B24,0x2AE4,
0xA7ED,0x12E4,0x33C5,0x6DE9,0x01A3,0x760A,0x870B,0x01C3,0x0123,0x00C3,0x00C3,0x00A3,0x0064,0x0044,0x0044,0x0023,
0x0023,0x0023,0x0003,0x0003,0x0003,0x0002,0x0003,0x0024,0x0066,0x010C,0x00EB,0x0046,0x014D,0x010B,0x00CB,0x0191,
0x00A9,0x0003,0x0024,0x00EA,0x012C,0x014D,0x01F1,0x02F7,0x01D1,0x00CA,0x00C9,0x010B,0x0088,0x00A8,0x0088,0x00A8,
0x0088,0x0087,0x0088,0x014E,0x0213,0x02F8,0x0338,0x0255,0x014F,0x00ED,0x00CB,0x00EC,0x00EC,0x010D,0x00EB,0x00EC,
0x012E,0x010D,0x08ED,0x18ED,0x28CC,0x28AC,0x8B72,0x8310,0x3029,0x488A,0x5069,0x6848,0x7848,0x8808,0xA927,0xA987,
0x8808,0x8048,0x7848,0x6869,0x5089,0x388A,0x38AA,0x206A,0x498E,0x41AF,0x18CC,0x18EC,0x090E,0x012E,0x010D,0x00EB,
0x010C,0x01B0,0x016F,0x010D,0x00EB,0x00A9,0x0067,0x0066,0x0065,0x0045,0x0066,0x00C9,0x00EA,0x010B,0x014D,0x01B0,
0x01AF,0x0213,0x0213,0x0190,0x0213,0x0213,0x014D,0x00EA,0x01D0,0x0254,0x016E,0x018F,0x01F1,0x012C,0x014D,0x016E,
0x010B,0x00C9,0x00A7,0x00C8,0x012B,0x01EF,0x02D4,0x02F4,0x01CD,0x01AE,0x0A92,0x0210,0x012B,0x0086,0x014A,0x014B,
0x00A7,0x0086,0x0086,0x00C7,0x010A,0x01AF,0x0210,0x0294,0x012D,0x01D0,0x01D1,0x02D6,0x0296,0x0190,0x00C9,0x00C9,
0x0066,0x0086,0x0023,0x0023,0x0044,0x0023,0x0023,0x0044,0x0045,0x0044,0x0023,0x0023,0x0086,0x014B,0x010A,0x010A,
0x010A,0x00A7,0x198D,0x298B,0x218B,0x0087,0x0065,0x0024,0x0044,0x0044,0x0044,0x0045,0x0024,0x00E9,0x00C8,0x0023,
0x0044,0x0023,0x0044,0x0044,0x0044,0x0044,0x0044,0x0044,0x0044,0x0044,0x0044,0x0044,0x0044,0x0065,0x0087,0x00AC,
0x1C59,0x4FFF,0x3EBF,0x36BE,0x2E7E,0x369E,0x01D2,0x0089,0x0065,0x0045,0x0044,0x0044,0x0045,0x0066,0x00A8,0x006A,
0x3CB8,0x4DFD,0x0257,0x0A77,0x565D,0x2C58,0x006A,0x0088,0x0067,0x0066,0x0066,0x0025,0x014B,0x016B,0x0003,0x0003,
0x0000,0x0000,0x0020,0x0020,0x1140,0x5362,0x00A0,0x0080,0x5C86,0x7667,0x0120,0x00A0,0x00C0,0x00A0,0x6566,0x6586,
0x00A0,0x00A0,0x0080,0x2242,0x8F29,0x2B02,0x0060,0x00A0,0x0060,0x0080,0x0060,0x19E1,0x9749,0x8F69,0x8749,0x8F69,
0x54C5,0x00E0,0x00A0,0x4C85,0x8F49,0x4484,0x00A0,0x5D26,0x8F49,0x3BE4,0x0040,0x0080,0x0080,0x0080,0x0080,0x00A0,
0x00C0,0x7608,0x5D46,0x00C0,0x00A0,0x00A0,0x22C2,0x8F2A,0x22C2,0x0060,0x2AC3,0x8F49,0x6E47,0x0160,0x2B63,0x8F4A,
0x65E7,0x0100,0x00A0,0x00A0,0x00C1,0x00A1,0x00E1,0x00E1,0x6DC8,0x6E07,0x00C0,0x00A0,0x01A2,0x7ECA,0x54E7,0x22E4,
0x8F2B,0x1AC4,0x0102,0x0143,0x0143,0x6568,0x7609,0x00E2,0x00C3,0x00A3,0x00A3,0x0083,0x0064,0x0064,0x0043,0x0043,
0x0043,0x0043,0x0043,0x0043,0x0043,0x0043,0x0043,0x0023,0x0044,0x0087,0x00C9,0x0044,0x0045,0x00A8,0x0087,0x00EB,
0x00EA,0x0087,0x0024,0x0066,0x010B,0x014D,0x018F,0x0213,0x0212,0x012D,0x018F,0x016E,0x00C9,0x00CA,0x010C,0x00EC,
0x00AA,0x00A9,0x00A9,0x00CB,0x01B0,0x01F2,0x0295,0x0319,0x0235,0x0214,0x0170,0x014F,0x014F,0x0170,0x00EC,0x010D,
0x010D,0x00EC,0x08ED,0x20ED,0x20CC,0x414D,0xB4B5,0xC4F5,0x3809,0x48AA,0x4869,0x5869,0x6068,0x6049,0x70C7,0xA1E7,
0x6049,0x6869,0x6069,0x5869,0x488A,0x38AA,0x30AB,0x208B,0x416D,0x314E,0x18CC,0x20ED,0x08ED,0x00EB,0x00CA,0x00A9,
0x00AA,0x00CA,0x00CA,0x00EB,0x00EB,0x00AA,0x00A9,0x0088,0x0086,0x00A8,0x010C,0x014F,0x00EB,0x012E,0x01F3,0x0297,
0x02F8,0x035A,0x0254,0x0214,0x02B7,0x0233,0x010B,0x016D,0x0295,0x02D7,0x0295,0x0274,0x0190,0x0232,0x0253,0x0253,
0x01CF,0x010A,0x010A,0x016C,0x01EF,0x0210,0x12F4,0x4396,0x01AF,0x2B14,0x3B96,0x018D,0x00C9,0x00A7,0x014B,0x00A8,
0x0087,0x0086,0x0086,0x00C8,0x012A,0x010A,0x00E9,0x016D,0x012B,0x010B,0x012B,0x014E,0x01B0,0x018F,0x016E,0x0087,
0x0086,0x0085,0x0043,0x0043,0x0044,0x0044,0x0024,0x0044,0x0044,0x0044,0x0023,0x0023,0x014B,0x01AD,0x00A8,0x012A,
0x016C,0x194B,0x090A,0x00A7,0x0886,0x0065,0x0044,0x0045,0x0044,0x0045,0x0065,0x0045,0x0044,0x0065,0x0045,0x0044,
0x0044,0x0044,0x0064,0x0065,0x0065,0x0064,0x0044,0x0044,0x0044,0x0044,0x0044,0x0044,0x0044,0x0065,0x0047,0x0AF4,
0x47BF,0x12F8,0x1C5B,0x3E5E,0x0158,0x479F,0x3E3D,0x008B,0x0066,0x0044,0x0023,0x0023,0x0044,0x0045,0x0066,0x0088,
0x00AC,0x0133,0x33FA,0x33D9,0x0132,0x00AB,0x0088,0x0066,0x0066,0x0066,0x0046,0x00E9,0x026F,0x00C7,0x0044,0x0044,
0x0000,0x0000,0x0020,0x0020,0x1140,0x5342,0x0040,0x0080,0x0100,0x0120,0x00C0,0x0080,0x00A0,0x00C0,0x0120,0x0120,
0x00E0,0x00E0,0x00C0,0x00C0,0x0120,0x00E0,0x00A0,0x0080,0x0060,0x0060,0x0080,0x00C0,0x0120,0x0140,0x0120,0x0140,
0x00C0,0x00A0,0x00C0,0x0120,0x0160,0x0100,0x00E0,0x0140,0x09A0,0x0120,0x00C0,0x0080,0x0040,0x0060,0x0060,0x00A0,
0x00E0,0x0120,0x0100,0x00A0,0x00A0,0x00A0,0x00E0,0x0140,0x00E0,0x0080,0x00E0,0x0160,0x0160,0x0120,0x0160,0x01C0,
0x0180,0x0100,0x00C0,0x00A0,0x0081,0x0081,0x00A1,0x0101,0x0982,0x0161,0x0101,0x00E1,0x0122,0x01A2,0x01C2,0x01C2,
0x01C3,0x0122,0x00E2,0x0103,0x0143,0x01A4,0x0183,0x00E3,0x00A3,0x00A3,0x0083,0x0063,0x0063,0x0063,0x0063,0x0043,
0x0063,0x0063,0x0063,0x0063,0x0063,0x0043,0x0043,0x0043,0x0023,0x0044,0x0066,0x0065,0x0024,0x0044,0x0045,0x0045,
0x0065,0x00EA,0x00E9,0x00C9,0x012C,0x012D,0x018F,0x1253,0x1233,0x0A73,0x016E,0x018F,0x018F,0x018E,0x01D0,0x018F,
0x010C,0x00EB,0x00EB,0x014E,0x0190,0x016F,0x016E,0x012D,0x0274,0x0297,0x0170,0x012F,0x012E,0x012E,0x010C,0x00EB,
0x00EC,0x00EB,0x08EC,0x18CC,0x20CC,0x414E,0xB4B5,0xBC73,0x3809,0x40AA,0x4069,0x4869,0x5069,0x488A,0x5086,0x91E8,
0x508B,0x508A,0x506A,0x486A,0x408A,0x38AB,0x28AB,0x20AC,0x59EE,0x8C14,0x292E,0x210E,0x112E,0x00EC,0x00CA,0x00C9,
0x00CA,0x00EB,0x00CB,0x00CA,0x00CA,0x00CB,0x00EB,0x010B,0x010C,0x016E,0x01D2,0x01B2,0x01B0,0x0255,0x02D8,0x0339,
0x043C,0x047C,0x0255,0x0297,0x02F9,0x0254,0x01D0,0x018F,0x0212,0x0359,0x043C,0x0359,0x0317,0x03FB,0x0358,0x0211,
0x014C,0x01EF,0x0231,0x0210,0x12D3,0x0A52,0x2B55,0x5C59,0x33B8,0x443A,0x0252,0x00C9,0x00E9,0x00A8,0x00A8,0x0087,
0x00A7,0x00A7,0x00A8,0x012B,0x014C,0x016D,0x016D,0x010A,0x00C9,0x012C,0x016D,0x00C9,0x00C9,0x010B,0x012C,0x00C9,
0x0065,0x0045,0x0044,0x0044,0x0044,0x0044,0x0044,0x0044,0x0044,0x0044,0x0044,0x0044,0x0087,0x00EA,0x094B,0x118D,
0x29CD,0x196B,0x00A8,0x08E7,0x31CC,0x00C9,0x0065,0x0045,0x0044,0x0065,0x0065,0x0045,0x0045,0x0065,0x0065,0x0044,
0x0044,0x0044,0x0044,0x0044,0x0044,0x0044,0x0044,0x0044,0x0044,0x0044,0x0044,0x0044,0x0044,0x0065,0x0087,0x016D,
0x0211,0x004E,0x2459,0x369F,0x2D7D,0x46FE,0x0A33,0x0088,0x0065,0x0044,0x0023,0x0023,0x0044,0x0044,0x0045,0x0087,
0x0069,0x2335,0x97FF,0x97FF,0x1AF5,0x0068,0x0086,0x0066,0x0066,0x0047,0x00EA,0x0251,0x00A8,0x0025,0x0044,0x0023,
0x0000,0x0000,0x0020,0x0020,0x1140,0x5343,0x0040,0x0060,0x00A0,0x0080,0x0080,0x0080,0x0060,0x0080,0x00C0,0x00C0,
0x00A0,0x00A0,0x0080,0x0080,0x00A0,0x00A0,0x0080,0x0080,0x0080,0x0080,0x00A0,0x0080,0x0080,0x00A0,0x00A0,0x00A0,
0x00C0,0x0060,0x0080,0x00A0,0x0080,0x0080,0x00C0,0x00C0,0x00C0,0x00E0,0x00A0,0x0080,0x0080,0x0060,0x0080,0x00A0,
0x00A0,0x0080,0x00A0,0x0080,0x0060,0x0060,0x0080,0x0080,0x00A0,0x0080,0x00A0,0x00C0,0x00C0,0x00A0,0x00C0,0x00E0,
0x0100,0x00C0,0x00C0,0x00A0,0x0080,0x00A1,0x00C1,0x00E1,0x00E1,0x0101,0x00E1,0x00E1,0x00C1,0x00C1,0x00C1,0x00E2,
0x0102,0x00E3,0x00C3,0x00C3,0x00E3,0x00E3,0x00E3,0x00A2,0x00C3,0x00A3,0x0083,0x0083,0x0083,0x0063,0x0063,0x0083,
0x0063,0x0083,0x0082,0x0083,0x0063,0x0063,0x0063,0x0043,0x0023,0x0023,0x0045,0x0045,0x0044,0x0045,0x0066,0x0065,
0x0066,0x010C,0x018F,0x018F,0x0212,0x02B5,0x0274,0x02B6,0x0296,0x0B17,0x0274,0x02F7,0x02B5,0x0211,0x016D,0x01D0,
0x016F,0x018E,0x0273,0x02B6,0x01F3,0x012E,0x010D,0x012E,0x01F3,0x0191,0x014F,0x0990,0x09AF,0x0990,0x014E,0x00AA,
0x00EC,0x012E,0x090D,0x210E,0x312F,0x498F,0xB4B5,0xB474,0x300A,0x40AA,0x408A,0x408A,0x488A,0x30AB,0x58C7,0x91E8,
0x388C,0x408A,0x408A,0x408A,0x388B,0x30AB,0x30CC,0x190D,0x82D0,0xEF5B,0x4A31,0x18EF,0x0950,0x014F,0x012D,0x010C,
0x010C,0x010C,0x00EC,0x00CB,0x00EC,0x012E,0x012D,0x014D,0x016E,0x01D1,0x02D5,0x02B5,0x0295,0x02D6,0x0359,0x039A,
0x045B,0x04FD,0x03DB,0x03DB,0x03DB,0x0255,0x0234,0x0212,0x01D1,0x03BA,0x045D,0x03FB,0x041A,0x045B,0x0252,0x016E,
0x1210,0x1B14,0x0337,0x0B77,0x53F7,0x74B9,0x651B,0x4CDC,0x343B,0x0B37,0x018E,0x012B,0x0087,0x0087,0x00A7,0x00A7,
0x00A8,0x00A7,0x00EA,0x012C,0x012C,0x010A,0x00C9,0x00C9,0x010B,0x012B,0x00EA,0x00A8,0x00C9,0x00CA,0x00A8,0x0065,
0x0086,0x0045,0x0045,0x0044,0x0044,0x0044,0x0044,0x0044,0x0044,0x0044,0x0086,0x096C,0x11CD,0x098D,0x198D,0x320F,
0x4A4E,0x31EE,0x00E8,0x08C7,0x096B,0x0045,0x0044,0x0045,0x0065,0x0065,0x0065,0x0044,0x0065,0x0065,0x0044,0x0044,
0x0044,0x0044,0x0045,0x0045,0x0044,0x0044,0x0044,0x0044,0x0044,0x0044,0x0065,0x0065,0x0065,0x0065,0x00A7,0x00A9,
0x00C9,0x008B,0x2419,0x57FF,0x3E9E,0x01B2,0x0069,0x0066,0x0045,0x0044,0x0044,0x0044,0x0044,0x0044,0x0044,0x0066,
0x0067,0x09F1,0x671E,0x6EFE,0x09F1,0x0067,0x0066,0x0086,0x0088,0x016D,0x0313,0x00C9,0x0045,0x0044,0x0023,0x0023,
0x0000,0x0000,0x0020,0x0040,0x1140,0x5343,0x0040,0x0080,0x00C0,0x1A41,0x2282,0x2241,0x2221,0x0920,0x00A0,0x11A0,
0x2282,0x2262,0x2262,0x11E1,0x0120,0x1A21,0x2262,0x1A41,0x1A41,0x11C1,0x0080,0x0080,0x0080,0x0080,0x0080,0x00A0,
0x00C0,0x19E1,0x1181,0x0060,0x0060,0x00A0,0x00A0,0x09A1,0x22A2,0x1A81,0x1A21,0x11C1,0x00E0,0x11E1,0x1A62,0x1A41,
0x1A41,0x11E1,0x00A0,0x00A0,0x0060,0x0060,0x0060,0x0080,0x00C0,0x1A22,0x1A02,0x00C0,0x00A0,0x11C1,0x1A22,0x0100,
0x0100,0x1A42,0x1A82,0x1A62,0x1A22,0x0121,0x0982,0x1A83,0x1AA3,0x1A83,0x1A63,0x0122,0x00C1,0x00A2,0x0082,0x00A2,
0x00A2,0x0103,0x1A45,0x11C4,0x00E3,0x00C2,0x0923,0x2225,0x09A4,0x1205,0x1A05,0x00A3,0x0083,0x11A4,0x19E5,0x00E3,
0x11A4,0x2244,0x1A64,0x1A65,0x2225,0x00C3,0x0063,0x0043,0x0023,0x0023,0x0024,0x0045,0x0044,0x0045,0x0045,0x0066,
0x0067,0x00A9,0x018F,0x01B1,0x018F,0x0295,0x02F7,0x03DC,0x039B,0x1C3B,0x049E,0x03BB,0x02F7,0x0273,0x01D0,0x02B6,
0x0B37,0x0232,0x02F7,0x02F7,0x02B7,0x0296,0x0275,0x12F7,0x1318,0x12F7,0x012E,0x00CB,0x00EC,0x094E,0x11F2,0x0A12,
0x2A94,0x3275,0x2171,0x2930,0x310F,0x414F,0xB4B5,0xBC75,0x300B,0x40AB,0x388B,0x388B,0x408B,0x28CC,0x4086,0x9A06,
0x388B,0x388A,0x388B,0x38AB,0x388B,0x30CC,0x20EC,0x110D,0x7A8F,0xE6D9,0x4A11,0x18CE,0x090D,0x010C,0x010C,0x012C,
0x016E,0x01AF,0x018F,0x014C,0x00EB,0x00EB,0x00AA,0x00CB,0x012C,0x014E,0x01F1,0x02D5,0x01F2,0x01F1,0x0294,0x0254,
0x01D2,0x0213,0x02B5,0x0358,0x03BA,0x0399,0x03FA,0x041C,0x039A,0x041C,0x043D,0x0379,0x0378,0x02D5,0x01F0,0x018E,
0x0A73,0x2B97,0x2C1A,0x861E,0x7DDD,0x449C,0x0253,0x01F1,0x02D6,0x012D,0x00C9,0x00A9,0x0087,0x00A8,0x00A8,0x00A8,
0x00E9,0x00C8,0x00A7,0x00E9,0x010A,0x00C9,0x00EA,0x010B,0x00EB,0x00EA,0x010A,0x010A,0x010A,0x00C8,0x0044,0x0044,
0x0066,0x0044,0x0044,0x0044,0x0044,0x0065,0x0044,0x00A7,0x0066,0x0044,0x0044,0x010A,0x222F,0x0908,0x00E9,0x62AF,
0x8B2E,0x31ED,0x00C8,0x0087,0x00A7,0x0044,0x0044,0x0045,0x0086,0x0065,0x0065,0x0044,0x0065,0x0065,0x0045,0x0065,
0x0044,0x0044,0x0045,0x0045,0x0065,0x0065,0x0045,0x0045,0x0044,0x0065,0x0086,0x0086,0x0086,0x0066,0x00A7,0x00E9,
0x00C8,0x0048,0x1BD7,0x2E3D,0x0131,0x00A9,0x0086,0x0045,0x0045,0x0044,0x0044,0x0044,0x0044,0x0044,0x0044,0x0065,
0x0086,0x0089,0x014F,0x014E,0x0088,0x0066,0x0066,0x0088,0x018E,0x0BB6,0x012B,0x0046,0x0065,0x0044,0x0043,0x0023,
0x0000,0x0000,0x0020,0x0020,0x1140,0x5343,0x0060,0x0080,0x43A4,0xA7CA,0x97E9,0x97C9,0xAFEA,0x3282,0x1141,0x8F08,
0x9FE9,0x97C9,0xAFEB,0x75A7,0x00C0,0x8688,0xA7EA,0x9FCA,0x97C9,0x8F89,0x22C2,0x0060,0x0080,0x0060,0x0080,0x00A0,
0x0100,0x8F49,0x5D25,0x0000,0x0080,0x0080,0x19E1,0x8F09,0x97E9,0x8FA8,0x9FE9,0x6DE7,0x0060,0x7607,0x9FE9,0x97A9,
0x97C9,0x97AA,0x3343,0x0080,0x00A0,0x0060,0x0080,0x00A0,0x0100,0x8EEA,0x7628,0x00C0,0x0080,0x6586,0x8708,0x00E0,
0x54A6,0xA7EB,0x97CA,0x97EA,0x9FAB,0x11C2,0x3BA5,0xA7EC,0x8FAA,0x97AA,0x97EA,0x5D68,0x0102,0x00C2,0x00A2,0x00A2,
0x00C3,0x0103,0x868A,0x868A,0x0143,0x00C2,0x43C6,0xAFEC,0x1A03,0x75EA,0x868B,0x0124,0x00E4,0x6D8A,0x8ECC,0x0082,
0x75CA,0xA7EC,0x97AB,0x97CA,0x974A,0x1164,0x0043,0x0064,0x0044,0x0044,0x0044,0x0046,0x0045,0x0045,0x0046,0x0067,
0x0088,0x0088,0x00AA,0x010D,0x012D,0x00EC,0x014E,0x02B6,0x0213,0x143B,0x0D9F,0x04DE,0x045D,0x02D8,0x0275,0x043C,
0x03FA,0x0276,0x23B9,0x343A,0x347B,0x23B8,0x0295,0x1BBA,0x3C7C,0x5D1F,0x4337,0x3293,0x32B5,0x3358,0x1B37,0x014E,
0x21F1,0x31B1,0x212E,0x312F,0x310F,0x4970,0xB4D6,0xC4B4,0x408B,0x38CC,0x308B,0x308B,0x308B,0x20CB,0x3085,0xBB68,
0x38CB,0x388B,0x40CC,0x38AC,0x30AC,0x30CC,0x18EC,0x10EC,0x726F,0xE6F9,0x4A51,0x18EE,0x110D,0x010C,0x010B,0x00CA,
0x00CA,0x010B,0x010B,0x016C,0x016D,0x018E,0x018F,0x014D,0x00EB,0x00EC,0x012D,0x00EC,0x010C,0x012C,0x014D,0x016F,
0x018F,0x012D,0x012D,0x016F,0x01B1,0x01D1,0x0273,0x0356,0x03F9,0x053D,0x0DBF,0x0358,0x02B5,0x0274,0x0295,0x01F1,
0x0B17,0x44FD,0x9E7F,0x4CFC,0x0C3C,0x02B7,0x010C,0x00EB,0x012C,0x014C,0x014C,0x012B,0x00EA,0x00C9,0x00A8,0x00C8,
0x00C9,0x00A7,0x00C8,0x012B,0x012B,0x012B,0x012B,0x00EA,0x00C9,0x00E9,0x010A,0x010A,0x010B,0x00C8,0x0044,0x0045,
0x0065,0x0044,0x0044,0x0044,0x0065,0x0065,0x0086,0x012B,0x08E9,0x0023,0x0003,0x010A,0x018E,0x014C,0x016D,0x420C,
0x420C,0x4A6F,0x096C,0x00A7,0x0045,0x0045,0x0044,0x0065,0x00A8,0x0065,0x0045,0x0045,0x0045,0x0065,0x0065,0x0065,
0x0065,0x0065,0x0045,0x0045,0x0065,0x0065,0x0065,0x0045,0x0044,0x0065,0x0066,0x0087,0x0087,0x0087,0x00E9,0x00C9,
0x0066,0x0087,0x010B,0x010C,0x00A8,0x0087,0x0066,0x0065,0x0044,0x0044,0x0044,0x0044,0x0044,0x0044,0x0044,0x0065,
0x0065,0x0066,0x0066,0x0066,0x0065,0x0045,0x0046,0x012C,0x0BB6,0x014D,0x0046,0x0065,0x0044,0x0043,0x0023,0x0023,
0x0000,0x0000,0x0020,0x0040,0x1140,0x5363,0x00A0,0x00A0,0x7607,0x86C9,0x09C0,0x1220,0x1A81,0x0120,0x3B63,0xA7EB,
0x2B02,0x09E0,0x1A81,0x09A1,0x00A0,0x7EC7,0x7647,0x09A1,0x1AE1,0xA7EB,0x5D46,0x0060,0x0080,0x0040,0x0040,0x0080,
0x0140,0x8F68,0x5D66,0x0060,0x00A0,0x0040,0x3343,0xA7EA,0x2B03,0x0980,0x1A61,0x09E0,0x00C0,0x7E88,0x7E67,0x09C0,
0x1AC2,0xA7AC,0x6DC7,0x0080,0x0080,0x0040,0x0060,0x00A0,0x0140,0x86E9,0x6E27,0x00E0,0x00C0,0x65C7,0x7F08,0x00E0,
0x8EEA,0x6DE7,0x0A01,0x12A2,0x1283,0x0141,0x3C05,0x9FEB,0x2304,0x0961,0x5D87,0x97CB,0x0942,0x0082,0x00A3,0x00A3,
0x00A3,0x00E3,0x4487,0x9FED,0x1A85,0x0102,0x7E6B,0x7ECA,0x0081,0x7629,0x6E48,0x0083,0x0083,0x658A,0x8EEC,0x0061,
0x7629,0x86CA,0x0A05,0x0A05,0x09A4,0x00A3,0x0064,0x0065,0x0045,0x0046,0x0045,0x0045,0x0066,0x0045,0x0046,0x0087,
0x00A9,0x0088,0x00A9,0x0089,0x00EB,0x0295,0x0318,0x0191,0x014F,0x02F8,0x1E5F,0x26DF,0x0C9B,0x13DA,0x0C3B,0x0BFA,
0x345B,0x6DDE,0x551D,0x44BC,0x1359,0x2BD9,0x445A,0x09F1,0x3C5B,0x2B79,0x3B17,0x5399,0x32F7,0x1BDA,0x3C5B,0x3AB6,
0x2191,0x2950,0x2970,0x49F0,0x3130,0x51B1,0xBD17,0xB4B5,0x38CC,0x30CC,0x288B,0x288A,0x308A,0x18AB,0x40C6,0xB349,
0x30CC,0x40AC,0x490D,0x38AC,0x38CC,0x30CC,0x18EC,0x110C,0x7A8F,0xE6FA,0x5273,0x18EF,0x294E,0x216E,0x00EB,0x00CA,
0x00CA,0x00A9,0x00A9,0x0089,0x00A9,0x010C,0x018F,0x0210,0x0211,0x01AF,0x016E,0x014E,0x014D,0x01CF,0x01CF,0x01D0,
0x01F0,0x01F0,0x01CF,0x01AF,0x01F0,0x01F1,0x12D5,0x1AB5,0x2B17,0x2B99,0x1C19,0x0C9B,0x0CBA,0x0CBB,0x0337,0x0274,
0x041A,0x157F,0x459E,0x0C5C,0x0275,0x1316,0x01D0,0x012C,0x00EA,0x00EA,0x010A,0x014C,0x012B,0x010A,0x010A,0x00E9,
0x010A,0x00EA,0x010A,0x00E9,0x00E9,0x012B,0x00E9,0x00EA,0x010A,0x010A,0x010B,0x010B,0x00E9,0x0086,0x0064,0x0044,
0x0044,0x0044,0x0044,0x0045,0x0044,0x0086,0x016C,0x3AB0,0x112A,0x00A7,0x00EA,0x29EE,0x19AD,0x010A,0x0086,0x0045,
0x0066,0x118D,0x00C9,0x0023,0x0044,0x0044,0x0045,0x00A8,0x0087,0x0045,0x0045,0x0044,0x0044,0x0065,0x0065,0x0065,
0x0065,0x0065,0x0065,0x0065,0x0066,0x0066,0x0065,0x0044,0x0065,0x0066,0x0066,0x0086,0x0086,0x010A,0x00E9,0x0045,
0x0065,0x0065,0x0066,0x0086,0x0086,0x0065,0x0065,0x0044,0x0044,0x0044,0x0044,0x0064,0x0065,0x0065,0x0065,0x0044,
0x0044,0x0065,0x0065,0x0065,0x0065,0x0045,0x00C9,0x0AF3,0x014C,0x0067,0x0065,0x0024,0x0023,0x0023,0x0043,0x0023,
0x0000,0x0000,0x0020,0x0020,0x1160,0x5383,0x00A0,0x0080,0x6566,0x9FEA,0x5D06,0x5D26,0x4C45,0x0140,0x3323,0xAFEB,
0x6DC7,0x5D26,0x54C5,0x1A21,0x0080,0x7E87,0x8F29,0x6527,0x6DE7,0xA7CC,0x2B43,0x00C0,0x2201,0x2201,0x2221,0x11A1,
0x0120,0x8F48,0x5D86,0x0080,0x00C0,0x0060,0x2AE2,0xA7E9,0x6DC7,0x5CC6,0x4C85,0x1A21,0x0080,0x7648,0x974A,0x6527,
0x6DA7,0x9FAA,0x3343,0x0080,0x1A21,0x2242,0x2242,0x1A01,0x0100,0x86C9,0x7648,0x0120,0x0140,0x6DE7,0x8709,0x0100,
0x8689,0x9769,0x6527,0x6568,0x3BE6,0x0121,0x3405,0x97EA,0x6587,0x5CE8,0x970B,0x65A8,0x00C2,0x11E4,0x2286,0x2286,
0x2265,0x0123,0x1204,0x97EC,0x4427,0x01C3,0x9FCD,0x4448,0x00C2,0x762A,0x8F6B,0x6589,0x6DA9,0x8F2C,0x8ECC,0x0143,
0x762A,0x8F2B,0x43E7,0x4C08,0x2265,0x0043,0x0085,0x0066,0x0045,0x0087,0x0087,0x0066,0x0066,0x0067,0x0066,0x0088,
0x00C9,0x00A9,0x00CA,0x00EB,0x010C,0x018F,0x0233,0x0319,0x0318,0x02B7,0x2DBE,0x7F9F,0x4E5F,0x2D9F,0x3D1D,0x4CFD,
0x3C7A,0x2B98,0x2BB9,0x2BF9,0x0A72,0x33F8,0x3CBC,0x0C1B,0x03BA,0x0A95,0x2AB5,0x5C7C,0x22F6,0x2317,0x543D,0x2A35,
0x3234,0x4297,0x3235,0x5A94,0x3994,0x51F2,0xBC95,0xB433,0x204C,0x28CC,0x28AB,0x28AB,0x30AB,0x18AC,0x48A5,0xBB6A,
0x38ED,0x40AC,0x512E,0x40CD,0x38ED,0x310E,0x190E,0x192E,0x82B0,0xE6FA,0x5A73,0x1910,0x31B0,0x31AF,0x08ED,0x00EC,
0x00CB,0x00AA,0x00AA,0x00AA,0x00AA,0x00AA,0x008A,0x008A,0x00EB,0x01AE,0x0AB3,0x1AB3,0x1231,0x0212,0x01B0,0x01AF,
0x01F0,0x0211,0x01CF,0x0210,0x02B4,0x02B4,0x0316,0x0BB8,0x249B,0x44FB,0x3C19,0x44DB,0x153C,0x0D9E,0x041A,0x051D,
0x1EDF,0x4F1F,0x4EDF,0x0C19,0x01D1,0x0AB5,0x0212,0x01AF,0x014D,0x010B,0x012B,0x010B,0x012B,0x012B,0x010A,0x00E9,
0x010A,0x00EA,0x00C8,0x00E9,0x014C,0x010A,0x00E9,0x010A,0x010A,0x010B,0x00EA,0x00C8,0x00C8,0x0086,0x0065,0x0065,
0x0065,0x0044,0x0065,0x0065,0x0044,0x012A,0x09EF,0x11EF,0x19CE,0x2A0F,0x3A50,0x2230,0x118D,0x00C7,0x0066,0x0066,
0x010B,0x012E,0x0087,0x0044,0x0044,0x010A,0x0066,0x0045,0x0065,0x0045,0x0044,0x0044,0x0044,0x0065,0x0065,0x0065,
0x0065,0x0066,0x0086,0x0086,0x0086,0x0086,0x0065,0x0065,0x0066,0x0066,0x0066,0x0086,0x00A8,0x00A8,0x0045,0x0044,
0x0044,0x0045,0x0065,0x0064,0x0044,0x0044,0x0044,0x0044,0x0044,0x0044,0x0044,0x0024,0x0045,0x0066,0x0065,0x0044,
0x0024,0x0024,0x0024,0x0023,0x0024,0x0087,0x0290,0x010A,0x0046,0x0065,0x0044,0x0044,0x0023,0x0043,0x0023,0x0023,
0x0000,0x0000,0x0020,0x0020,0x1160,0x5383,0x00A0,0x00A0,0x11C1,0x5D65,0x7687,0x7688,0xA7EB,0x4C25,0x0080,0x4C64,
0x7667,0x7667,0x8FA9,0x86E9,0x0160,0x7EA8,0x8F6A,0x65C7,0x65C7,0x978A,0x3BE4,0x0920,0x8F48,0x8F88,0x97A8,0x6586,
0x00E0,0x8F68,0x5D66,0x0060,0x00C0,0x00A0,0x00E0,0x4424,0x6E47,0x6E47,0x8FA9,0x8F29,0x0120,0x7628,0x978A,0x6DE8,
0x6DE7,0x8F69,0x3C24,0x0100,0x8F08,0x97A9,0x97C9,0x6E27,0x0100,0x86C9,0x6E28,0x0120,0x0161,0x65C7,0x8709,0x0160,
0x2303,0x6DE8,0x7669,0x86CA,0xA7EC,0x2AE5,0x2B64,0x8FE9,0x6E48,0x6E09,0x8F0C,0x7E8C,0x0144,0x6529,0x97AB,0x8F6B,
0x8F2B,0x11E4,0x00E4,0x768A,0x65E9,0x33A6,0x9FEC,0x1205,0x00C3,0x7E2B,0x8F8C,0x65E8,0x65E8,0x872A,0x86AC,0x0123,
0x760B,0x9FCD,0x870B,0x976C,0x5468,0x0023,0x0064,0x0066,0x0045,0x0088,0x00CA,0x00A8,0x0067,0x0067,0x0088,0x0088,
0x00A8,0x00CA,0x012C,0x016F,0x01D1,0x01F2,0x0191,0x1378,0x2D7E,0x2CFC,0x1C5C,0x1C7C,0x0BFB,0x0B79,0x0A53,0x0274,
0x0253,0x0213,0x02B5,0x02B5,0x01F0,0x014D,0x0274,0x02F6,0x0BFA,0x3C5C,0x5C5B,0x1A52,0x00AA,0x1170,0x437B,0x439C,
0x3B7C,0x3B9C,0x4358,0x6BB7,0x32FC,0x4A96,0xBC54,0xCC93,0x18CE,0x18EE,0x20CD,0x28CC,0x28CC,0x28AB,0x5043,0xB266,
0x410D,0x48AD,0x694D,0x594E,0x30CD,0x312F,0x1950,0x1191,0x7AB0,0xE6DA,0x4B99,0x11F6,0x2215,0x29B2,0x0931,0x092F,
0x010E,0x00EC,0x00CB,0x00A9,0x0088,0x0088,0x0089,0x00AA,0x00AA,0x00AB,0x00ED,0x0970,0x1A52,0x22B4,0x1A11,0x016D,
0x018E,0x01CF,0x0211,0x0231,0x0251,0x0252,0x0251,0x0252,0x0272,0x0335,0x0315,0x0B14,0x0356,0x0BF8,0x0AF5,0x1358,
0x459E,0x569F,0x0DBE,0x02B5,0x0211,0x01F1,0x0232,0x0211,0x01AF,0x01AF,0x01AF,0x016D,0x012B,0x016C,0x014C,0x012B,
0x016C,0x010A,0x00E9,0x010A,0x010A,0x010A,0x010A,0x012B,0x012B,0x012B,0x00E9,0x00C7,0x00C8,0x0086,0x0065,0x0065,
0x00A7,0x00A8,0x0086,0x0065,0x0086,0x0929,0x11CE,0x3250,0x4A90,0x3A2F,0x6AF0,0x5B12,0x2A30,0x112B,0x0067,0x016D,
0x0232,0x0211,0x0087,0x0087,0x012C,0x012C,0x0044,0x0065,0x0066,0x0044,0x0044,0x0044,0x0044,0x0065,0x0086,0x0065,
0x0065,0x0066,0x0086,0x00A7,0x00C7,0x0086,0x0066,0x0066,0x0065,0x0065,0x0066,0x0066,0x0066,0x0045,0x0065,0x0065,
0x0064,0x0044,0x0044,0x0044,0x0044,0x0044,0x0044,0x0044,0x0044,0x0044,0x0044,0x0908,0x00E8,0x00C8,0x00C7,0x00C7,
0x00C7,0x00E7,0x00E8,0x00E7,0x0109,0x024F,0x0109,0x0045,0x0065,0x0045,0x0044,0x0044,0x0023,0x0043,0x0023,0x0023,
0x0000,0x0000,0x0020,0x0040,0x1161,0x53A3,0x0080,0x00C0,0x0100,0x0160,0x0140,0x0160,0x974A,0x6526,0x0060,0x0160,
0x0160,0x0100,0x5D27,0x9FAB,0x01C0,0x86C9,0x6DE8,0x0100,0x0180,0x86E9,0x7668,0x00C0,0x11C1,0x11A1,0x11A1,0x0960,
0x0100,0x8729,0x6586,0x0920,0x0960,0x0120,0x0100,0x0160,0x0160,0x00C0,0x54C6,0x9FEB,0x09C1,0x7E69,0x7608,0x00A0,
0x0100,0x7E88,0x7EE8,0x0100,0x11C1,0x11C1,0x11E1,0x09E1,0x0120,0x86E9,0x7627,0x0161,0x01A1,0x6E08,0x8F4A,0x01A1,
0x01A1,0x01C1,0x0141,0x1203,0x9FEB,0x3C06,0x2B65,0xA7EC,0x1AC5,0x0142,0x4448,0xAFEE,0x1A46,0x0965,0x1245,0x0A25,
0x09E4,0x0144,0x00C4,0x4C28,0x97AC,0x8F0C,0x7E4C,0x0125,0x0104,0x762B,0x6E29,0x0062,0x0022,0x5508,0x8EEC,0x0083,
0x762A,0x7E6B,0x0104,0x0104,0x00A4,0x0084,0x0086,0x0086,0x0065,0x0087,0x00A9,0x00A9,0x00A9,0x0088,0x00A9,0x00EA,
0x00CA,0x016D,0x01D0,0x0213,0x0338,0x241B,0x553C,0x4DBD,0x245A,0x02F7,0x0234,0x0318,0x0274,0x01D1,0x014E,0x018F,
0x01D0,0x01F1,0x0AD4,0x018E,0x01F0,0x0293,0x02F5,0x0211,0x0317,0x1B59,0x4CDD,0x0A95,0x00ED,0x0151,0x1298,0x243F,
0x03FE,0x251F,0x3B34,0x630F,0x257F,0x4398,0xBC96,0xBC73,0x104A,0x18AB,0x208B,0x20AB,0x28CB,0x30AC,0x5086,0x9205,
0x28CC,0x886A,0xEC92,0x81EF,0x38AC,0x28EC,0x18CC,0x10ED,0x82AE,0xEEFB,0x349B,0x041C,0x4397,0x6B97,0x02F9,0x0236,
0x0192,0x010F,0x00CC,0x00AB,0x00AA,0x00AA,0x00AA,0x00AA,0x00AA,0x00AA,0x00AA,0x00AA,0x008A,0x00EC,0x19F0,0x2AB2,
0x1A92,0x01F0,0x01F1,0x01CF,0x018D,0x01CF,0x0231,0x0210,0x0230,0x0210,0x020F,0x014C,0x016C,0x018D,0x0230,0x12F5,
0x3C19,0x453D,0x2CBC,0x03D9,0x03B9,0x0316,0x0295,0x0274,0x02F5,0x02B4,0x01D0,0x01AF,0x01AF,0x01D0,0x01AE,0x016D,
0x014C,0x010A,0x010A,0x012A,0x010A,0x014B,0x012A,0x010A,0x010A,0x010A,0x00E9,0x00C8,0x00C8,0x0086,0x0086,0x00A7,
0x0109,0x00C8,0x0086,0x00C8,0x0066,0x322F,0x4B33,0x7372,0x7331,0x4A90,0x52AF,0x322E,0x00E9,0x0044,0x00EA,0x0316,
0x0379,0x01D0,0x0088,0x01CF,0x012B,0x0046,0x0066,0x0086,0x0044,0x0065,0x0045,0x0066,0x0065,0x0065,0x0086,0x0086,
0x0066,0x00A7,0x00A7,0x0086,0x00A7,0x0086,0x0065,0x0086,0x0066,0x0065,0x0066,0x0065,0x0065,0x0065,0x0065,0x0065,
0x0065,0x0044,0x0044,0x0044,0x0044,0x0044,0x0044,0x0044,0x0044,0x0044,0x0065,0x12AF,0x014A,0x00E7,0x0108,0x0108,
0x0109,0x0129,0x014A,0x016A,0x01AB,0x00C8,0x0024,0x0065,0x0044,0x0044,0x0044,0x0044,0x0043,0x0023,0x0023,0x0023,
0x0001,0x0001,0x0020,0x0040,0x1181,0x4B83,0x00A0,0x0080,0x6526,0xA7EB,0x9749,0x976A,0xAFEB,0x3B84,0x2262,0xA7EA,
0x978A,0x9749,0xA7EB,0x6DE7,0x00E0,0x86A8,0x9FEA,0x976A,0x978A,0xA7EC,0x54C5,0x00C0,0x0080,0x0040,0x0020,0x0060,
0x0120,0x8F2A,0x9FEB,0x8F69,0x97C9,0x65A6,0x1A42,0xA7EB,0x97AA,0x8F6A,0x9FEA,0x7648,0x00A0,0x7E48,0x9FEA,0x8F29,
0x8F4A,0xA7EB,0x5526,0x00E0,0x00A0,0x0040,0x0061,0x00C1,0x0101,0x5D27,0xA7EB,0x8F6A,0x8F4A,0x9FEB,0x5D47,0x00E1,
0x864B,0xAFED,0x976B,0x978A,0x97CB,0x1A64,0x3BA7,0xB7EE,0x9F8C,0x976C,0x9FED,0x870C,0x09E8,0x0127,0x0105,0x00E4,
0x00C4,0x0105,0x00E5,0x1A46,0x9FEC,0xAFEE,0x43C8,0x0083,0x0083,0x7E8B,0x76AA,0x0105,0x00C5,0x65AA,0x974C,0x0063,
0x7E6B,0x7ECB,0x00A5,0x00A4,0x0084,0x0064,0x00C8,0x00A8,0x0066,0x0045,0x00A8,0x010C,0x00EB,0x00A9,0x010B,0x016E,
0x018F,0x01F2,0x0234,0x23D8,0x561E,0x5E7F,0x35BF,0x0C1C,0x1338,0x0254,0x01F2,0x01F1,0x012C,0x012C,0x012C,0x012C,
0x010B,0x00EA,0x012C,0x014C,0x01CF,0x02D6,0x0317,0x02F6,0x0C9E,0x0BBB,0x14FF,0x035B,0x01D4,0x02F9,0x039B,0x03BB,
0x035A,0x0B19,0x498F,0xC3D0,0x1A14,0x292F,0xC4F6,0xCC52,0x102A,0x28EB,0x412B,0x188A,0x20CB,0x48AB,0x7086,0xA2E8,
0x60AB,0xE846,0xFEB7,0xB26F,0x488B,0x310D,0x18CC,0x10CB,0x82AE,0xE6DB,0x3273,0x0133,0xCB4E,0xDE19,0x02B6,0x02F6,
0x02F6,0x0295,0x01F3,0x01B2,0x00EE,0x00CD,0x00CD,0x00AB,0x00AA,0x00AA,0x0089,0x00A9,0x00A9,0x00AA,0x00AA,0x010D,
0x11F0,0x2A93,0x1A72,0x016D,0x014C,0x01CE,0x01CF,0x01CE,0x018D,0x014B,0x010A,0x010A,0x012B,0x014C,0x0251,0x018E,
0x0A92,0x3439,0x969F,0x865F,0x7E7F,0x663E,0x457D,0x1C5A,0x03B9,0x0294,0x01F1,0x02F5,0x0378,0x0294,0x01AF,0x014C,
0x012B,0x012B,0x010A,0x012A,0x012B,0x012A,0x012A,0x012A,0x00E9,0x00E9,0x00E8,0x00C8,0x00E8,0x00C8,0x00C8,0x0109,
0x00C8,0x014A,0x012A,0x016D,0x014A,0x11CE,0x09CF,0x52B0,0x6B11,0x19CE,0x00E9,0x00EA,0x00A7,0x0023,0x010A,0x0212,
0x02B5,0x02D6,0x0294,0x0211,0x0066,0x00A9,0x00CA,0x00A8,0x010A,0x00A8,0x0066,0x0087,0x00E9,0x00A7,0x0086,0x0065,
0x00A7,0x012B,0x00C8,0x00E9,0x0087,0x0065,0x0066,0x0065,0x0065,0x0065,0x0065,0x0065,0x0065,0x0044,0x0065,0x0044,
0x0044,0x00E9,0x0065,0x0023,0x0044,0x0044,0x0044,0x0044,0x0044,0x0044,0x00A6,0x0087,0x0044,0x0044,0x0023,0x0024,
0x0045,0x0024,0x0024,0x0045,0x0024,0x0044,0x0044,0x0044,0x0044,0x0044,0x0044,0x0044,0x0044,0x0043,0x0023,0x0022,
0x0001,0x0001,0x0021,0x0040,0x11A1,0x6C64,0x00C0,0x00A0,0x2282,0x3BC4,0x3BE3,0x3BE3,0x2B43,0x0100,0x11E1,0x3BA4,
0x3BA3,0x3BC3,0x3383,0x0160,0x00C0,0x2B03,0x3BA3,0x33A3,0x33A4,0x2B43,0x0120,0x00C0,0x0080,0x0060,0x0060,0x0080,
0x00C0,0x2AE3,0x3363,0x3363,0x3383,0x22A2,0x0960,0x3B84,0x33A4,0x33A4,0x3384,0x0981,0x0060,0x2AA3,0x3384,0x33A4,
0x33A4,0x2B44,0x0141,0x00C1,0x00A1,0x0081,0x0081,0x00A2,0x00E2,0x0142,0x33A5,0x3C25,0x33C5,0x2B64,0x0122,0x00E2,
0x2B25,0x3BC6,0x33A6,0x33A6,0x22E5,0x00E4,0x1A66,0x4408,0x3BE8,0x33E8,0x33C8,0x1227,0x0189,0x0188,0x0126,0x0126,
0x0105,0x0126,0x0127,0x0146,0x2B27,0x3388,0x0965,0x0084,0x0084,0x2AC7,0x2AE7,0x00E6,0x00C6,0x1A67,0x2AC7,0x0064,
0x2266,0x2AC7,0x0065,0x0065,0x0025,0x0044,0x0086,0x010C,0x00C9,0x0044,0x0086,0x014D,0x0190,0x010C,0x014D,0x0233,
0x0213,0x2398,0x861D,0x9F1F,0x7EBF,0x2C9B,0x23D9,0x1B99,0x1317,0x0253,0x018E,0x01D0,0x012B,0x014D,0x018E,0x010B,
0x00CA,0x00CA,0x010B,0x00EB,0x00AB,0x014E,0x0190,0x01F2,0x043D,0x057F,0x161F,0x041D,0x033A,0x0255,0x0191,0x00EF,
0x00AE,0x008D,0x58EB,0xE4F4,0x3231,0x290D,0xC4D5,0xAC73,0x000A,0x49AD,0x6AD0,0x106A,0x20CA,0x28A9,0x6821,0x9AE9,
0xA96A,0xF887,0xFE75,0xBA0D,0x508B,0x30ED,0x10CC,0x10EA,0x826C,0xE6BA,0x3272,0x00EF,0xCB4D,0xCDB8,0x010F,0x00CD,
0x00ED,0x012E,0x01D1,0x0AD6,0x02D6,0x0AD6,0x19F3,0x00CF,0x008D,0x00AC,0x00CB,0x00AA,0x00AA,0x00AA,0x00AA,0x00A9,
0x00AA,0x00CB,0x11CF,0x2A92,0x1A51,0x018E,0x014C,0x014B,0x010A,0x00E9,0x0109,0x010A,0x014B,0x0231,0x0377,0x0377,
0x0252,0x0A72,0x4D5C,0x557D,0x4C99,0x5D5C,0x6DBC,0x761D,0x1C5A,0x0B98,0x03F9,0x055D,0x03FA,0x0273,0x018D,0x014C,
0x016D,0x014C,0x012B,0x010A,0x010A,0x014B,0x016C,0x012A,0x0109,0x0109,0x010A,0x0109,0x012A,0x0109,0x00C8,0x0086,
0x1909,0x2A70,0x01CE,0x018D,0x01CE,0x09AE,0x19AD,0x5A8F,0x3A2F,0x012B,0x0088,0x00C9,0x0087,0x0087,0x0087,0x00CA,
0x014E,0x0274,0x0253,0x01AF,0x00EA,0x012C,0x00EB,0x01B0,0x01AF,0x0088,0x0087,0x00C9,0x014D,0x00E9,0x0086,0x00C8,
0x016C,0x016C,0x0087,0x0086,0x0065,0x0066,0x0065,0x0065,0x0065,0x0065,0x0065,0x0065,0x0065,0x0065,0x0024,0x08A7,
0x112A,0x09AD,0x00E8,0x00E9,0x0086,0x0044,0x0044,0x0044,0x0044,0x0044,0x00A7,0x0086,0x0086,0x0085,0x0044,0x0044,
0x0044,0x0044,0x0044,0x0044,0x0044,0x0044,0x0044,0x0044,0x0044,0x0044,0x0044,0x0043,0x0023,0x0023,0x0023,0x0023,
0x0001,0x0001,0x0021,0x0041,0x0900,0x2A41,0x00C0,0x00E0,0x00C0,0x00C0,0x00E0,0x00E0,0x00E0,0x0120,0x0100,0x00C0,
0x00E0,0x00C0,0x00C0,0x0100,0x0100,0x00E0,0x00C0,0x00C0,0x00C0,0x00C0,0x0100,0x00C0,0x00A0,0x0080,0x0060,0x0080,
0x00A0,0x0060,0x0060,0x0060,0x0060,0x0080,0x00C0,0x0080,0x0080,0x0060,0x0060,0x00C0,0x00C0,0x00A0,0x00A0,0x00C0,
0x00A0,0x00A0,0x00C1,0x00C1,0x00C1,0x00A2,0x00C2,0x00C2,0x00E2,0x0123,0x0102,0x0102,0x0102,0x00E2,0x0122,0x0102,
0x00C2,0x00C2,0x00A3,0x00C3,0x0123,0x0144,0x0124,0x0104,0x0105,0x0147,0x0168,0x0145,0x0186,0x024A,0x0208,0x01C7,
0x0187,0x0147,0x0148,0x0147,0x00C5,0x00A4,0x00C4,0x00C5,0x00C5,0x0064,0x0065,0x0064,0x0084,0x00E5,0x0106,0x09C8,
0x0146,0x0105,0x0925,0x0927,0x2ACC,0x1189,0x0024,0x00C9,0x014E,0x00EB,0x00CA,0x00EA,0x0212,0x01F3,0x0234,0x2C19,
0x65BC,0x3DBE,0x5E1F,0x353D,0x23B9,0x12D6,0x0338,0x018E,0x016E,0x014C,0x016D,0x01AF,0x016D,0x00C9,0x010B,0x010B,
0x00C9,0x00CA,0x010C,0x010E,0x010E,0x00CE,0x0130,0x0214,0x043C,0x0CDE,0x251F,0x0298,0x00AE,0x008C,0x008B,0x00AA,
0x00AA,0x00AA,0x590A,0xED35,0x3230,0x312D,0xC4F6,0xAC72,0x20A9,0x518B,0x7A8D,0x106A,0x20CB,0x30A9,0x6064,0xAB0B,
0xA109,0xF8C8,0xFEB7,0xDA6E,0x68AB,0x28EC,0x08AB,0x3908,0xA2AB,0xE6DB,0x3A92,0x00EE,0xCB4D,0xCDB7,0x012E,0x00CC,
0x00AB,0x00AA,0x00AB,0x00AC,0x010E,0x1213,0x4318,0x535A,0x3AB8,0x1194,0x00D1,0x00AE,0x00CC,0x00AB,0x00AA,0x00AA,
0x00A9,0x00AA,0x00A9,0x00EB,0x11EF,0x2AB2,0x11CF,0x00EA,0x00EA,0x0109,0x012A,0x016C,0x018D,0x020F,0x0231,0x0398,
0x02D5,0x0AB3,0x0AD4,0x0335,0x0251,0x0272,0x02B4,0x02D5,0x02D5,0x0B56,0x1D1C,0x151C,0x02B5,0x01D0,0x01AF,0x01AE,
0x01F0,0x01AE,0x014C,0x012B,0x014B,0x018D,0x018D,0x016B,0x016C,0x014A,0x012B,0x012B,0x012A,0x00E9,0x00E8,0x0929,
0x42B0,0x120F,0x01AD,0x018D,0x09CE,0x320E,0x72EE,0x93B0,0x3250,0x014D,0x010B,0x00A9,0x010B,0x010B,0x00CA,0x00EB,
0x016E,0x00AA,0x0088,0x00A9,0x012C,0x016E,0x00EA,0x012C,0x018E,0x010C,0x016C,0x014C,0x00C9,0x00C9,0x014B,0x020F,
0x014B,0x0087,0x0065,0x0065,0x0065,0x0065,0x0065,0x0064,0x0064,0x0065,0x0065,0x0065,0x0086,0x0045,0x3988,0x62B0,
0x220F,0x19EE,0x11EE,0x09CE,0x0086,0x0044,0x08E8,0x08C7,0x0044,0x114A,0x218B,0x08E8,0x0064,0x0044,0x0044,0x0044,
0x0044,0x0044,0x0044,0x0044,0x0044,0x0044,0x0044,0x0045,0x0044,0x0044,0x0044,0x0023,0x0043,0x0023,0x0023,0x0023,
0x0001,0x0001,0x0021,0x0061,0x00A0,0x00C0,0x0120,0x0180,0x01C0,0x0180,0x01A0,0x09A0,0x09C0,0x09C0,0x09C0,0x01C0,
0x01A0,0x01A0,0x01A0,0x0160,0x0140,0x0140,0x0120,0x0100,0x0100,0x0100,0x00E0,0x00A0,0x00A0,0x0060,0x0040,0x0040,
0x0040,0x0060,0x0080,0x0080,0x0080,0x0080,0x0080,0x00A0,0x0080,0x0080,0x0080,0x0060,0x0060,0x0080,0x00C0,0x00E1,
0x0102,0x00C1,0x0081,0x0081,0x0081,0x00A1,0x00E2,0x0142,0x0122,0x0102,0x0163,0x01A4,0x0183,0x0163,0x0142,0x0142,
0x0142,0x0122,0x0104,0x00E3,0x00C3,0x0103,0x0103,0x0103,0x0104,0x0126,0x0167,0x01A6,0x01A4,0x02C7,0x050C,0x0D6C,
0x03C7,0x0207,0x0169,0x0106,0x00E6,0x00C6,0x0085,0x0065,0x0086,0x0064,0x0044,0x00A4,0x2A65,0x19A4,0x1A06,0x22A9,
0x2248,0x2227,0x2227,0x1A49,0x4C6F,0x226B,0x0046,0x0087,0x00EC,0x0170,0x012D,0x00EC,0x0190,0x1B99,0x3D5C,0xBF9F,
0x76DF,0x047C,0x0B58,0x0233,0x0233,0x0317,0x018E,0x010B,0x0232,0x01AF,0x014C,0x012B,0x010B,0x00CA,0x0088,0x00C9,
0x00CA,0x00EB,0x01F5,0x0238,0x0A98,0x0B39,0x0318,0x0275,0x0172,0x00F1,0x00F1,0x0194,0x00ED,0x00AA,0x0089,0x0089,
0x00AA,0x00AA,0x592B,0xECD2,0x31CE,0x314D,0xCD77,0xA453,0x0828,0x7107,0x81C9,0x086A,0x20CB,0x40AA,0x6066,0xBB4C,
0x992A,0xE867,0xFE95,0xDB30,0x608C,0x30EC,0x08CB,0x30E7,0x822B,0xE6BA,0x3A92,0x00EE,0xCB4D,0xD5B7,0x092E,0x00CB,
0x00AA,0x00AA,0x00CB,0x00CB,0x00AA,0x008B,0x00AD,0x0932,0x3297,0x537B,0x4B7C,0x2258,0x0112,0x00AE,0x00CD,0x00CB,
0x00AA,0x00A9,0x00A9,0x00C9,0x00A9,0x010C,0x2230,0x1A50,0x012B,0x00C9,0x016C,0x01AF,0x016D,0x016D,0x01CF,0x01CF,
0x01AD,0x012B,0x010A,0x012B,0x01CE,0x01AE,0x0A72,0x01AF,0x01CF,0x01B0,0x1B15,0x345A,0x0377,0x0336,0x0232,0x0252,
0x0232,0x01CF,0x018E,0x016C,0x012A,0x014B,0x016C,0x01AD,0x01AE,0x018C,0x01AD,0x014B,0x014B,0x012A,0x00E8,0x0109,
0x2A70,0x42D0,0x2250,0x01CE,0x21EE,0x5A8E,0xB410,0xB451,0x6B31,0x5AF2,0x4291,0x010C,0x018F,0x00EB,0x00CA,0x00EA,
0x010B,0x00A8,0x0067,0x0088,0x00A8,0x0087,0x0087,0x0066,0x010B,0x014D,0x012B,0x010A,0x00C8,0x00E9,0x0109,0x00E8,
0x0066,0x0066,0x0066,0x0066,0x0065,0x0044,0x0044,0x0044,0x0065,0x0065,0x0065,0x0065,0x0065,0x0065,0x6AAE,0x5AB0,
0x31EE,0x29EE,0x19AD,0x118D,0x00C8,0x010A,0x4250,0x08C7,0x08A7,0x29AC,0x114A,0x0086,0x0044,0x0044,0x0044,0x0044,
0x0044,0x0044,0x0044,0x0044,0x0044,0x0044,0x0044,0x0044,0x0044,0x0044,0x0044,0x0044,0x0023,0x0043,0x0023,0x0023,
0x0022,0x0022,0x0021,0x0061,0x00C1,0x0120,0x0100,0x5423,0xCEEF,0x958A,0x9DAA,0x9DCA,0xA5EB,0xA60B,0xA5EA,0x9DC9,
0x9DA8,0x9587,0x8545,0x8544,0x8524,0x6CA2,0x4C00,0x4C00,0x5400,0x4BE0,0x3B60,0x3320,0x3B20,0x3B00,0x3AE0,0x3AC0,
0x32A0,0x3280,0x3280,0x3280,0x32A0,0x32C0,0x32C0,0x32E0,0x3B01,0x3B21,0x4301,0x3AE0,0x3B00,0x4321,0x4363,0x4384,
0x4BE5,0x43C4,0x4383,0x4B83,0x4383,0x3BA3,0x4403,0x4464,0x4484,0x4444,0x4465,0x44C6,0x54E8,0x54C8,0x54C7,0x5D4A,
0x5D29,0x4445,0x4C27,0x43C7,0x43A6,0x4C08,0x4C08,0x4C07,0x4C07,0x4C07,0x4C28,0x4CA9,0x4CE6,0x4565,0x7F72,0xC7FC,
0x6F6F,0x760D,0x0B07,0x09E7,0x09C6,0x0985,0x09A5,0x09A5,0x09A6,0x09C6,0x11A5,0x2AA6,0x0925,0x0025,0x0045,0x0046,
0x0047,0x0046,0x0067,0x0067,0x0067,0x00C9,0x00C9,0x00A9,0x010C,0x016F,0x0152,0x1233,0x349A,0x2D3D,0x5E5F,0x65FE,
0x3CBB,0x23D9,0x1294,0x0233,0x01F0,0x00CA,0x00A9,0x014D,0x00EB,0x00A8,0x0087,0x00A8,0x00CA,0x00A9,0x00A9,0x00CB,
0x00AC,0x01D4,0x147F,0x3DFF,0x35DF,0x0AF9,0x00ED,0x0069,0x0089,0x0089,0x0089,0x010F,0x010E,0x00AB,0x00AA,0x00AA,
0x00AA,0x00AA,0x592B,0xE4F3,0x21F0,0x316E,0xCD37,0xAC31,0x0826,0x51CC,0x8352,0x086B,0x28EC,0x38A9,0x5843,0xAA47,
0x990C,0xE887,0xFE34,0xC30F,0x488C,0x290C,0x00CC,0x3909,0x824C,0xE6BA,0x3A91,0x00CD,0xCB2D,0xD5D7,0x094E,0x00CB,
0x00CB,0x00AA,0x00AA,0x008A,0x0088,0x0089,0x00CB,0x00CD,0x00CE,0x0111,0x19F7,0x4B7C,0x541D,0x2A98,0x0112,0x00AE,
0x00CC,0x00CA,0x00AA,0x00AA,0x00A9,0x00A9,0x0089,0x094C,0x1A71,0x11EE,0x010B,0x010B,0x00EA,0x00E9,0x00E9,0x00E8,
0x00E9,0x012B,0x012A,0x00EA,0x010A,0x012A,0x012B,0x0251,0x0A92,0x1B35,0x2BD8,0x5D3C,0x3C59,0x2439,0x3CFB,0x02F5,
0x0253,0x0211,0x01CF,0x01CE,0x01CE,0x01CE,0x01EF,0x020F,0x01CE,0x01CE,0x01AD,0x014B,0x0109,0x012A,0x012A,0x2A0E,
0x4AB0,0x7350,0x7371,0x5AD1,0x52B0,0x9BD1,0xCCB2,0xC4B3,0x52F1,0x3AB2,0x11CF,0x012D,0x016F,0x014D,0x010C,0x00EB,
0x00EA,0x00C9,0x00A8,0x0087,0x0087,0x0087,0x00A7,0x00A8,0x00C8,0x00A8,0x00E9,0x00E9,0x00C8,0x0086,0x0065,0x0065,
0x0065,0x0066,0x0066,0x0065,0x0065,0x0065,0x0044,0x0044,0x0065,0x0065,0x0065,0x0065,0x0065,0x0066,0x5A8E,0x6AF0,
0x426F,0x3A2E,0x21CD,0x118C,0x094A,0x21EE,0x320F,0x00E8,0x0909,0x1129,0x0086,0x0065,0x0044,0x0064,0x0065,0x0044,
0x0044,0x0065,0x0044,0x0044,0x0044,0x0044,0x0044,0x0044,0x0045,0x0064,0x0044,0x0044,0x0044,0x0044,0x0043,0x0023,
0x0043,0x0023,0x0042,0x0062,0x00C1,0x0120,0x0120,0x22A1,0x6445,0x4BC3,0x4BE3,0x4BE3,0x5423,0x5422,0x5422,0x5C61,
0x6461,0x6441,0x6460,0x6440,0x6441,0x6C81,0x6CA0,0x6C80,0x6CA0,0x74A0,0x74C0,0x7CA0,0x7C80,0x63E0,0x5B60,0x6380,
0x7420,0x7420,0x6BE0,0x6380,0x5B60,0x5B60,0x5B60,0x5B80,0x5360,0x4B60,0x5381,0x5380,0x5381,0x53A1,0x53A3,0x4BC5,
0x5C05,0x53C4,0x53C3,0x5403,0x5443,0x5443,0x4C43,0x4C43,0x5484,0x64E5,0x6546,0x5506,0x2405,0x23C5,0x2365,0x2345,
0x2305,0x1AA4,0x2284,0x1A85,0x1A64,0x2264,0x1A65,0x1A85,0x1AC5,0x1AC5,0x1AC5,0x2448,0x2528,0x1D07,0x2DCB,0x6F56,
0x2F50,0x46CF,0x032A,0x0986,0x0966,0x0946,0x0945,0x0946,0x0146,0x0965,0x1186,0x00E7,0x0046,0x0065,0x0066,0x0066,
0x00A9,0x00A9,0x0087,0x00C9,0x00CA,0x00AA,0x016E,0x0211,0x00ED,0x09D2,0x44BB,0x4E1E,0x13DC,0x3C3C,0x4D5E,0x12F6,
0x0A94,0x03FA,0x0338,0x0295,0x014D,0x010B,0x014C,0x00A8,0x0067,0x00C9,0x0088,0x0088,0x00A9,0x00EC,0x00EF,0x0111,
0x1277,0x2CFE,0x2E3F,0x157E,0x045E,0x0299,0x014F,0x014E,0x00A9,0x0067,0x0067,0x0089,0x00CC,0x00EC,0x00CC,0x00AA,
0x00AA,0x00CA,0x592B,0xDD14,0x19F0,0x314D,0xBC32,0xB32A,0x5947,0x398C,0x9B0F,0x008C,0x20EB,0x5084,0x6022,0xC304,
0xA928,0xE0C7,0xFED8,0x9A8F,0x388B,0x290C,0x010E,0x5129,0x81E9,0xE6B9,0x3A91,0x00ED,0xCB0C,0xD5D7,0x094F,0x00CC,
0x00CC,0x00AB,0x008A,0x0068,0x0067,0x0089,0x00AA,0x00AA,0x00AA,0x00AA,0x00EF,0x01B5,0x1278,0x435B,0x539C,0x2A78,
0x0113,0x00EF,0x00EC,0x00AA,0x00A9,0x00A9,0x00A9,0x0089,0x00CB,0x1A0F,0x1A30,0x010B,0x00C9,0x00C9,0x00A8,0x00C8,
0x00A8,0x00C8,0x00A8,0x00C8,0x010A,0x018D,0x1A50,0x1A72,0x4CDB,0x4CDB,0x4C99,0x759C,0xAF1F,0x963E,0x85DE,0x7E5E,
0x1C19,0x02D4,0x0211,0x01F0,0x01F0,0x02F4,0x0B96,0x02F4,0x0210,0x018D,0x016C,0x012A,0x096A,0x1A2E,0x01AE,0x32B2,
0x1A2F,0x5AEE,0xAC71,0x5B31,0x0A32,0x3290,0x2A50,0x2AB1,0x012D,0x01AF,0x018F,0x01D1,0x01D1,0x014D,0x010C,0x00EB,
0x00CA,0x00A8,0x00A7,0x0086,0x00C8,0x00C8,0x00C8,0x00A8,0x00A7,0x0086,0x0086,0x0066,0x0086,0x0066,0x0086,0x0065,
0x0065,0x0065,0x0065,0x0065,0x0065,0x0065,0x0065,0x0065,0x0065,0x0065,0x0065,0x08A6,0x39ED,0x196B,0x62CF,0x62D0,
0x4A8F,0x322F,0x118C,0x010A,0x012A,0x198C,0x014B,0x0109,0x0086,0x0064,0x0044,0x0064,0x00A6,0x00C7,0x0065,0x0065,
0x0065,0x0065,0x0065,0x0064,0x0065,0x0066,0x0065,0x0065,0x0065,0x0044,0x0044,0x0044,0x0044,0x0044,0x0043,0x0023,
0x0023,0x0023,0x0022,0x0042,0x0082,0x00C1,0x00E1,0x00E0,0x00C0,0x00E0,0x0100,0x0100,0x0100,0x0100,0x0100,0x0100,
0x0100,0x0120,0x0100,0x0100,0x0100,0x0100,0x0120,0x0100,0x0100,0x0100,0x0100,0x00E0,0x00E0,0x00C1,0x00A1,0x00C1,
0x1141,0x1141,0x1121,0x10E1,0x08C1,0x00C1,0x00A1,0x0081,0x0060,0x0060,0x0081,0x0081,0x0081,0x0080,0x00A1,0x0186,
0x0187,0x0145,0x0103,0x00E1,0x00E2,0x00E2,0x00C2,0x00E2,0x0102,0x0102,0x0143,0x01A4,0x01A4,0x01C4,0x01C4,0x0184,
0x0144,0x0103,0x00A3,0x00A3,0x00C3,0x00C3,0x00C2,0x00E3,0x00E3,0x0103,0x00E3,0x0185,0x02E8,0x0329,0x0348,0x03EA,
0x048E,0x0470,0x0371,0x016A,0x00C8,0x00E9,0x0065,0x0024,0x0025,0x0045,0x0046,0x00A9,0x00CA,0x0087,0x0066,0x0066,
0x00CA,0x00EC,0x00A9,0x00EC,0x0171,0x014F,0x012F,0x0172,0x0AB5,0x45DD,0x35DE,0x0338,0x43FC,0x54FF,0x035A,0x0254,
0x02F7,0x02D6,0x0211,0x012B,0x01AF,0x01AF,0x00EA,0x0067,0x0088,0x0088,0x0088,0x00A9,0x00AB,0x00F0,0x2278,0x43FD,
0x2B5A,0x0A35,0x01D4,0x01F3,0x0275,0x0296,0x02F9,0x01B1,0x00CA,0x00CB,0x0047,0x0067,0x0089,0x00AA,0x012C,0x00AB,
0x00CB,0x00CB,0x616C,0xDCF3,0x19CE,0x20EA,0x9B8F,0xC3CC,0x6A2A,0x7168,0xA2CC,0x58A5,0x50C5,0x58A4,0x3823,0xA140,
0xCA05,0xB0E4,0xEBC9,0x6A2C,0x414D,0x214D,0x010D,0x312A,0x5107,0xEE57,0x4AF3,0x00CD,0xC32D,0xD5D8,0x016F,0x00CC,
0x00EC,0x00CC,0x00AA,0x0088,0x0089,0x0089,0x0088,0x0068,0x0089,0x00ED,0x012E,0x0170,0x00CD,0x00AE,0x1193,0x4B5B,
0x53DD,0x1A37,0x00F0,0x00ED,0x00CB,0x00A9,0x00A9,0x00CA,0x00A8,0x0068,0x092B,0x1250,0x018E,0x00A9,0x00C8,0x00A7,
0x00A7,0x0087,0x00A7,0x010A,0x01AE,0x01F0,0x1335,0x1B15,0x5D7D,0x4D5D,0x02B4,0x0210,0x1376,0x44BA,0x3C5A,0x5D1C,
0x7E1E,0x1C39,0x0BB7,0x02D4,0x0337,0x0C39,0x0B55,0x01F0,0x018D,0x01EF,0x01CF,0x014A,0x2270,0x5BF5,0x1A91,0x2A70,
0x3A6F,0xB450,0xBC91,0x3AB0,0x1A30,0x014E,0x010D,0x018F,0x014E,0x012D,0x014E,0x01B0,0x018E,0x018E,0x014D,0x00CA,
0x00C9,0x00A8,0x00A7,0x00C8,0x00C9,0x00A8,0x00A8,0x0087,0x0086,0x0086,0x0086,0x0086,0x0065,0x0086,0x00A7,0x0085,
0x0086,0x0065,0x0065,0x0065,0x0065,0x0065,0x0065,0x0065,0x0065,0x0085,0x0065,0x2128,0x8330,0x5A8F,0x72EF,0x5A8F,
0x3A0E,0x19AD,0x014B,0x092A,0x114A,0x116B,0x0909,0x0086,0x0086,0x0086,0x0065,0x0064,0x0085,0x0086,0x0065,0x0065,
0x0065,0x0065,0x0065,0x0065,0x0086,0x0065,0x0065,0x0065,0x0065,0x0065,0x0044,0x0044,0x0043,0x0044,0x0043,0x0043,
0x0044,0x0065,0x0043,0x0042,0x0042,0x0062,0x0082,0x00A1,0x00A2,0x00A2,0x00A2,0x00E3,0x0103,0x0103,0x0104,0x0103,
0x00E2,0x0103,0x00E2,0x00E2,0x00C1,0x00A1,0x00C1,0x00A1,0x00A1,0x00A1,0x00A1,0x00A1,0x00A1,0x00C2,0x00C2,0x00C2,
0x0082,0x0061,0x0061,0x0061,0x0061,0x0061,0x0061,0x0061,0x0061,0x0061,0x0061,0x0081,0x0081,0x0081,0x0081,0x00C3,
0x01A7,0x01C8,0x0187,0x00E3,0x00A3,0x00C3,0x0082,0x00A2,0x00A3,0x00A2,0x00C4,0x0125,0x0146,0x0186,0x01A7,0x0186,
0x0166,0x0125,0x00C4,0x00C4,0x00C4,0x00A3,0x00A3,0x00A3,0x00A3,0x00C4,0x00C4,0x00A3,0x0126,0x01E9,0x020A,0x01CA,
0x022B,0x028E,0x03D5,0x02B1,0x016D,0x01AE,0x00A7,0x0065,0x0065,0x0086,0x0086,0x00CA,0x00A9,0x00EB,0x00A9,0x0045,
0x00CB,0x0170,0x010D,0x010D,0x0130,0x01F5,0x0AF8,0x0379,0x0C1C,0x0CFE,0x02B7,0x22D7,0x449E,0x0B18,0x01F1,0x02B6,
0x02B6,0x0275,0x016E,0x00EA,0x014D,0x00C9,0x0067,0x0067,0x0067,0x0088,0x00CB,0x00AE,0x0994,0x339B,0x441E,0x1238,
0x008F,0x00AC,0x00AB,0x00EC,0x010C,0x0088,0x0212,0x0212,0x0067,0x00EB,0x00CB,0x00AB,0x00AA,0x00A9,0x00AA,0x00AB,
0x00AB,0x00CC,0x598C,0xDD34,0x19F0,0x10C9,0x3840,0xB2A9,0x834F,0x9166,0x6B31,0x38E7,0x4085,0x5065,0x58C4,0xC263,
0x60C6,0x7023,0x70A4,0x598A,0x49AD,0x116E,0x010E,0x4949,0x7A08,0x9B09,0x194D,0x010E,0xC34D,0xD5B7,0x096F,0x00AB,
0x00CB,0x00CC,0x00AA,0x0089,0x00A9,0x00A9,0x0088,0x0067,0x00CB,0x00CB,0x0089,0x008A,0x00AA,0x00CB,0x00CD,0x00D1,
0x19F7,0x53BC,0x435A,0x0973,0x00CE,0x00CB,0x00A9,0x0089,0x0088,0x0088,0x0088,0x010B,0x0A30,0x01AE,0x00A9,0x00A7,
0x0087,0x00A8,0x00E9,0x012B,0x01AE,0x02B3,0x02F5,0x014C,0x1230,0x33D6,0x1355,0x02D3,0x0230,0x0293,0x0293,0x0293,
0x2BF9,0x3419,0x1BF9,0x0C7B,0x565F,0x1D1C,0x02B5,0x01EF,0x01EF,0x01CE,0x016C,0x014B,0x01EF,0x4C16,0x4354,0x5AF0,
0x9411,0xA4B4,0x9495,0xA495,0x6394,0x01B0,0x018F,0x01D0,0x014D,0x012D,0x014E,0x018F,0x018F,0x016E,0x016D,0x010B,
0x00C9,0x00C8,0x00C8,0x00C9,0x00A8,0x00A8,0x0087,0x0086,0x0086,0x0087,0x0087,0x0066,0x00A7,0x00E8,0x0086,0x0085,
0x0086,0x0065,0x0065,0x0065,0x0065,0x0065,0x0065,0x0065,0x0065,0x0086,0x0044,0x39A9,0xC42F,0xA3AE,0xABAF,0x6AAE,
0x39EC,0x31AC,0x298C,0x298B,0x31AB,0x31CC,0x298B,0x1109,0x0929,0x00C8,0x00A7,0x0086,0x0085,0x0065,0x0065,0x0065,
0x0065,0x0065,0x0065,0x0066,0x0066,0x0065,0x0065,0x0065,0x0065,0x0065,0x0044,0x0044,0x0044,0x0044,0x0044,0x0043,
0x0044,0x0065,0x0065,0x0064,0x0043,0x0042,0x0062,0x0062,0x0062,0x0082,0x0083,0x0083,0x00C4,0x00E5,0x00E5,0x00E5,
0x00C4,0x00C3,0x00C4,0x00C4,0x0082,0x0082,0x0062,0x0062,0x0062,0x0062,0x0062,0x0062,0x0062,0x0083,0x00A3,0x0083,
0x0083,0x0083,0x0062,0x0062,0x0062,0x0042,0x0041,0x0042,0x0042,0x0042,0x0041,0x0041,0x0062,0x0062,0x0062,0x0062,
0x0062,0x00C4,0x0148,0x0106,0x0106,0x00A4,0x0062,0x0062,0x0062,0x0042,0x0083,0x0084,0x00A4,0x0105,0x0126,0x0168,
0x0147,0x0106,0x0127,0x00E6,0x00E6,0x00A4,0x0063,0x0063,0x0063,0x0063,0x0063,0x0063,0x0084,0x00E6,0x0189,0x0189,
0x0148,0x016A,0x0291,0x0230,0x01B0,0x0211,0x016D,0x0045,0x0045,0x0087,0x00A9,0x0087,0x00A8,0x00EB,0x012E,0x00A9,
0x008A,0x0130,0x01B2,0x010E,0x0130,0x02F8,0x14BE,0x0B19,0x0298,0x0215,0x1A94,0x3CFE,0x0B17,0x0212,0x016D,0x01AF,
0x012C,0x01B0,0x014D,0x00EA,0x014D,0x010B,0x0086,0x0066,0x00A8,0x008B,0x0111,0x333A,0x43FD,0x1A57,0x0112,0x00EE,
0x0089,0x0068,0x0068,0x0088,0x00CA,0x0067,0x012D,0x0294,0x00A9,0x0088,0x00CA,0x00A9,0x00CA,0x00CA,0x00CB,0x00CB,
0x00AB,0x00CC,0x69AC,0xCB2C,0x11D0,0x29AF,0x4909,0xAB2E,0x6B50,0x30C8,0x8A4B,0x68C4,0x3885,0x3821,0x8143,0xC308,
0x7185,0x7863,0x30C9,0x392A,0x394A,0x110D,0x51CA,0x91C8,0xE5B6,0xBCD1,0x11D0,0x0171,0xB2EB,0xD5D7,0x0990,0x00CB,
0x090B,0x00EC,0x00CB,0x00AA,0x0089,0x0088,0x0067,0x0089,0x00AB,0x0089,0x0089,0x0089,0x008A,0x00AB,0x00CC,0x00EC,
0x00CD,0x00D0,0x2A58,0x53BC,0x2A77,0x00F0,0x00CC,0x00AA,0x00A9,0x0088,0x00A9,0x00A9,0x0089,0x01EE,0x0250,0x00EA,
0x00C9,0x00A8,0x00E9,0x014B,0x00C8,0x010A,0x0293,0x02D4,0x0231,0x00C9,0x012B,0x01EE,0x018D,0x01CE,0x0A91,0x0A92,
0x0231,0x2396,0x2B76,0x1BF9,0x55DD,0x24FC,0x02F6,0x0315,0x0292,0x01EF,0x01CE,0x1291,0x0A72,0x0A93,0x63F5,0x9454,
0x94D6,0x3396,0x0213,0x3376,0x3315,0x01D2,0x01B1,0x01D1,0x014D,0x012C,0x012D,0x014D,0x016D,0x012B,0x010B,0x00EA,
0x00E9,0x00E8,0x00E9,0x00C9,0x00C8,0x00A8,0x0087,0x00A7,0x0087,0x0086,0x0086,0x0066,0x116A,0x118B,0x00E8,0x00C7,
0x0065,0x0065,0x0065,0x0065,0x0065,0x0065,0x0064,0x0065,0x0065,0x0065,0x0086,0x00E9,0x7AEC,0xF4ED,0xDC4E,0x6A8D,
0x522C,0x5A2C,0x5A2C,0x624C,0x522C,0x41EC,0x216B,0x196A,0x08E8,0x00A7,0x0085,0x00A6,0x0086,0x0065,0x0065,0x0065,
0x0065,0x0065,0x0065,0x0086,0x0065,0x0065,0x0065,0x0065,0x0065,0x0065,0x0044,0x0045,0x0044,0x0044,0x0044,0x0043,
0x0023,0x0043,0x0065,0x0086,0x0085,0x0064,0x0043,0x0063,0x0063,0x0084,0x00A5,0x0084,0x00A4,0x00A5,0x00A5,0x00A5,
0x00A5,0x00A4,0x00A4,0x0084,0x0084,0x0063,0x0062,0x0062,0x0062,0x0062,0x0042,0x0062,0x0062,0x0063,0x0063,0x0084,
0x0084,0x0084,0x0063,0x0042,0x0042,0x0042,0x0042,0x0022,0x0022,0x0042,0x0042,0x0022,0x0022,0x0042,0x0042,0x0041,
0x0042,0x0063,0x0084,0x00E7,0x0128,0x0108,0x0084,0x0042,0x0043,0x0043,0x0043,0x0043,0x0063,0x0084,0x00E6,0x0128,
0x0129,0x0129,0x0129,0x014A,0x0108,0x00A7,0x0064,0x0043,0x0043,0x0064,0x0043,0x0043,0x0043,0x0085,0x00E8,0x014B,
0x00A6,0x00A6,0x010A,0x012A,0x0210,0x0232,0x00EA,0x00A8,0x0088,0x0088,0x00A9,0x0089,0x00A9,0x00A9,0x00CB,0x00ED,
0x0089,0x00CB,0x012F,0x0171,0x0338,0x039B,0x0A98,0x1318,0x0255,0x0A53,0x243B,0x13FB,0x02B5,0x0231,0x01F1,0x016C,
0x0067,0x010B,0x00C9,0x0066,0x00C9,0x00A8,0x00A9,0x00A9,0x008C,0x11B3,0x43FC,0x335B,0x0154,0x00CF,0x00EE,0x00ED,
0x00AB,0x0088,0x0066,0x0066,0x0067,0x0087,0x0088,0x0089,0x00A9,0x0088,0x00A9,0x00CB,0x00CC,0x00CC,0x00EC,0x090D,
0x00ED,0x014F,0x518C,0xA3B0,0x1317,0x3AD5,0x51AD,0x9B0D,0x9BAF,0x8062,0x6908,0x394B,0x4883,0x1842,0x68A2,0xA265,
0x8123,0x8187,0x81A9,0x496C,0x212C,0x112D,0x498C,0x71AB,0xDD34,0xE5F4,0x4397,0x0256,0x7A2A,0xCD75,0x09B0,0x00CB,
0x29CE,0x010C,0x008A,0x0089,0x0089,0x0088,0x0089,0x0089,0x00AA,0x0068,0x0088,0x0067,0x0067,0x0088,0x0089,0x0089,
0x00CA,0x00EC,0x00AD,0x0132,0x433A,0x435A,0x0952,0x00CD,0x00CA,0x00A9,0x00A9,0x0088,0x00A9,0x0088,0x01AD,0x02B2,
0x010B,0x00C9,0x00EA,0x010A,0x014C,0x010B,0x010A,0x00E9,0x016C,0x018D,0x00A8,0x00C8,0x0109,0x014B,0x01AD,0x016C,
0x016C,0x01AF,0x0AB3,0x3C9A,0x7E1E,0x9EFF,0x65FD,0x0BB8,0x0252,0x0252,0x0252,0x3333,0x5C36,0x8CD7,0xA537,0x4C18,
0x0A95,0x01D0,0x010D,0x018F,0x01D1,0x02B5,0x018F,0x016E,0x016E,0x012D,0x012C,0x012C,0x010A,0x00C9,0x00E9,0x00EA,
0x00EA,0x00E9,0x00C8,0x00C8,0x00C8,0x00A7,0x00E8,0x00C8,0x00A7,0x0086,0x00A7,0x0908,0x626D,0x29AB,0x00E9,0x00A7,
0x0086,0x0085,0x0065,0x0065,0x0065,0x0044,0x0065,0x0065,0x0065,0x0044,0x29AC,0x3A2F,0x8B4E,0x936D,0x72CD,0x1129,
0x114A,0x5A4C,0x8AED,0x7A8C,0x5A0C,0x39CB,0x318B,0x08E8,0x0087,0x0065,0x0045,0x0065,0x0065,0x0065,0x0065,0x0065,
0x0065,0x0065,0x0086,0x0066,0x0066,0x0086,0x0065,0x0065,0x0065,0x0066,0x0065,0x0044,0x0045,0x0044,0x0044,0x0044,
0x0024,0x0044,0x0044,0x0044,0x0066,0x0086,0x0085,0x0085,0x0065,0x00A6,0x00C7,0x00C7,0x0085,0x0064,0x00A6,0x00A6,
0x00C6,0x00A5,0x00A5,0x0084,0x0084,0x00A4,0x0084,0x0063,0x0064,0x0063,0x0043,0x0043,0x0063,0x0043,0x0063,0x0064,
0x0064,0x0064,0x0065,0x0043,0x0042,0x0022,0x0022,0x0022,0x0022,0x0042,0x0042,0x0022,0x0022,0x0022,0x0022,0x0022,
0x0043,0x0063,0x0043,0x00A6,0x0108,0x0129,0x00C7,0x0085,0x0064,0x0064,0x0043,0x0043,0x0022,0x0043,0x0064,0x0085,
0x00C8,0x00E8,0x010A,0x00EA,0x00C9,0x00A7,0x0065,0x0023,0x0043,0x0064,0x0085,0x0044,0x0043,0x0065,0x0087,0x012B,
0x00C8,0x00A7,0x012B,0x01D0,0x02D5,0x02F6,0x01B0,0x01F2,0x01D0,0x014D,0x012C,0x0068,0x0088,0x00AB,0x00ED,0x010F,
0x00ED,0x00CD,0x01B3,0x02F9,0x0297,0x0277,0x0AF8,0x037A,0x0295,0x0379,0x0BBA,0x02B6,0x0273,0x01D0,0x018E,0x014C,
0x00E9,0x0086,0x0045,0x0087,0x0087,0x0088,0x00AA,0x00CF,0x2AB7,0x339A,0x09B3,0x00F0,0x0172,0x00AB,0x008A,0x00CB,
0x0089,0x0066,0x0045,0x0066,0x010B,0x00A8,0x0087,0x00C9,0x012D,0x00EC,0x008A,0x00CC,0x012E,0x014F,0x016F,0x19B0,
0x00ED,0x012D,0x59CD,0xA36F,0x11D0,0x3211,0x49AB,0x9AEC,0x936E,0x8107,0x81AA,0x398E,0x40A4,0x3042,0x68A2,0xCB07,
0x9226,0x48A5,0x8A08,0x81A9,0x59EC,0x296D,0x398D,0x618C,0xE554,0xF6B8,0x4AF3,0x00EF,0xA2AA,0xC555,0x098F,0x00CB,
0x3250,0x0231,0x01D0,0x012C,0x0089,0x0068,0x008A,0x00AA,0x00A9,0x0068,0x0067,0x0067,0x0067,0x0088,0x0088,0x0088,
0x0089,0x00A9,0x00CA,0x00CC,0x00AE,0x2216,0x4B9B,0x19F5,0x00AD,0x00CB,0x00AA,0x00A8,0x00A8,0x00A8,0x00A9,0x018D,
0x0A30,0x010B,0x00CA,0x00C9,0x00EA,0x0087,0x0086,0x0086,0x00C8,0x010A,0x00E9,0x0087,0x00A7,0x00E8,0x01CE,0x0250,
0x020F,0x018D,0x020F,0x1355,0x553C,0x65DD,0x8EDF,0x4D7C,0x0336,0x0294,0x02F5,0x3BF8,0x2C1A,0x7D1A,0x5D1C,0x247D,
0x1B78,0x01D2,0x00EB,0x00EB,0x0190,0x0212,0x016E,0x018E,0x01D0,0x018E,0x014C,0x010A,0x00E9,0x00C8,0x00C9,0x00A8,
0x00A8,0x00C8,0x00C8,0x00E8,0x00E8,0x00E8,0x00E8,0x00C7,0x00C7,0x0108,0x00C8,0x29CB,0x4A2C,0x0929,0x0086,0x0085,
0x0065,0x0065,0x0065,0x0086,0x0065,0x0065,0x0065,0x0065,0x0065,0x0065,0x00C8,0x114B,0x31ED,0x094B,0x00A8,0x0066,
0x218A,0x930D,0x82CC,0x49EB,0x214A,0x08E8,0x1109,0x00E8,0x00E9,0x0066,0x0066,0x0086,0x0066,0x0086,0x0086,0x0086,
0x0066,0x0086,0x0086,0x0086,0x0087,0x0086,0x0066,0x0065,0x0065,0x0066,0x0044,0x0045,0x0045,0x0044,0x0044,0x0044,
0x0066,0x0066,0x0044,0x0002,0x0023,0x0086,0x00C8,0x00E9,0x00A7,0x00C8,0x00E9,0x00C8,0x00A7,0x0086,0x00A7,0x00C7,
0x00E8,0x00E8,0x00A6,0x0085,0x00A6,0x00C6,0x00C6,0x0085,0x0085,0x0085,0x0064,0x0043,0x0043,0x0043,0x0064,0x0065,
0x0086,0x0086,0x0085,0x0043,0x0043,0x0044,0x0043,0x0023,0x0023,0x0043,0x0043,0x0022,0x0022,0x0022,0x0022,0x0022,
0x0022,0x0064,0x00A6,0x0064,0x0043,0x0064,0x00E8,0x00C7,0x00C7,0x0086,0x0065,0x0064,0x0044,0x0044,0x0043,0x0065,
0x0086,0x00C8,0x012B,0x018E,0x01AF,0x018E,0x010A,0x010A,0x0087,0x0066,0x0086,0x0066,0x0065,0x0044,0x0086,0x00EA,
0x014C,0x00C9,0x010A,0x012C,0x014D,0x02B6,0x0359,0x0296,0x0213,0x016F,0x01F2,0x0295,0x00EC,0x010E,0x0130,0x0151,
0x0130,0x01B3,0x0298,0x01B3,0x0235,0x0235,0x0B57,0x0293,0x0A93,0x0B35,0x0272,0x0272,0x0210,0x016C,0x00E9,0x016D,
0x00C9,0x0044,0x0065,0x0065,0x00A8,0x00AA,0x0951,0x3B9B,0x2AD8,0x00CE,0x008A,0x00CB,0x0171,0x00EB,0x0067,0x0088,
0x0066,0x0066,0x0066,0x0088,0x010B,0x00EB,0x00A8,0x0088,0x00EE,0x01B2,0x01D0,0x018F,0x0212,0x0233,0x0A32,0x3210,
0x00AB,0x00EC,0x69EE,0x9AEC,0x3A2D,0x31EE,0x418C,0x8B0E,0x9BAF,0x8946,0xC9C6,0x50A7,0x30A4,0x30E6,0x60A5,0xD3E9,
0xBB69,0x9289,0x8A08,0x3865,0x59EC,0x61EA,0x316D,0x596B,0xDD54,0xE5D4,0x42F2,0x010E,0xAACB,0xCD55,0x014E,0x00CB,
0x3A30,0x016F,0x01D0,0x0210,0x01EF,0x09CF,0x016F,0x00ED,0x008A,0x00CA,0x00AA,0x0067,0x0067,0x00A9,0x0088,0x0088,
0x0088,0x0088,0x0089,0x00CA,0x00EB,0x00AC,0x0951,0x435B,0x32D8,0x00F0,0x00CC,0x00A9,0x0088,0x0087,0x00A8,0x0088,
0x014C,0x12F3,0x018E,0x00CA,0x00A8,0x0087,0x0087,0x0087,0x0087,0x00C8,0x012A,0x0109,0x016B,0x0109,0x012B,0x01AE,
0x02F4,0x0355,0x0B55,0x1396,0x13D8,0x0BB8,0x0B98,0x13D9,0x0378,0x049B,0x0399,0x0C1B,0x457E,0x7DBE,0x3D7E,0x0C9C,
0x03BA,0x0233,0x010B,0x01B0,0x01F2,0x01B0,0x01AF,0x01AF,0x016D,0x014C,0x014B,0x014C,0x012B,0x00E9,0x00E9,0x00A8,
0x00A8,0x00C8,0x00C8,0x00C8,0x00C7,0x00C8,0x00C7,0x00E8,0x014A,0x0108,0x08E8,0x21AC,0x00E8,0x00A6,0x0065,0x0064,
0x0065,0x0086,0x0086,0x0086,0x0086,0x0086,0x0086,0x0065,0x0065,0x0065,0x0065,0x0065,0x00E9,0x0086,0x0044,0x0045,
0x0908,0x7AAC,0x298A,0x096B,0x092A,0x0065,0x00C8,0x00A7,0x0065,0x0066,0x0086,0x00A6,0x00A7,0x00A7,0x0086,0x0086,
0x0086,0x0086,0x0086,0x0086,0x0086,0x0086,0x0086,0x0086,0x0066,0x0065,0x0065,0x0065,0x0045,0x0044,0x00C8,0x00A8,
0x0067,0x00A8,0x0087,0x0044,0x0002,0x0044,0x00A7,0x00C8,0x00A7,0x00A7,0x00C9,0x00EA,0x00C8,0x00C7,0x00A7,0x00A7,
0x00C8,0x00E9,0x00E8,0x00C7,0x00C6,0x00C6,0x00C6,0x00A5,0x00A6,0x00A6,0x0086,0x0064,0x0043,0x0023,0x0044,0x0065,
0x0087,0x00A7,0x00A7,0x0086,0x0065,0x0065,0x0065,0x0064,0x0064,0x0043,0x0043,0x0043,0x0023,0x0023,0x0022,0x0022,
0x0022,0x0043,0x0065,0x0085,0x0023,0x0022,0x0044,0x0043,0x0086,0x0086,0x0086,0x00A7,0x0086,0x00A7,0x0086,0x0044,
0x0045,0x00A7,0x00A7,0x016D,0x0232,0x0232,0x0232,0x01F1,0x018E,0x014C,0x00E9,0x0045,0x0066,0x0086,0x0066,0x0066,
0x00C9,0x010C,0x00C9,0x010A,0x012B,0x01F2,0x037A,0x0B9A,0x0277,0x0215,0x02D9,0x01B1,0x00CB,0x00CB,0x012F,0x0131,
0x01F5,0x0278,0x0152,0x01F3,0x0235,0x012F,0x0233,0x0210,0x02B4,0x0293,0x01CE,0x01CE,0x01AE,0x01AE,0x010B,0x00EA,
0x0066,0x0065,0x0065,0x0087,0x0068,0x016F,0x2B79,0x19F3,0x006C,0x00AA,0x0088,0x0067,0x00CB,0x00A9,0x00A8,0x0067,
0x0087,0x0088,0x0088,0x00EA,0x014D,0x014D,0x010C,0x014D,0x1251,0x12B3,0x0AF5,0x02F6,0x02D6,0x02D5,0x0A32,0x31F0,
0x00CC,0x010D,0x61EE,0xA3AF,0x018F,0x3211,0x41CB,0x69A8,0xD42E,0x8165,0x8022,0x518E,0x5928,0x3021,0x3800,0x6163,
0xBA85,0x7964,0x71C6,0x7A4A,0x4A2E,0x318D,0x296D,0x516B,0xD4B1,0xEE15,0x4B53,0x00CD,0x8A08,0xCD55,0x096F,0x00CC,
0x3A30,0x012D,0x00EC,0x00EC,0x010C,0x098D,0x1A30,0x2A31,0x196D,0x0089,0x0088,0x0088,0x0067,0x0067,0x0067,0x0087,
0x0087,0x0087,0x0088,0x00A9,0x00A9,0x00CA,0x00EB,0x00EF,0x3B19,0x435A,0x0110,0x00CC,0x00A9,0x0087,0x0087,0x00A8,
0x00CA,0x016D,0x0AB2,0x010B,0x00A8,0x00A8,0x00A7,0x0087,0x0086,0x0086,0x0086,0x00E8,0x014B,0x012A,0x018C,0x020F,
0x0230,0x0292,0x0B96,0x3D1B,0x557D,0x5D9D,0x44FB,0x34DB,0x1397,0x03B9,0x05DF,0x1E7F,0x5F3F,0x15BF,0x039B,0x03DB,
0x03BA,0x01F2,0x01F1,0x0212,0x01B0,0x018F,0x018E,0x014C,0x012B,0x014C,0x01AE,0x014C,0x00E9,0x00C8,0x00E9,0x00E9,
0x00A8,0x0086,0x00C7,0x00C7,0x0086,0x00A7,0x00C8,0x014A,0x0109,0x0086,0x00E8,0x0109,0x0086,0x0065,0x0085,0x0065,
0x0086,0x0065,0x0086,0x0086,0x0085,0x0085,0x0085,0x0065,0x0086,0x0086,0x0065,0x0085,0x0085,0x0044,0x0065,0x1908,
0x72AC,0x5A4C,0x0109,0x00C8,0x0086,0x0065,0x0066,0x0066,0x0086,0x0087,0x00A7,0x00A7,0x00A7,0x0087,0x0086,0x0087,
0x0087,0x0086,0x0086,0x0087,0x0086,0x0086,0x0066,0x0065,0x0065,0x0065,0x0045,0x0045,0x0044,0x00A7,0x010B,0x00E9,
0x0024,0x0066,0x00A8,0x00A8,0x0065,0x0045,0x0087,0x00A8,0x00A8,0x00A8,0x00C8,0x00E9,0x00E9,0x00C7,0x00E8,0x00E8,
0x00C8,0x00C8,0x00E8,0x00E8,0x00C7,0x0107,0x0107,0x00A6,0x00C7,0x00A6,0x0085,0x0065,0x0065,0x0044,0x0044,0x0065,
0x0086,0x0086,0x00A7,0x00A7,0x00A7,0x00A7,0x0086,0x0086,0x0065,0x0044,0x0044,0x0043,0x0023,0x0023,0x0023,0x0022,
0x0022,0x0023,0x0023,0x0044,0x0043,0x0022,0x0022,0x0023,0x0022,0x0022,0x0043,0x0086,0x0066,0x00C8,0x00C8,0x0087,
0x0086,0x0086,0x0065,0x012B,0x01CF,0x018E,0x0273,0x0233,0x0211,0x01CF,0x016E,0x012C,0x014D,0x00A9,0x00C9,0x0087,
0x00E9,0x012D,0x0088,0x00C9,0x00EB,0x0190,0x0297,0x1C5D,0x04DF,0x03DC,0x01B3,0x010E,0x010F,0x00CC,0x0131,0x0217,
0x0258,0x0A56,0x0170,0x0214,0x012E,0x0190,0x01AF,0x09CE,0x0211,0x01EF,0x014B,0x00C8,0x010A,0x016C,0x0109,0x0045,
0x0066,0x00A8,0x0086,0x0046,0x01CE,0x0AD4,0x00CD,0x0069,0x0089,0x0088,0x0066,0x0046,0x0067,0x012B,0x010B,0x00C9,
0x00A9,0x00A9,0x00EB,0x014E,0x0171,0x018F,0x12D4,0x12B3,0x09AF,0x00EC,0x0212,0x02D5,0x0190,0x012E,0x096E,0x3230,
0x00ED,0x010D,0x5A0E,0x92CC,0x016F,0x3230,0x28C3,0x3880,0x5123,0x4062,0x6081,0x68E3,0x4040,0x1000,0x3840,0x8100,
0x68E1,0x8A46,0x8983,0x9964,0x61A8,0x51CC,0x41AC,0x5129,0xD490,0xD5D5,0x4B12,0x012F,0x9A29,0xCD55,0x09B0,0x00CC,
0x3A4F,0x014D,0x012D,0x010C,0x00CB,0x0068,0x0068,0x112B,0x3A51,0x2A51,0x116D,0x00AA,0x0088,0x0088,0x0087,0x0087,
0x0087,0x0087,0x0088,0x0087,0x0087,0x00A8,0x00C9,0x00EA,0x00AD,0x2A76,0x4BBA,0x010F,0x00AB,0x00A9,0x00A8,0x00A8,
0x010B,0x00CA,0x00EA,0x01EE,0x010A,0x00A8,0x00A7,0x0087,0x0086,0x0066,0x00A6,0x00C8,0x00A7,0x0086,0x016B,0x0230,
0x1334,0x0A30,0x01CE,0x1BB5,0x0356,0x0B55,0x1BF7,0x34DA,0x355C,0x0CDC,0x1F5F,0xD7FF,0xB7FF,0x065F,0x037A,0x0359,
0x03BA,0x0275,0x0253,0x01F0,0x01AF,0x0232,0x01AE,0x010A,0x016C,0x018D,0x014C,0x00C8,0x00A8,0x00E9,0x00E9,0x00A7,
0x0086,0x0086,0x00C7,0x00A6,0x0065,0x0086,0x00A7,0x00E9,0x00A6,0x0086,0x0065,0x00C7,0x00E9,0x00C8,0x0086,0x0065,
0x0065,0x0086,0x0086,0x0086,0x0065,0x0085,0x0086,0x0065,0x0086,0x0086,0x0065,0x0064,0x0064,0x0065,0x318A,0x31AB,
0x216A,0x1109,0x0065,0x00A7,0x0109,0x0086,0x0066,0x0086,0x00A8,0x00A7,0x00A7,0x00A7,0x00A7,0x00A7,0x00A7,0x00A7,
0x00A7,0x0087,0x00A7,0x0087,0x0086,0x00C8,0x00E9,0x00E9,0x0065,0x0065,0x0087,0x0065,0x0045,0x00C8,0x00E9,0x00C8,
0x0024,0x0024,0x0087,0x00C9,0x00A7,0x0066,0x0066,0x0045,0x0087,0x00C9,0x00A8,0x00A7,0x00C8,0x00E9,0x0109,0x012A,
0x00E9,0x00C8,0x00C8,0x00C8,0x00C7,0x0167,0x0168,0x00C7,0x00C7,0x00C7,0x0065,0x0065,0x0065,0x0065,0x0065,0x0065,
0x0065,0x0065,0x00A7,0x00A7,0x00A8,0x0086,0x0065,0x0086,0x0065,0x0064,0x0064,0x0064,0x0044,0x0043,0x0043,0x0023,
0x0023,0x0023,0x0022,0x0023,0x0043,0x0023,0x0043,0x0023,0x0044,0x0065,0x0023,0x0044,0x00A8,0x00A6,0x00C8,0x00A8,
0x0065,0x0043,0x0065,0x00A7,0x0087,0x014D,0x01F1,0x0212,0x0274,0x010B,0x01D0,0x0254,0x0274,0x01B0,0x00A9,0x00EA,
0x014D,0x0213,0x0255,0x0190,0x00A9,0x00EC,0x00ED,0x0150,0x02D7,0x039A,0x0172,0x01B4,0x02DA,0x0193,0x0173,0x0153,
0x0131,0x00ED,0x014F,0x0190,0x014D,0x012C,0x010B,0x01F0,0x01F0,0x014A,0x00E9,0x0087,0x0085,0x00E8,0x00E8,0x0086,
0x00E8,0x018A,0x0087,0x01EE,0x0270,0x0068,0x0067,0x0067,0x0046,0x0067,0x0067,0x0066,0x00A8,0x012B,0x012B,0x012B,
0x012B,0x010B,0x018F,0x0A54,0x2B57,0x1AB3,0x098E,0x008A,0x00AA,0x00CA,0x00EC,0x014F,0x0190,0x0191,0x0A33,0x3A70,
0x00CC,0x012E,0x6A8F,0x8208,0x09B0,0x398B,0x3061,0x40E2,0x4903,0x3061,0x2860,0x3860,0x1000,0x0000,0x2820,0x8981,
0x8181,0x2800,0x5080,0x40C7,0x10EB,0x78E2,0x58C4,0x4883,0x6984,0x6A88,0x19CF,0x0192,0x9A8B,0xCD75,0x018F,0x00CB,
0x3A70,0x098F,0x014E,0x014E,0x00A9,0x0067,0x0087,0x0067,0x0068,0x092B,0x2A50,0x2A71,0x092C,0x0089,0x00A9,0x00A8,
0x0087,0x0066,0x0086,0x00A8,0x0088,0x0088,0x00A9,0x00C9,0x00E9,0x00CA,0x1A32,0x43B8,0x0990,0x00CB,0x00C9,0x00A8,
0x00A8,0x00A7,0x00A8,0x014B,0x02B0,0x010A,0x00C9,0x00A7,0x0086,0x00C7,0x00E9,0x010A,0x012A,0x014A,0x01CE,0x0315,
0x0397,0x1438,0x0313,0x2333,0x12B2,0x01CE,0x0251,0x0251,0x02D4,0x03B8,0x157D,0x5F1F,0x4F7F,0x041B,0x0297,0x0275,
0x0254,0x02B5,0x0211,0x014D,0x0232,0x0272,0x01EF,0x016D,0x014C,0x018D,0x014B,0x010A,0x0109,0x00A7,0x00A7,0x0085,
0x0086,0x00A7,0x0086,0x0085,0x0086,0x0086,0x00A7,0x0087,0x0086,0x0085,0x0087,0x092A,0x21EE,0x010A,0x00C7,0x0085,
0x00E9,0x0087,0x0086,0x0065,0x0085,0x0086,0x0086,0x0065,0x0064,0x0064,0x0085,0x00A6,0x0086,0x0085,0x1929,0x0086,
0x0025,0x00A7,0x00A7,0x0109,0x010A,0x00A7,0x0087,0x00A7,0x00A8,0x00A8,0x0087,0x00A7,0x00A8,0x00A8,0x00A8,0x00A7,
0x00A7,0x00A7,0x00A8,0x0086,0x110B,0x1A11,0x016D,0x014C,0x00C8,0x00E9,0x010A,0x0066,0x0065,0x00C8,0x00C9,0x00A7,
0x0087,0x0045,0x0066,0x00A8,0x00C9,0x00A8,0x0086,0x0044,0x0044,0x0087,0x00A8,0x00A7,0x00A7,0x00C8,0x00E9,0x0109,
0x0109,0x00E9,0x00C8,0x00C8,0x0108,0x01C8,0x01C8,0x0107,0x00E7,0x00C7,0x00C7,0x0065,0x0044,0x0065,0x0065,0x0044,
0x0044,0x0065,0x0065,0x0086,0x0086,0x0064,0x0044,0x0064,0x0044,0x0044,0x0065,0x0044,0x0044,0x0044,0x0043,0x0023,
0x0023,0x0023,0x0023,0x0023,0x0023,0x0023,0x0065,0x0043,0x0044,0x0086,0x00C8,0x0085,0x00A7,0x00A8,0x00C9,0x0066,
0x0044,0x0044,0x0044,0x0045,0x0065,0x00A8,0x010B,0x018F,0x018F,0x01B0,0x1357,0x0A74,0x01D1,0x01D1,0x012D,0x014E,
0x00EB,0x0234,0x0319,0x0297,0x0170,0x00ED,0x010E,0x0191,0x01D4,0x0277,0x02FB,0x02FA,0x047E,0x01B4,0x0110,0x010F,
0x00CD,0x00AB,0x01D1,0x01B1,0x00CB,0x098D,0x0273,0x01F0,0x012B,0x00C7,0x018C,0x018C,0x0109,0x0109,0x0108,0x0066,
0x0169,0x0107,0x018B,0x020E,0x0046,0x0066,0x0066,0x0045,0x0045,0x0045,0x0067,0x0088,0x0067,0x00C9,0x016D,0x018E,
0x018F,0x01F2,0x2B79,0x3BDA,0x1254,0x00CB,0x0089,0x00CA,0x00CA,0x00CA,0x00EC,0x014E,0x0190,0x01D2,0x1254,0x3A91,
0x00CD,0x012F,0x522E,0x8248,0x316B,0x092D,0x10A5,0x524A,0x19AD,0x1800,0x0800,0x2000,0x3040,0x4040,0x4060,0x7162,
0x58E0,0x1000,0x30A1,0x6902,0x30A3,0x40C5,0x28A7,0x2044,0x4880,0x7205,0x2A32,0x0194,0x696A,0xBD14,0x098F,0x00CC,
0x3A91,0x09D0,0x014F,0x00EB,0x0089,0x0067,0x0067,0x0087,0x0087,0x0067,0x0088,0x116C,0x3292,0x2210,0x00CA,0x0088,
0x0087,0x0086,0x0086,0x0087,0x0087,0x0087,0x0087,0x0087,0x00A8,0x00E9,0x00C9,0x11F0,0x43D9,0x09D1,0x00EB,0x00C8,
0x0087,0x0086,0x00A7,0x0087,0x018B,0x024F,0x00A9,0x00A8,0x00A7,0x00C8,0x00C8,0x00C7,0x014A,0x01AC,0x020F,0x02D4,
0x0356,0x0335,0x0356,0x3499,0x3C38,0x09EE,0x018C,0x01CE,0x0210,0x0211,0x0BD9,0x03FA,0x053D,0x04BC,0x02F7,0x01B1,
0x016F,0x0273,0x03DA,0x03B9,0x0357,0x014C,0x014C,0x012B,0x0109,0x012B,0x01AE,0x016D,0x01AE,0x00C8,0x00A7,0x00C8,
0x00A8,0x0086,0x0085,0x0085,0x0086,0x0086,0x00A7,0x0086,0x0085,0x0065,0x00C7,0x196B,0x5A4E,0x114A,0x0109,0x00E9,
0x010A,0x00A7,0x0086,0x0065,0x0086,0x0086,0x0065,0x0065,0x0064,0x0065,0x0085,0x016B,0x00C8,0x0065,0x0044,0x08E7,
0x198B,0x012A,0x00C8,0x012A,0x00A8,0x0087,0x0087,0x0087,0x00C9,0x00C9,0x00A8,0x00A8,0x00A8,0x00A8,0x00A8,0x00A7,
0x00A7,0x00A8,0x00A7,0x092A,0x2231,0x09F0,0x01AE,0x016C,0x012B,0x010A,0x00E9,0x00C8,0x00C8,0x00E9,0x00C8,0x00A7,
0x00A8,0x0087,0x0087,0x0087,0x00C9,0x00EA,0x00E9,0x00C8,0x0066,0x0044,0x0065,0x00A7,0x00C8,0x00A7,0x00C8,0x00E8,
0x010A,0x0109,0x00E9,0x00E8,0x0128,0x0208,0x0229,0x0129,0x0108,0x00E8,0x00E8,0x00E8,0x00A6,0x0044,0x0044,0x0044,
0x0064,0x0044,0x0044,0x0064,0x0085,0x0065,0x0064,0x0065,0x0065,0x0065,0x0064,0x0065,0x0044,0x0044,0x0044,0x0023,
0x0023,0x0023,0x0023,0x0023,0x0023,0x0043,0x0043,0x0043,0x0065,0x00A6,0x00E9,0x096B,0x1128,0x00C8,0x014C,0x010A,
0x0087,0x00A7,0x0065,0x0044,0x0044,0x0065,0x0087,0x00A9,0x0087,0x014D,0x0212,0x01B0,0x01F2,0x01F2,0x01F2,0x0255,
0x0234,0x01B1,0x02B7,0x0297,0x01B2,0x012F,0x010E,0x01D3,0x0237,0x039C,0x049F,0x041D,0x01F4,0x00EF,0x00EF,0x00EE,
0x00ED,0x00EC,0x014E,0x014D,0x00A8,0x016E,0x01D0,0x014C,0x0087,0x0086,0x014B,0x018B,0x014A,0x0149,0x0148,0x00A6,
0x0085,0x01CB,0x01CD,0x0025,0x0066,0x0045,0x0045,0x0045,0x0066,0x0066,0x0087,0x0067,0x0087,0x00C9,0x016D,0x01B0,
0x1294,0x3BDA,0x2B17,0x014F,0x00CA,0x00A9,0x00A9,0x014E,0x016F,0x016E,0x0190,0x0190,0x0190,0x0192,0x1254,0x3AB3,
0x0130,0x01D2,0x3148,0x1863,0x1AD3,0x0235,0x110A,0x3148,0x11CE,0x1884,0x10A5,0x38C4,0x2000,0x2000,0x4860,0xA245,
0x7207,0x50E2,0x5080,0x5065,0x0950,0x090D,0x30E8,0x20C9,0x41EA,0x5ACE,0x5393,0x2B76,0x51C9,0xBD14,0x0A12,0x012E,
0x42D3,0x09B1,0x010E,0x00AA,0x00AA,0x0088,0x0087,0x0088,0x0087,0x0087,0x00A7,0x0066,0x00C9,0x2A2F,0x2A70,0x090A,
0x0087,0x00A7,0x0086,0x0086,0x0086,0x0087,0x0086,0x0086,0x0086,0x00A7,0x00E8,0x00EA,0x1211,0x3BF8,0x014D,0x00C9,
0x00A7,0x0086,0x0086,0x00A7,0x00A8,0x018B,0x01AC,0x00C9,0x0109,0x0109,0x00E8,0x0086,0x00C7,0x00C7,0x0109,0x0129,
0x016B,0x0230,0x0230,0x01CF,0x01CE,0x09ED,0x01CD,0x022F,0x0A91,0x1B54,0x1B55,0x0A52,0x141A,0x24DD,0x041A,0x02B5,
0x0234,0x0295,0x0316,0x0378,0x0231,0x01AE,0x014C,0x014B,0x012A,0x016C,0x016D,0x012B,0x010A,0x0086,0x00C8,0x00E9,
0x0086,0x0065,0x0085,0x0065,0x00A7,0x0087,0x0086,0x0086,0x0065,0x00E7,0x422C,0x628E,0x3A0D,0x092A,0x00A7,0x00C8,
0x0087,0x0086,0x0086,0x0086,0x0086,0x0086,0x0086,0x0086,0x0065,0x0085,0x00A7,0x00C8,0x0086,0x00A6,0x0086,0x39EC,
0x422C,0x014A,0x0109,0x016A,0x00A8,0x0087,0x0087,0x00A7,0x00CA,0x00CA,0x00A8,0x00C9,0x00C8,0x00A8,0x00A8,0x00A7,
0x00A8,0x00C8,0x00A7,0x118D,0x42D4,0x2231,0x01CF,0x014C,0x010A,0x010A,0x010A,0x00E9,0x00C8,0x00C8,0x00C8,0x00C7,
0x00C9,0x00C9,0x00A8,0x0066,0x0087,0x00C9,0x010A,0x012B,0x012B,0x00A8,0x0045,0x0045,0x0087,0x00A8,0x00C8,0x00C8,
0x00E9,0x0109,0x0109,0x0108,0x0148,0x0269,0x02A9,0x0169,0x0128,0x00E7,0x00C7,0x00C8,0x00E8,0x0086,0x0044,0x0064,
0x0065,0x0064,0x0044,0x0064,0x0084,0x0085,0x0065,0x0086,0x0086,0x0086,0x0085,0x0085,0x0065,0x0044,0x0043,0x0023,
0x0023,0x0023,0x0023,0x0023,0x0023,0x0023,0x0043,0x0044,0x0109,0x014A,0x0065,0x098C,0x21ED,0x018E,0x01AF,0x016D,
0x010A,0x012B,0x010A,0x00A8,0x0065,0x0044,0x0044,0x0066,0x00C9,0x00C9,0x014E,0x018F,0x018F,0x018F,0x0234,0x0276,
0x035A,0x0BDC,0x0319,0x0255,0x0296,0x037B,0x0235,0x0151,0x0194,0x037B,0x055F,0x0297,0x0193,0x01B4,0x00EE,0x00CD,
0x012E,0x010C,0x00EA,0x00E9,0x010A,0x012B,0x016C,0x014B,0x014B,0x016B,0x01AB,0x0149,0x0148,0x020A,0x0229,0x01A8,
0x01AB,0x020C,0x0045,0x0066,0x0065,0x0065,0x0065,0x0066,0x0086,0x0086,0x0066,0x0086,0x00A8,0x00EA,0x01B0,0x2B58,
0x3BD9,0x09F2,0x012D,0x00EA,0x00C9,0x00A9,0x00A9,0x00CA,0x00CA,0x012C,0x0190,0x01B1,0x01D3,0x0255,0x0A96,0x2233,
0x01D3,0x01F3,0x3107,0x28C6,0x0A53,0x01D1,0x214A,0x3883,0x08C6,0x30C5,0x48C5,0x48E5,0x5924,0x6943,0x68A0,0x68C3,
0xD471,0xD450,0x79C6,0x7167,0x112A,0x014D,0x316B,0x39CF,0x528D,0x32D3,0x0A34,0x1211,0x0842,0x730C,0x09D2,0x0191,
0x4335,0x0A73,0x0190,0x010D,0x00CB,0x00AA,0x00A9,0x00A8,0x0087,0x0087,0x0087,0x00A7,0x00A7,0x0087,0x094B,0x32B0,
0x21CC,0x0088,0x00A7,0x0086,0x0086,0x0086,0x0086,0x0086,0x0086,0x00A6,0x00A7,0x00E8,0x012A,0x09AE,0x2B54,0x012B,
0x00A8,0x0086,0x0086,0x00A6,0x00C7,0x00A8,0x0A0D,0x020E,0x012B,0x00E9,0x00C7,0x00C7,0x00A6,0x0109,0x01EF,0x01CE,
0x016B,0x01AC,0x0129,0x014B,0x010A,0x00E9,0x018C,0x0270,0x0AB1,0x1334,0x12F3,0x1314,0x1B97,0x7DDF,0x3C3A,0x045B,
0x045D,0x0255,0x012C,0x016C,0x010A,0x010A,0x014B,0x01CE,0x012A,0x0109,0x00E9,0x00E9,0x00E8,0x00A7,0x00A7,0x0086,
0x0065,0x00A6,0x00C7,0x00E8,0x00C8,0x0086,0x0065,0x00C7,0x218B,0x012A,0x21AB,0x198B,0x0129,0x00C8,0x0086,0x0086,
0x0086,0x0086,0x0086,0x0086,0x0086,0x00C7,0x00E8,0x00C8,0x00A7,0x00A6,0x00A6,0x0085,0x0065,0x114A,0x116B,0x114A,
0x00A7,0x0065,0x00C7,0x00C9,0x00A8,0x0087,0x00A7,0x00A8,0x00CA,0x00EB,0x00C9,0x00C9,0x00C9,0x00C9,0x00C8,0x00C8,
0x00C9,0x00C9,0x00A8,0x096D,0x3293,0x1A31,0x01CF,0x014C,0x012B,0x012A,0x010A,0x00E9,0x00C9,0x00E9,0x00E9,0x00E9,
0x00C9,0x00E9,0x00EA,0x00C9,0x00A8,0x00C9,0x00C9,0x00E9,0x010B,0x012B,0x00C9,0x0066,0x0045,0x0066,0x00C8,0x00E9,
0x00E9,0x0109,0x0109,0x0129,0x01A9,0x03A9,0x0BC9,0x0188,0x0108,0x00E8,0x00C7,0x00C8,0x00C8,0x00C8,0x00A7,0x0065,
0x0064,0x0065,0x0064,0x0064,0x0084,0x0065,0x0065,0x0085,0x0086,0x0085,0x0065,0x0085,0x0065,0x0065,0x0044,0x0043,
0x0043,0x0043,0x0023,0x0023,0x0023,0x0023,0x0043,0x0043,0x0085,0x0109,0x094A,0x19ED,0x11EE,0x09F0,0x01D0,0x01AF,
0x014C,0x012C,0x014C,0x012B,0x010A,0x00A8,0x0044,0x0045,0x0066,0x00C9,0x00EB,0x0087,0x0088,0x014E,0x02B7,0x0319,
0x02D8,0x02F8,0x041D,0x02F9,0x0297,0x1C5D,0x02F9,0x00F1,0x0174,0x035C,0x2D5E,0x135A,0x0173,0x0130,0x00CB,0x00CA,
0x018E,0x00E9,0x0087,0x0087,0x00C9,0x010A,0x0109,0x00E8,0x014A,0x00E7,0x0127,0x01C9,0x0249,0x028A,0x02C9,0x00E8,
0x01CD,0x0087,0x00A6,0x00A6,0x00A6,0x00A6,0x00C6,0x1146,0x00A6,0x0086,0x0086,0x0087,0x00CA,0x012C,0x2B97,0x33D9,
0x016F,0x010C,0x00EA,0x00A9,0x00CA,0x00A9,0x00A9,0x00C9,0x00AA,0x00AB,0x010D,0x0233,0x02F6,0x02B5,0x0A55,0x1A11,
0x010F,0x0171,0x3148,0x29ED,0x194E,0x2908,0x3127,0x49AB,0x210A,0x5863,0x310B,0x1022,0xB248,0x79C6,0x3800,0x7103,
0xC36C,0xCC0F,0x6164,0x9A27,0x9B50,0x2A73,0x194C,0x11AF,0x4A2B,0x7B71,0x11D2,0x00ED,0x00CA,0x5AAC,0x11B2,0x00EE,
0x4272,0x09D1,0x01F2,0x0211,0x01B0,0x098E,0x00AA,0x00A9,0x00A9,0x0088,0x00A8,0x00A8,0x00A7,0x00A7,0x00A7,0x00C8,
0x3A8F,0x322D,0x00A7,0x00A7,0x0086,0x0086,0x0086,0x00A6,0x00A6,0x00A6,0x00A6,0x00C6,0x0108,0x00A7,0x11CD,0x1B53,
0x00EA,0x00C8,0x0086,0x0086,0x0086,0x00C7,0x00E9,0x02D0,0x018C,0x00C8,0x00A6,0x00A6,0x00C7,0x014A,0x01EE,0x01EE,
0x01CD,0x0109,0x012A,0x0109,0x00A7,0x00C8,0x00E8,0x00C7,0x00E8,0x0230,0x0314,0x02F3,0x02F3,0x1375,0x349B,0x0294,
0x03F9,0x02F6,0x012C,0x014D,0x010A,0x018D,0x01AD,0x014A,0x0108,0x00E8,0x012A,0x010A,0x00C7,0x00A6,0x00A6,0x0065,
0x0065,0x00A7,0x0129,0x016A,0x00A6,0x0085,0x0065,0x00A7,0x1109,0x00A7,0x00E8,0x00E8,0x00A7,0x00A6,0x0086,0x0086,
0x0086,0x0086,0x0086,0x0086,0x00E8,0x016B,0x00C8,0x00A7,0x00A6,0x0086,0x0065,0x2948,0x31AA,0x118B,0x090A,0x0087,
0x0065,0x0066,0x0067,0x00A8,0x00A8,0x00A8,0x0087,0x00A8,0x00EB,0x00EC,0x00EA,0x00C9,0x00C9,0x00CA,0x00EA,0x00EA,
0x00EA,0x092B,0x19D1,0x1212,0x1231,0x1A51,0x09CF,0x014C,0x012B,0x012A,0x012A,0x0109,0x00E9,0x00E9,0x0109,0x00E9,
0x00A8,0x00C9,0x00EA,0x010B,0x010A,0x010A,0x00E9,0x00C8,0x00C9,0x010A,0x010B,0x00EA,0x00A8,0x0066,0x0066,0x0087,
0x00C9,0x00C8,0x0109,0x014A,0x01C8,0x45AD,0x562F,0x01E7,0x0129,0x0109,0x00A7,0x0066,0x00A8,0x00A8,0x0086,0x0065,
0x0065,0x0085,0x0064,0x0085,0x0085,0x0085,0x0085,0x0065,0x0065,0x0065,0x0085,0x0065,0x0065,0x0065,0x0064,0x0044,
0x0044,0x0044,0x0023,0x0023,0x0043,0x0023,0x0023,0x0023,0x0044,0x0085,0x096C,0x09EF,0x01F1,0x01D0,0x016D,0x00C9,
0x012B,0x018E,0x012C,0x014C,0x014D,0x016D,0x010B,0x0066,0x0045,0x0046,0x0066,0x00C9,0x00A9,0x014D,0x02D7,0x02B6,
0x01D1,0x0234,0x0297,0x035B,0x035A,0x0D9F,0x163F,0x0B79,0x0257,0x02B9,0x3D5F,0x0BBC,0x0171,0x00EB,0x00A9,0x014C,
0x018D,0x00C8,0x0087,0x00A8,0x0109,0x00A7,0x00C7,0x0108,0x0129,0x00A5,0x0188,0x01E8,0x0228,0x1C0C,0x0A29,0x0066,
0x0065,0x0086,0x00C6,0x0127,0x0127,0x29C6,0x7346,0x1987,0x00A7,0x00A7,0x0087,0x00A8,0x012B,0x1AF3,0x1210,0x014F,
0x00EA,0x00C9,0x00A9,0x00A9,0x014D,0x014D,0x010C,0x00ED,0x0170,0x0A53,0x0253,0x01F2,0x0170,0x0130,0x09B2,0x19AF,
0x012F,0x0191,0x5188,0x4AB0,0x192C,0x110B,0x00C8,0x20A6,0x2884,0x8083,0x312D,0x3084,0x4800,0x1000,0x2800,0x7123,
0xB491,0x9227,0x7164,0x80C1,0x720B,0x626B,0x622D,0x11F3,0x524D,0x8BAF,0x8434,0x114F,0x012F,0x6B6F,0x11B1,0x00CD,
0x4251,0x094E,0x00ED,0x00EC,0x016E,0x2315,0x12D4,0x09CF,0x00EC,0x00EA,0x00C9,0x00A7,0x00A7,0x0087,0x00A6,0x00A7,
0x0087,0x2A2D,0x3A8D,0x00C7,0x00A7,0x00A6,0x0086,0x00A6,0x00E6,0x1165,0x00E5,0x0106,0x00E6,0x00E7,0x00C7,0x024E,
0x12AF,0x00C8,0x00C7,0x0086,0x0086,0x00A6,0x00C8,0x016B,0x028E,0x0109,0x00E8,0x00E8,0x012A,0x014A,0x018C,0x01AC,
0x01AC,0x00E8,0x00A7,0x00E8,0x00C7,0x0086,0x00C7,0x00E8,0x00E8,0x014B,0x018D,0x014B,0x01CD,0x020E,0x0375,0x0397,
0x0211,0x0315,0x0211,0x01F2,0x01F1,0x01CF,0x014B,0x0109,0x00E9,0x010A,0x010A,0x00E9,0x00C7,0x00A7,0x0086,0x0065,
0x0065,0x0109,0x014B,0x00E8,0x0085,0x0065,0x00C8,0x00C8,0x00A7,0x00A6,0x00A7,0x00A7,0x00A7,0x00A7,0x00C7,0x00A7,
0x0086,0x0086,0x0086,0x0086,0x0109,0x00C8,0x0086,0x0085,0x0065,0x0086,0x00E8,0x21CC,0x19AC,0x114A,0x00C8,0x0086,
0x0086,0x0087,0x0066,0x00C9,0x00CA,0x00C9,0x00C9,0x00A9,0x0990,0x11F2,0x00EB,0x010B,0x00EB,0x00EB,0x00EA,0x010B,
0x00EA,0x21CE,0x7396,0x4AD4,0x3293,0x1231,0x018D,0x018D,0x016D,0x014B,0x012A,0x0109,0x00E9,0x012A,0x012A,0x010A,
0x00A8,0x00A8,0x00C9,0x010A,0x012B,0x010B,0x012A,0x00C8,0x0087,0x00A7,0x00C9,0x010B,0x00EA,0x00C9,0x00A8,0x0066,
0x0086,0x00A8,0x00C8,0x014A,0x0248,0x6E70,0x7F12,0x02A8,0x0129,0x00A7,0x00A7,0x0065,0x0086,0x00A7,0x0065,0x0086,
0x0086,0x0085,0x0065,0x0085,0x00A6,0x0085,0x0086,0x00A6,0x00A6,0x00A6,0x00A6,0x00A5,0x00A6,0x0086,0x0085,0x0064,
0x0064,0x0044,0x0044,0x0043,0x0043,0x0023,0x0023,0x0023,0x0043,0x0043,0x00E8,0x00E9,0x01AE,0x014C,0x0044,0x0023,
0x0065,0x00E9,0x00C9,0x012C,0x012B,0x012B,0x00E9,0x00A8,0x00A9,0x0087,0x0066,0x0088,0x00A8,0x00A8,0x010B,0x012D,
0x010C,0x016E,0x016F,0x014E,0x016F,0x02F7,0x16DF,0x26FF,0x02FB,0x1B39,0x457F,0x2C9D,0x09F1,0x00EB,0x012C,0x016E,
0x010A,0x00E9,0x00C8,0x00A8,0x00C8,0x0066,0x0065,0x00C6,0x00C7,0x0168,0x0229,0x0207,0x23CB,0x1B0A,0x016A,0x00C8,
0x0085,0x0086,0x00C6,0x0147,0x4A67,0xE5AB,0x6B07,0x00E8,0x00C7,0x00A7,0x0088,0x010A,0x1AD2,0x098E,0x00AA,0x00EA,
0x00A9,0x00C9,0x00EB,0x00A9,0x016E,0x018F,0x01B1,0x2AF7,0x2318,0x0213,0x010E,0x00EE,0x012E,0x014F,0x096F,0x196D,
0x0150,0x01B3,0x2147,0x31ED,0x218D,0x098F,0x41C8,0x39A9,0x1865,0x5861,0x4081,0x1840,0x0800,0x2841,0x2020,0x4124,
0x5A27,0x48E2,0x4923,0x6945,0x3A0E,0x422E,0x216B,0x69C7,0x7229,0x8BF1,0x7C14,0x19D2,0x090B,0x6AEC,0x11B1,0x00ED,
0x29CF,0x092D,0x010D,0x00EB,0x00CA,0x00ED,0x09F1,0x2356,0x1B15,0x018F,0x010B,0x0109,0x00A7,0x00A7,0x00A7,0x00A6,
0x00C7,0x0086,0x21EB,0x224C,0x00A6,0x00A6,0x0085,0x0085,0x00C5,0x7B88,0x9367,0x1944,0x0126,0x00E6,0x0107,0x1127,
0x330E,0x022D,0x00A6,0x0085,0x0085,0x0086,0x00E8,0x00C8,0x020D,0x028F,0x012A,0x012A,0x00E8,0x00E8,0x00C8,0x00E8,
0x010A,0x0109,0x0086,0x00C7,0x016B,0x00E8,0x00A7,0x00C7,0x00C7,0x0109,0x01AD,0x016B,0x010A,0x014A,0x01CD,0x03D8,
0x03B8,0x018F,0x0336,0x02F6,0x0212,0x01AE,0x012A,0x00E9,0x00C8,0x00A7,0x0109,0x00C8,0x00C8,0x00E8,0x00A6,0x00A6,
0x00E8,0x016C,0x01EE,0x00E9,0x0086,0x012A,0x01AE,0x118C,0x010A,0x00A7,0x0086,0x0086,0x00A7,0x00C7,0x00E8,0x00C7,
0x00A7,0x00A7,0x00A7,0x0086,0x0085,0x08A6,0x00C7,0x0086,0x00C6,0x39EA,0x39EB,0x00A7,0x08E8,0x1149,0x1108,0x00A6,
0x0087,0x0087,0x0087,0x00EB,0x00EB,0x00C9,0x00EA,0x00CB,0x22B5,0x33BA,0x010F,0x014D,0x012C,0x00EB,0x010B,0x014C,
0x010B,0x098E,0x8BF6,0x7B95,0x3AB3,0x1211,0x09CF,0x09CF,0x01AD,0x014B,0x012B,0x010A,0x010A,0x012A,0x0109,0x00C7,
0x0045,0x0045,0x00A8,0x010B,0x012C,0x012B,0x016C,0x010A,0x00C9,0x0087,0x0044,0x0087,0x010B,0x010B,0x00EA,0x00CA,
0x00C9,0x00C9,0x00E9,0x014A,0x0269,0x5E70,0x6F11,0x02A8,0x0149,0x00A7,0x0066,0x0066,0x00A7,0x00C9,0x0086,0x0086,
0x0086,0x00A6,0x0085,0x0085,0x00A6,0x00A6,0x00A6,0x00A6,0x00A6,0x00A6,0x00A6,0x00A6,0x00A6,0x0085,0x0085,0x0065,
0x0065,0x0064,0x0044,0x0043,0x0043,0x0043,0x0043,0x0023,0x0023,0x0064,0x00C7,0x0044,0x0044,0x00E9,0x0086,0x0044,
0x0064,0x0023,0x0065,0x00E9,0x014D,0x00A7,0x0044,0x0087,0x014D,0x012C,0x00A8,0x0045,0x0066,0x0066,0x0067,0x00C9,
0x00CA,0x00C9,0x010B,0x012D,0x00EC,0x00CE,0x03FA,0x037B,0x0257,0x34DD,0x65BF,0x551E,0x01B0,0x0211,0x018D,0x00EA,
0x0087,0x0086,0x0086,0x00C7,0x0086,0x0065,0x0065,0x0065,0x00A6,0x0126,0x01C6,0x138A,0x2C0D,0x01AB,0x01AE,0x010A,
0x00E8,0x00E6,0x0126,0x31E5,0xD547,0x8BC8,0x0967,0x00E8,0x00E9,0x00E9,0x014B,0x0AD1,0x010B,0x00A9,0x00C9,0x00A8,
0x00A8,0x00A9,0x00EB,0x010C,0x01B1,0x1AF7,0x3359,0x1A55,0x010F,0x00CC,0x010D,0x010E,0x010E,0x014F,0x0170,0x010C,
0x0170,0x0171,0x39EA,0x19CE,0x112B,0x016E,0x5A09,0x48C2,0x8204,0x8A63,0x3985,0x1082,0x0800,0x2040,0x3020,0x2041,
0xABCD,0x9AE9,0x61E6,0x6145,0x3969,0x3124,0x38E5,0x6125,0x59E7,0xBC4F,0x8BB1,0x11D1,0x10EA,0x5A8C,0x11B1,0x010E,
0x010E,0x012E,0x010D,0x00EB,0x00CA,0x00CA,0x00AA,0x00ED,0x1232,0x2B97,0x1AD4,0x016D,0x010A,0x00C8,0x00A7,0x0086,
0x0086,0x00C7,0x0086,0x09AA,0x0A4B,0x00A6,0x00A6,0x00A6,0x00E6,0x29A4,0xD509,0x9B85,0x21A5,0x0946,0x00E5,0x0106,
0x00E6,0x026C,0x0169,0x0085,0x0085,0x0086,0x00A7,0x00C8,0x00E9,0x02F0,0x01CD,0x0109,0x00E8,0x00A7,0x00C7,0x0086,
0x00C7,0x014B,0x012A,0x00A7,0x00A7,0x00C7,0x00A7,0x00C7,0x00C7,0x00E8,0x0250,0x0230,0x018C,0x016B,0x014A,0x01EE,
0x0376,0x02F4,0x0211,0x03B8,0x0231,0x010A,0x0109,0x00E9,0x010B,0x012B,0x00E9,0x00A6,0x00A7,0x00E8,0x00C8,0x00E9,
0x0271,0x01EE,0x018D,0x00C8,0x00C7,0x014B,0x00E9,0x00C8,0x00A7,0x00A7,0x00A6,0x00A6,0x00C8,0x00A7,0x00A7,0x00A6,
0x00C8,0x00E8,0x0086,0x00A7,0x08E8,0x5A6C,0x218A,0x00A6,0x1949,0x5A2B,0x10C6,0x0065,0x1109,0x012B,0x00E9,0x0087,
0x00A7,0x00A7,0x00A8,0x00EA,0x010B,0x00EA,0x012B,0x012F,0x1B99,0x2C5C,0x0130,0x012D,0x00EB,0x012C,0x016D,0x014C,
0x010B,0x00A8,0x52D3,0x5B36,0x2A73,0x09AF,0x018E,0x018D,0x01AD,0x016C,0x014B,0x012A,0x010A,0x0109,0x00C8,0x00C7,
0x0044,0x0024,0x0045,0x0066,0x00C9,0x014C,0x01CD,0x014B,0x010A,0x012B,0x00C7,0x0044,0x00CA,0x010B,0x0087,0x00C9,
0x00EA,0x00EA,0x010A,0x0149,0x0269,0x566E,0x6710,0x02E9,0x016A,0x0109,0x00C9,0x00C8,0x00C8,0x00EA,0x0087,0x0066,
0x0044,0x0065,0x0085,0x00C7,0x00E8,0x00A6,0x00A6,0x00A6,0x00A6,0x00A6,0x00A6,0x00A6,0x00A6,0x00A5,0x0085,0x0085,
0x0065,0x0065,0x0064,0x0044,0x0044,0x0043,0x0043,0x0023,0x0043,0x0023,0x0086,0x00C8,0x0064,0x0043,0x0044,0x0043,
0x0044,0x0044,0x0085,0x0065,0x016D,0x014C,0x00A8,0x0066,0x00A8,0x014C,0x014B,0x0086,0x0045,0x00A8,0x00A8,0x0067,
0x00C9,0x00A9,0x00EB,0x014E,0x01D2,0x0191,0x0172,0x01B3,0x0359,0x147D,0x34BD,0x13BA,0x02D5,0x0273,0x016B,0x00C8,
0x00A7,0x0086,0x00C7,0x00C7,0x0085,0x00E8,0x0086,0x0085,0x0106,0x0186,0x0AE7,0x348D,0x0166,0x00E8,0x014C,0x014C,
0x09CC,0x1209,0x2A06,0xBD06,0x9426,0x0967,0x0169,0x00C7,0x00E9,0x018C,0x0AF0,0x012A,0x00C9,0x00C8,0x00A9,0x00C9,
0x00EA,0x00EB,0x012E,0x09F3,0x337A,0x2B18,0x012F,0x00AB,0x00CB,0x00AA,0x00CB,0x010E,0x012E,0x012F,0x0130,0x010C,
0x014E,0x096C,0x08C7,0x014D,0x08C6,0x0884,0x28E4,0x29AC,0x3A2E,0x7983,0x1820,0x2020,0x2800,0x1800,0x1000,0x4020,
0x3881,0x6A06,0x72EA,0x8A47,0x7AAB,0x69E7,0x398C,0x09B0,0x832D,0x526F,0x316B,0x41AA,0x1865,0x526B,0x1253,0x0191,
0x0170,0x010E,0x00ED,0x010D,0x00EB,0x00CA,0x00CA,0x00CA,0x00EB,0x016F,0x2376,0x2BD7,0x01CE,0x010A,0x00E8,0x00A7,
0x00A6,0x00A6,0x00C7,0x00A6,0x01CA,0x020A,0x0086,0x00A6,0x00E6,0x0945,0x4A03,0xDD49,0x8304,0x1964,0x0905,0x00E5,
0x00C5,0x00C6,0x022B,0x00C7,0x0085,0x0085,0x00A6,0x00A6,0x00C7,0x01AB,0x0B11,0x016B,0x0109,0x00C7,0x00E8,0x00C7,
0x00A6,0x012A,0x014A,0x0086,0x0086,0x00C7,0x0129,0x012A,0x0108,0x00C7,0x016B,0x01EE,0x01AC,0x01CD,0x018C,0x01CD,
0x01CD,0x02D2,0x01EF,0x0211,0x02D4,0x012B,0x010B,0x014C,0x016D,0x010A,0x00C8,0x00C7,0x00A7,0x012B,0x020F,0x01AC,
0x018C,0x01AC,0x00E9,0x0086,0x00C7,0x00E8,0x00C8,0x00C8,0x00A7,0x0086,0x0086,0x00A7,0x00E8,0x00A7,0x00A6,0x00A6,
0x00C8,0x00C7,0x00E7,0x0109,0x196A,0x934D,0x420B,0x39CB,0x5A4C,0x092A,0x0086,0x00C7,0x0909,0x00C8,0x00A8,0x00A7,
0x0087,0x00A7,0x00E9,0x018E,0x01AE,0x014C,0x01AE,0x01B1,0x0338,0x0BB9,0x00ED,0x010B,0x00CA,0x014D,0x010C,0x00EA,
0x00EA,0x0087,0x016D,0x0A32,0x014C,0x0086,0x00C8,0x11CF,0x01CE,0x016C,0x012A,0x012A,0x012A,0x010A,0x00E9,0x00E8,
0x0024,0x0044,0x0044,0x0045,0x0066,0x00EB,0x022E,0x01CD,0x012A,0x014B,0x012B,0x00EA,0x00A8,0x0065,0x0024,0x00A7,
0x0087,0x0087,0x00E8,0x0169,0x02A9,0x56AF,0x6731,0x032A,0x018B,0x012A,0x010B,0x00EA,0x010B,0x012C,0x00C9,0x00A7,
0x0065,0x0065,0x00A7,0x00C7,0x00A6,0x00A6,0x00A6,0x00A5,0x00A6,0x00C6,0x00A6,0x00A5,0x00A6,0x00A5,0x0085,0x0085,
0x00A5,0x0085,0x0065,0x0064,0x0044,0x0043,0x0063,0x0043,0x0043,0x0023,0x0044,0x00A6,0x00A6,0x0065,0x0044,0x0043,
0x0044,0x0064,0x00E8,0x014C,0x010A,0x0086,0x0086,0x00C8,0x00C9,0x010A,0x01AF,0x0211,0x012B,0x0066,0x018E,0x01AF,
0x01D0,0x01AF,0x010D,0x00EC,0x0296,0x01F4,0x0130,0x01D3,0x03DB,0x0399,0x0211,0x0273,0x02B2,0x01CC,0x016B,0x00A7,
0x00E9,0x0109,0x0129,0x00A6,0x00A6,0x0128,0x00C6,0x00C6,0x0166,0x0246,0x350D,0x12A8,0x00A4,0x00A5,0x010A,0x11AC,
0x324D,0x7308,0xCD48,0xB4A6,0x11C7,0x0189,0x016A,0x0108,0x00A6,0x028E,0x014A,0x0087,0x014A,0x00A8,0x00C9,0x00EA,
0x010B,0x012F,0x1AB5,0x43DA,0x11F3,0x00CD,0x00CA,0x00CA,0x00CA,0x00CB,0x00CB,0x00CC,0x00ED,0x0150,0x0A74,0x096A,
0x014E,0x09D0,0x0884,0x1041,0x00E7,0x018D,0x1128,0x0929,0x18A4,0x3841,0x1800,0x18A4,0x1083,0x2800,0x2820,0x4800,
0x1820,0x4040,0x0000,0x68C1,0xCA68,0x9BAF,0x6ACF,0x21CE,0x830A,0x4314,0x0170,0x00E9,0x00C8,0x5A4B,0x1234,0x0191,
0x0212,0x0273,0x0190,0x010E,0x010E,0x010D,0x00EB,0x00C9,0x00E9,0x010A,0x012C,0x1293,0x3438,0x1271,0x012B,0x00E8,
0x00A7,0x00A6,0x00C7,0x00E7,0x0086,0x01EA,0x01EA,0x0085,0x0106,0x0105,0x0924,0x6AC5,0xED8B,0x6262,0x1185,0x0105,
0x00E5,0x00A5,0x0127,0x01CA,0x0085,0x00A5,0x00A5,0x0085,0x00C6,0x00E9,0x0AF0,0x0AD0,0x012A,0x00E8,0x00E8,0x00E8,
0x00C7,0x00C7,0x00E8,0x00C7,0x0086,0x00C8,0x0109,0x0129,0x0109,0x0129,0x0129,0x016B,0x014A,0x0129,0x014A,0x01CD,
0x01AD,0x01AD,0x01EE,0x016D,0x0211,0x0272,0x01CF,0x01AF,0x012A,0x00C7,0x0109,0x00E9,0x016C,0x02B3,0x0270,0x014A,
0x01AD,0x016B,0x00A6,0x00E8,0x00A7,0x00C8,0x00E9,0x00C8,0x010A,0x00A7,0x00A7,0x00E9,0x00C7,0x00A6,0x00A6,0x00C7,
0x08E8,0x1149,0x216A,0x1949,0x29AB,0x7ACC,0x6A8B,0x82CC,0x522C,0x29CC,0x118B,0x00E8,0x00A7,0x00C8,0x00C8,0x00A8,
0x00A7,0x010A,0x01AE,0x0252,0x0272,0x018E,0x00EA,0x010D,0x02D7,0x0359,0x012F,0x010C,0x00A9,0x00AA,0x0088,0x0088,
0x00A8,0x00C8,0x010A,0x00A8,0x0086,0x00A7,0x090A,0x2A10,0x09AE,0x220F,0x1A0F,0x014B,0x014B,0x010A,0x0109,0x00E9,
0x0023,0x0023,0x0044,0x0066,0x0087,0x00C9,0x01AB,0x01AD,0x018D,0x016C,0x014C,0x010B,0x0066,0x0045,0x0044,0x0065,
0x0086,0x0064,0x0085,0x0107,0x02E8,0x4ED0,0x5711,0x0B4B,0x018B,0x014B,0x010B,0x010A,0x014D,0x016E,0x010B,0x00C8,
0x0065,0x0065,0x0086,0x00C7,0x00A7,0x00A6,0x00A6,0x00A6,0x00A6,0x00A6,0x00A6,0x00A5,0x00A5,0x00A5,0x00A5,0x00A5,
0x00A5,0x00C5,0x0085,0x0064,0x0064,0x0064,0x0063,0x0063,0x0043,0x0043,0x0043,0x0064,0x0065,0x00A5,0x0085,0x0064,
0x0044,0x0044,0x0085,0x00C8,0x0086,0x0064,0x0043,0x0085,0x00E9,0x010A,0x010B,0x01AF,0x0273,0x01AF,0x010B,0x0273,
0x02D6,0x039A,0x0339,0x0276,0x0171,0x00ED,0x010D,0x0274,0x02F6,0x0273,0x012C,0x0232,0x01EE,0x020E,0x016B,0x00E9,
0x014B,0x014A,0x0129,0x00E7,0x0085,0x0127,0x0106,0x0147,0x01C5,0x242A,0x2C4B,0x0124,0x00C5,0x0084,0x00E7,0x09CA,
0x42AA,0xCD2B,0xFEEF,0x3AC7,0x0107,0x0107,0x0128,0x0108,0x028C,0x0169,0x00A8,0x00A8,0x00A7,0x00A7,0x00C8,0x010B,
0x012F,0x2B37,0x3BB9,0x0191,0x00EC,0x00EB,0x00AA,0x00CA,0x00EC,0x00CC,0x00AB,0x012E,0x01F2,0x0213,0x1253,0x19CD,
0x0151,0x014F,0x08A5,0x0909,0x012D,0x198D,0x496A,0x38E4,0x28A3,0x2041,0x5800,0x4946,0x1841,0x1800,0x3800,0x79A2,
0x20C1,0x2020,0xC348,0x90E1,0x71A7,0x320F,0x5A6E,0x71EA,0x8227,0x73D4,0x422E,0x2A32,0x0193,0x31CA,0x11F4,0x0130,
0x0170,0x01D2,0x0274,0x0294,0x01F2,0x014F,0x010D,0x00EB,0x00EA,0x00E9,0x012A,0x014C,0x0A31,0x3C59,0x1AF3,0x012B,
0x0108,0x00E7,0x00C7,0x00C6,0x00C6,0x0085,0x022A,0x01A8,0x00C5,0x00E6,0x0126,0x2183,0xAC27,0xDD0A,0x39E2,0x0965,
0x00C5,0x00A5,0x0064,0x0189,0x0147,0x0085,0x0085,0x0085,0x0085,0x0108,0x018B,0x13D3,0x01AC,0x0108,0x0108,0x00E8,
0x00E8,0x00E8,0x00A6,0x00C7,0x00E9,0x00C7,0x00A6,0x00A7,0x00C8,0x0109,0x00C7,0x0109,0x014A,0x00C7,0x00A6,0x0108,
0x01AC,0x0250,0x0230,0x09AD,0x016C,0x0272,0x02D4,0x014C,0x010A,0x010A,0x016D,0x014C,0x01AD,0x022F,0x01AB,0x01EC,
0x0230,0x01AD,0x014A,0x01EE,0x020F,0x01EF,0x014B,0x010A,0x014C,0x00C8,0x012A,0x012B,0x00C7,0x0086,0x00A6,0x00E8,
0x0929,0x11AB,0x31EC,0x31AA,0x41EB,0x6A8C,0x8AEC,0x49EA,0x298A,0x39CB,0x114A,0x00A7,0x00C7,0x00A8,0x00A7,0x00C8,
0x00C8,0x012B,0x01AE,0x01AE,0x014D,0x00EA,0x010B,0x01F3,0x0319,0x0319,0x00EF,0x00A9,0x0088,0x0088,0x0067,0x0087,
0x0088,0x00C9,0x00A8,0x00A8,0x016D,0x00A7,0x092B,0x3A31,0x094C,0x326E,0x2A2E,0x11AD,0x096B,0x014B,0x092A,0x012A,
0x0023,0x0023,0x0024,0x0044,0x0066,0x0066,0x018A,0x01CD,0x018D,0x00C9,0x010B,0x012B,0x012B,0x00A8,0x0065,0x0065,
0x0086,0x0065,0x0085,0x0106,0x0329,0x4ED1,0x56F2,0x0B6C,0x0129,0x012B,0x00EA,0x00A9,0x0A11,0x1AF5,0x00EB,0x00E9,
0x0065,0x0064,0x0085,0x00C8,0x00C7,0x0085,0x0085,0x00A6,0x00A6,0x00A6,0x00A6,0x00A5,0x00A5,0x00A5,0x00A5,0x00A5,
0x00A5,0x00C5,0x00A5,0x0084,0x0084,0x0064,0x0063,0x0063,0x0043,0x0043,0x0043,0x0043,0x0043,0x00C5,0x00A5,0x0064,
0x0064,0x0064,0x0064,0x0063,0x00A5,0x00A6,0x00A7,0x0109,0x0109,0x012A,0x00A7,0x012B,0x0273,0x02D5,0x016D,0x016D,
0x01D0,0x02B6,0x053F,0x02F7,0x00CD,0x00EC,0x010C,0x0273,0x0253,0x0211,0x016D,0x018E,0x0230,0x020E,0x0129,0x014A,
0x016B,0x0149,0x0129,0x0128,0x00C6,0x0147,0x01A7,0x01E6,0x0367,0x450D,0x0225,0x0145,0x00C5,0x00C5,0x0106,0x11A6,
0x62E5,0xE62D,0x7BC7,0x234B,0x01C9,0x00C6,0x00A6,0x024C,0x02AD,0x014B,0x00A8,0x0087,0x00A7,0x00C8,0x012B,0x016F,
0x2B98,0x2B57,0x012E,0x010B,0x00EA,0x00CA,0x00CA,0x00EC,0x010E,0x0190,0x01D1,0x01D2,0x0191,0x0150,0x0170,0x012D,
0x0150,0x01D2,0x196A,0x0278,0x029A,0x0A54,0x118D,0x1966,0x32AF,0x8229,0x89A5,0x80E1,0x1820,0x0000,0x3860,0x7224,
0x38E0,0x8880,0x9A47,0x40A2,0x3AF1,0x0A92,0x2169,0x19C8,0x3A28,0x2BF9,0x235A,0x335A,0x01D5,0x21CF,0x01D4,0x0192,
0x0150,0x010E,0x012E,0x01D1,0x02D4,0x0356,0x01F2,0x014E,0x014C,0x010B,0x00E9,0x012A,0x016B,0x01D0,0x2BF8,0x1B33,
0x014B,0x0109,0x00E7,0x00C6,0x00C6,0x00A5,0x0146,0x0B0B,0x0126,0x00C5,0x0106,0x1165,0x41E2,0xDD4A,0xA3E5,0x2183,
0x0925,0x00C5,0x00A5,0x00A5,0x022A,0x00C5,0x00A5,0x0085,0x0085,0x00E7,0x00E9,0x0B11,0x0B31,0x0129,0x0108,0x00E8,
0x00A6,0x00E7,0x00A6,0x0065,0x00A7,0x00E8,0x00C7,0x00A6,0x0086,0x00A6,0x00A6,0x0086,0x00C7,0x0129,0x0109,0x0149,
0x016B,0x0129,0x1270,0x32D1,0x01AD,0x01CE,0x0272,0x0211,0x018E,0x01AE,0x016C,0x012B,0x00E9,0x018B,0x020D,0x0270,
0x0292,0x018D,0x00E9,0x01CE,0x0230,0x01AE,0x00A8,0x00C8,0x00E8,0x00E8,0x014B,0x0109,0x00C7,0x00C7,0x00C7,0x00E8,
0x00A7,0x094A,0x3A0C,0x4A0B,0x39CA,0x194A,0x1129,0x00C8,0x00E8,0x00E8,0x00A7,0x0086,0x00C8,0x00E9,0x00E8,0x0129,
0x0109,0x00E9,0x010B,0x01AF,0x12F5,0x01F1,0x0233,0x0233,0x02B7,0x0277,0x00EC,0x00A9,0x0088,0x00AA,0x0088,0x0087,
0x0088,0x00A8,0x00EA,0x016D,0x012C,0x00C8,0x196B,0x218D,0x00C8,0x0128,0x0128,0x0909,0x00A7,0x198C,0x21AD,0x094B,
0x0024,0x0023,0x0024,0x0044,0x0044,0x0045,0x00E5,0x00E8,0x014C,0x0066,0x00A8,0x00C9,0x010A,0x010B,0x0087,0x0087,
0x00A7,0x0086,0x00A6,0x0127,0x0349,0x46B1,0x46D2,0x13AD,0x00E8,0x00A7,0x00C9,0x00CB,0x1AF5,0x2C3A,0x00AB,0x00E9,
0x00C8,0x0086,0x0086,0x00C7,0x00A6,0x0086,0x0085,0x00A6,0x00C7,0x00C6,0x00C6,0x00A5,0x00A5,0x00A5,0x00A5,0x00C5,
0x00C5,0x00E5,0x00C5,0x00A5,0x00A5,0x0084,0x0083,0x0063,0x0043,0x0043,0x0043,0x0043,0x0043,0x0043,0x0063,0x0085,
0x0084,0x0085,0x00A5,0x00A5,0x00A4,0x0084,0x00A6,0x0129,0x014B,0x012B,0x00C7,0x012A,0x014C,0x0273,0x02D6,0x016E,
0x010D,0x014F,0x0295,0x01D1,0x02B4,0x0212,0x016F,0x0253,0x01D0,0x010B,0x00C9,0x01AC,0x022E,0x016A,0x0128,0x018B,
0x014A,0x00C6,0x00C7,0x01CA,0x0168,0x0187,0x0207,0x0305,0x356C,0x1BC8,0x0184,0x00C5,0x00C5,0x00C5,0x1186,0x4203,
0xCD6A,0xA468,0x09E5,0x0ACA,0x02EB,0x0127,0x01A9,0x024A,0x024D,0x0372,0x018C,0x00C8,0x00C8,0x012B,0x016E,0x2BB8,
0x2316,0x010C,0x010A,0x00EA,0x00CA,0x012C,0x010D,0x0191,0x02D6,0x02D5,0x0190,0x00ED,0x010D,0x014F,0x0171,0x01B3,
0x01B3,0x0216,0x220F,0x0B5B,0x049F,0x159F,0x151E,0x1312,0x1356,0x5905,0x4209,0x30C2,0x30C3,0x4A4A,0x50E1,0x7A04,
0x50E1,0x5820,0x3883,0x5820,0x3989,0x19EF,0x1B14,0x053F,0x1479,0x251D,0x159F,0x14BF,0x0BDD,0x2254,0x01F6,0x01B4,
0x0192,0x0170,0x012E,0x00EC,0x010D,0x0233,0x1BB8,0x1B36,0x01B0,0x016D,0x016B,0x0109,0x0109,0x014B,0x018E,0x2BD6,
0x2394,0x016C,0x0129,0x00C7,0x00A6,0x00E6,0x0126,0x0147,0x02AA,0x0105,0x0106,0x0965,0x19A4,0x6AC3,0xEDCB,0x6282,
0x1985,0x0105,0x00C5,0x0084,0x0187,0x01C8,0x0084,0x00A5,0x00A5,0x00A6,0x00E7,0x018C,0x1BF5,0x01ED,0x0129,0x00C7,
0x00A6,0x00C7,0x0085,0x0085,0x00C8,0x00A6,0x0065,0x0086,0x0085,0x0084,0x00A6,0x0086,0x0085,0x00A7,0x00E8,0x016B,
0x016B,0x0108,0x0129,0x0A90,0x022F,0x01AD,0x012B,0x0211,0x0210,0x016C,0x012B,0x09AD,0x016C,0x01AC,0x01CE,0x0230,
0x018D,0x00A7,0x0085,0x00E8,0x00C8,0x00C7,0x00C7,0x00E8,0x00E8,0x0108,0x00E8,0x00C7,0x0108,0x0108,0x00E7,0x00E7,
0x116A,0x21AB,0x31AA,0x1108,0x0908,0x196A,0x08E8,0x00A7,0x00A7,0x00A7,0x00A7,0x00A7,0x00C7,0x0108,0x0129,0x0129,
0x00E8,0x00C7,0x010B,0x0B37,0x355D,0x0212,0x012C,0x00A9,0x01B2,0x0234,0x00CB,0x00A9,0x00CA,0x010E,0x00CB,0x0087,
0x0087,0x012B,0x1A72,0x11CF,0x014C,0x01AE,0x090A,0x08C8,0x0087,0x3209,0x21AA,0x00C8,0x0065,0x21AD,0x198C,0x00A7,
0x0044,0x0044,0x0044,0x0044,0x0044,0x0044,0x0105,0x0085,0x00C9,0x012B,0x012B,0x014D,0x00E9,0x010A,0x00A9,0x00C9,
0x010A,0x0086,0x00A6,0x0127,0x0B6A,0x3E92,0x4672,0x1C0E,0x0129,0x00A7,0x0086,0x0068,0x02D4,0x0BD9,0x00AA,0x00A7,
0x00E9,0x00C8,0x00C7,0x00A6,0x0065,0x0085,0x0086,0x00A6,0x00A6,0x00A5,0x00A5,0x00A5,0x00A5,0x00A5,0x00C5,0x00C5,
0x00C5,0x00C5,0x00E5,0x00C4,0x00C4,0x0084,0x0083,0x0083,0x0063,0x0063,0x0043,0x0043,0x0043,0x0043,0x0063,0x0084,
0x0084,0x0085,0x00C5,0x00C5,0x00E5,0x00C5,0x00C5,0x00C5,0x00A5,0x00A5,0x00C7,0x00C7,0x00C8,0x012C,0x0253,0x02B5,
0x0211,0x016F,0x00ED,0x0210,0x0C7B,0x0232,0x018F,0x018E,0x014C,0x00C8,0x00A7,0x0129,0x01EC,0x018A,0x0108,0x0149,
0x0129,0x00A6,0x00C6,0x0168,0x0188,0x01E7,0x0265,0x1487,0x454C,0x0264,0x0145,0x0084,0x00C4,0x0125,0x1983,0x9C06,
0xE5CC,0x3244,0x01A7,0x01C8,0x030B,0x03AC,0x0BAD,0x00C5,0x0128,0x018A,0x024E,0x01CD,0x014B,0x018D,0x23B7,0x1B36,
0x014E,0x010A,0x00EA,0x00EA,0x014C,0x018F,0x0212,0x0B57,0x0274,0x010E,0x00CB,0x010C,0x012E,0x012F,0x0173,0x01D7,
0x02DA,0x1BFC,0x1333,0x0C5C,0x037B,0x039A,0x0B7C,0x22F8,0x0ADA,0x60C5,0x414B,0x28C5,0x3083,0x534F,0x69E5,0x82A7,
0x3063,0x20CA,0x90E4,0x7167,0x4231,0x1A14,0x2297,0x02DC,0x1A76,0x1299,0x033C,0x141D,0x149D,0x1BB6,0x0C7D,0x031A,
0x01D6,0x0171,0x016F,0x012D,0x010C,0x00EC,0x0170,0x1B77,0x2C18,0x0272,0x01EF,0x016B,0x0109,0x0109,0x012A,0x018D,
0x2C17,0x1B53,0x016B,0x0108,0x00C6,0x00C6,0x00A5,0x0085,0x0229,0x0269,0x0145,0x0186,0x0146,0x29C2,0xBCA7,0xC4E8,
0x31A2,0x1164,0x00E4,0x00C5,0x0084,0x01C8,0x00C5,0x0085,0x0085,0x0085,0x00C6,0x00E8,0x1B53,0x1353,0x0129,0x00E7,
0x00C6,0x00A6,0x0085,0x00A6,0x0086,0x0085,0x0064,0x0065,0x0085,0x0085,0x0085,0x0085,0x0085,0x0065,0x00A6,0x00A6,
0x0108,0x0109,0x016A,0x022E,0x0290,0x020E,0x0109,0x010A,0x01EF,0x01EF,0x020F,0x0272,0x0230,0x018D,0x018C,0x014B,
0x0109,0x00C7,0x00A6,0x00C7,0x00C7,0x00C6,0x00C7,0x0109,0x0109,0x00C7,0x00A6,0x0086,0x00E8,0x0108,0x00E8,0x0129,
0x0929,0x094A,0x0929,0x00A6,0x00E8,0x00E8,0x00E7,0x00A6,0x00A6,0x00A6,0x00A7,0x00C7,0x00C6,0x0108,0x0108,0x0909,
0x198C,0x012A,0x01D0,0x0B56,0x1D9C,0x014D,0x00A9,0x00A9,0x01B2,0x0214,0x00EB,0x00A9,0x00EC,0x0192,0x010E,0x00CA,
0x00EA,0x00EA,0x1231,0x1A52,0x1210,0x00E9,0x08C8,0x10E8,0x00A7,0x1986,0x29EA,0x216C,0x112A,0x196C,0x00A6,0x0086,
0x0045,0x0045,0x0044,0x0044,0x0044,0x0024,0x0145,0x00C5,0x0045,0x0086,0x00A8,0x00E9,0x00C8,0x00C8,0x0087,0x00EA,
0x0A30,0x0088,0x00C7,0x0128,0x138B,0x4653,0x3E33,0x2450,0x014A,0x00C8,0x00A7,0x0067,0x0293,0x0358,0x00CA,0x0086,
0x00A8,0x0109,0x00E8,0x00C6,0x0085,0x0065,0x0086,0x0086,0x0065,0x0084,0x0085,0x0084,0x00A5,0x00A5,0x00A5,0x00C5,
0x00C4,0x0104,0x00E4,0x00C4,0x00C4,0x00A4,0x0083,0x0083,0x00A4,0x0084,0x0084,0x0063,0x0063,0x0063,0x0063,0x0083,
0x00C4,0x00C4,0x00E4,0x0104,0x0104,0x0105,0x0105,0x00C5,0x00C5,0x00C5,0x00A5,0x00A5,0x0108,0x00A7,0x010A,0x01CF,
0x0294,0x012C,0x00C9,0x016E,0x0232,0x01D0,0x01F0,0x016C,0x014B,0x0109,0x00E7,0x01CD,0x018A,0x00E7,0x00A5,0x0128,
0x00C6,0x00A5,0x00C6,0x00E5,0x01A6,0x02A6,0x03C5,0x4E2D,0x1427,0x01C5,0x00C5,0x00C5,0x0126,0x11A5,0x5A82,0xEE0B,
0x83C5,0x11C5,0x0126,0x00E6,0x0126,0x14CE,0x040C,0x0188,0x0086,0x0065,0x01AB,0x0331,0x02B0,0x23F6,0x1B54,0x016C,
0x014B,0x00E9,0x012A,0x016C,0x01EF,0x0B36,0x13B7,0x01F2,0x010E,0x010C,0x010C,0x014E,0x0150,0x0194,0x12D9,0x1C3D,
0x1C1B,0x1339,0x0A13,0x090C,0x0970,0x01F7,0x09D4,0x198D,0x194C,0x8A4A,0x51CB,0x3928,0x18A4,0x2020,0x58A1,0x7225,
0x5965,0x612A,0x5928,0x61C9,0x520E,0x2A32,0x3254,0x0258,0x1A55,0x1A36,0x01D7,0x01B5,0x01B5,0x2272,0x0BDC,0x049E,
0x045D,0x02B7,0x0172,0x01B1,0x014E,0x010B,0x010B,0x012E,0x0AD5,0x34DA,0x13D5,0x022E,0x01AB,0x01AA,0x0129,0x01AA,
0x020D,0x2C36,0x1312,0x016B,0x00E8,0x00A6,0x0085,0x00C5,0x0105,0x03CA,0x0288,0x0126,0x0145,0x11C4,0x5282,0xEDEB,
0x8323,0x2183,0x0924,0x00C4,0x00A4,0x00E5,0x0187,0x00A5,0x00C4,0x0084,0x00A5,0x00E7,0x020E,0x2436,0x018C,0x00E8,
0x00C6,0x0085,0x0085,0x0085,0x0064,0x0064,0x0064,0x0064,0x0085,0x0085,0x00A5,0x0085,0x00A5,0x00A5,0x00C6,0x00C7,
0x00A6,0x0129,0x014A,0x01AC,0x01ED,0x028F,0x018B,0x0109,0x014B,0x020F,0x0314,0x0250,0x01CE,0x0109,0x00C7,0x0169,
0x0129,0x00C7,0x00C6,0x00E7,0x00A6,0x0065,0x0086,0x00E9,0x00C8,0x0086,0x0065,0x0066,0x00E8,0x00E8,0x00C7,0x00A7,
0x00C7,0x0108,0x00A6,0x0085,0x00E7,0x00E7,0x00E7,0x00A6,0x0086,0x00A6,0x00A6,0x00A6,0x00C6,0x0109,0x00E9,0x096B,
0x1A4F,0x022F,0x016D,0x02F3,0x059C,0x01AF,0x010B,0x00CB,0x01D2,0x01F2,0x00EB,0x010B,0x010F,0x3BDA,0x09B0,0x014E,
0x016E,0x0211,0x02B5,0x016D,0x112A,0x0086,0x08A6,0x10C6,0x08A6,0x0925,0x1148,0x298C,0x196B,0x00C8,0x214A,0x216B,
0x0045,0x0065,0x0065,0x0065,0x0065,0x0045,0x0186,0x00C6,0x0065,0x0066,0x0086,0x0086,0x00A7,0x0087,0x0066,0x00EA,
0x0250,0x0088,0x00C7,0x0128,0x13EC,0x3E34,0x35F3,0x24B1,0x016B,0x00E9,0x00C8,0x00AA,0x02B5,0x0338,0x010D,0x00A8,
0x0087,0x00C8,0x00C7,0x00C7,0x0086,0x0065,0x0065,0x0064,0x0064,0x0084,0x0084,0x0085,0x00A5,0x00A5,0x00C5,0x00C4,
0x00C4,0x0944,0x0124,0x0124,0x0123,0x00E3,0x0103,0x00E3,0x00A4,0x00C4,0x00E4,0x00A4,0x00A4,0x00A4,0x00A3,0x00E4,
0x0144,0x0144,0x0164,0x0184,0x01E5,0x01A5,0x01A5,0x0165,0x0165,0x0166,0x0146,0x0126,0x0128,0x00C6,0x0085,0x010A,
0x01CF,0x00EA,0x012C,0x016D,0x018D,0x0210,0x01EF,0x0109,0x016B,0x018B,0x018A,0x01AA,0x0189,0x0106,0x0105,0x0167,
0x0146,0x0146,0x0106,0x0125,0x0165,0x0265,0x250A,0x4E2D,0x0283,0x0126,0x0106,0x0105,0x0186,0x3202,0xBCC6,0xCD49,
0x3243,0x09E6,0x0105,0x00C5,0x0227,0x0B49,0x01C7,0x01C9,0x0108,0x0086,0x00E7,0x026D,0x2518,0x2CB8,0x01CD,0x014A,
0x01AB,0x01CC,0x01ED,0x022F,0x1C16,0x1C37,0x01F1,0x014E,0x010C,0x016E,0x016F,0x0150,0x0214,0x23DB,0x2C1C,0x0AD9,
0x0173,0x0194,0x3230,0x21AE,0x49A9,0x2A52,0x1190,0x294B,0x09B0,0x81E8,0x8A4A,0x4967,0x3041,0x4800,0x3000,0x81C2,
0x8AE5,0x8208,0x418E,0x6923,0x41CF,0x2233,0x29D1,0x01B5,0x1A14,0x1A14,0x0193,0x0192,0x01B2,0x21D0,0x0194,0x01B4,
0x0296,0x03B9,0x0358,0x0213,0x0191,0x01AF,0x014C,0x014B,0x018E,0x0B33,0x359A,0x1C15,0x02AE,0x02EE,0x01EB,0x022A,
0x024A,0x026E,0x34D8,0x0AF1,0x016A,0x00E7,0x00C6,0x00A5,0x00E5,0x02E7,0x032A,0x0105,0x0125,0x0965,0x29E2,0xAC66,
0xE58B,0x4A21,0x1184,0x00E4,0x00C4,0x00A4,0x0207,0x0105,0x00A4,0x0084,0x00A4,0x00E6,0x0109,0x23D4,0x0A6F,0x00E8,
0x00C6,0x0085,0x0084,0x0084,0x0084,0x0064,0x0064,0x0064,0x00A5,0x00A5,0x00A5,0x00C5,0x00E6,0x00C6,0x00C6,0x00E7,
0x00A6,0x00E7,0x0108,0x0108,0x018B,0x018A,0x0A4B,0x0168,0x0188,0x020B,0x0371,0x0AEF,0x130D,0x01EA,0x130B,0x4DD0,
0x12C9,0x1AAA,0x340C,0x1AC9,0x11A7,0x11C7,0x11C8,0x0A09,0x11A8,0x1188,0x11C7,0x0986,0x01A7,0x09C8,0x1229,0x3B49,
0x0987,0x0167,0x0126,0x00E5,0x0167,0x0167,0x0167,0x0146,0x0966,0x00E6,0x00C6,0x00C6,0x00E6,0x0148,0x1147,0x020C,
0x020D,0x014A,0x0086,0x0290,0x041A,0x016D,0x00CA,0x00EB,0x01B1,0x01D2,0x010D,0x012E,0x0193,0x655E,0x1316,0x0233,
0x01F1,0x0A74,0x12B5,0x092B,0x0086,0x0086,0x0086,0x10A6,0x0886,0x1966,0x1987,0x00A7,0x00A6,0x00E8,0x194B,0x192A,
0x00A8,0x0086,0x0066,0x0066,0x0086,0x0045,0x0208,0x0106,0x0066,0x0086,0x0066,0x0086,0x0087,0x0087,0x0066,0x010A,
0x0291,0x0088,0x00C8,0x0148,0x1C2D,0x35F5,0x3574,0x2CF3,0x018B,0x00E9,0x00A7,0x0068,0x0252,0x0296,0x00EC,0x00A8,
0x0065,0x0044,0x0085,0x00A7,0x0085,0x0065,0x0064,0x0044,0x0044,0x0084,0x0084,0x0084,0x0165,0x0125,0x00A4,0x00C4,
0x00E4,0x0164,0x0963,0x0143,0x0143,0x0123,0x0123,0x09A2,0x0082,0x00E3,0x0143,0x0143,0x0103,0x00E3,0x00E3,0x0104,
0x0184,0x01C4,0x01E3,0x0223,0x0264,0x0284,0x0265,0x0265,0x0265,0x0266,0x0226,0x0AC9,0x01A8,0x00E7,0x00C6,0x016B,
0x018E,0x014B,0x018D,0x0109,0x01AC,0x014B,0x014A,0x0168,0x0189,0x0188,0x01A7,0x01C7,0x0187,0x0146,0x0166,0x0186,
0x0144,0x0A04,0x09C5,0x0104,0x00E4,0x01E5,0x5DEF,0x1428,0x0124,0x0106,0x0146,0x0166,0x19A4,0x62A1,0xEE08,0x7BA4,
0x11C5,0x0166,0x01E6,0x0125,0x0B89,0x01A6,0x00A5,0x018A,0x020C,0x018A,0x016B,0x12F1,0x3CF9,0x0333,0x026D,0x01AA,
0x022B,0x030D,0x0330,0x2CB7,0x1C76,0x026F,0x01AD,0x012C,0x01EE,0x01CF,0x012F,0x02B5,0x0B57,0x0A34,0x0173,0x0173,
0x01B2,0x0192,0x196B,0x320F,0x5A8E,0x624B,0x1190,0x214B,0x1907,0x1000,0x4882,0x4946,0x1000,0x1840,0x40A0,0x8221,
0x2800,0x82AB,0xB3CE,0x6941,0x5A90,0x19F3,0x93F4,0xA537,0x4AF4,0x09D4,0x0214,0x0192,0x0191,0x21D0,0x0172,0x0150,
0x012F,0x010F,0x0213,0x0397,0x02D3,0x01B0,0x01AF,0x016B,0x016B,0x028D,0x03B1,0x3578,0x2575,0x046E,0x02CB,0x028A,
0x0167,0x0148,0x0B31,0x34F8,0x01CC,0x0149,0x00E7,0x00A5,0x00A5,0x0084,0x02A8,0x0227,0x0125,0x0165,0x19E4,0x5A81,
0xEE0C,0x9BC3,0x29C2,0x0144,0x0104,0x00A4,0x0124,0x0165,0x0064,0x00A4,0x00A5,0x00A5,0x00C6,0x128E,0x1B72,0x00E7,
0x00E6,0x00A5,0x00A4,0x0084,0x0084,0x0084,0x0084,0x0085,0x0085,0x00C4,0x1185,0x00E5,0x0105,0x1206,0x09C6,0x0965,
0x11E5,0x1164,0x11C6,0x11A6,0x09E9,0x0A08,0x1329,0x0A68,0x01E8,0x0269,0x030E,0x0B0F,0x130C,0x026A,0x246B,0x450C,
0x0A28,0x1A89,0x33AB,0x1228,0x0987,0x1167,0x0967,0x0967,0x0967,0x0967,0x0987,0x0167,0x0167,0x0167,0x09A7,0x2A88,
0x09A7,0x0167,0x0147,0x0106,0x0167,0x0167,0x0147,0x0126,0x0966,0x0107,0x00C6,0x00C6,0x00E6,0x0187,0x11C8,0x0B0C,
0x02CB,0x0189,0x0128,0x0312,0x0398,0x01D0,0x00EB,0x010C,0x01B1,0x01B1,0x010E,0x014F,0x0216,0x45DE,0x13BA,0x0213,
0x01AF,0x22D5,0x1A31,0x00E9,0x0085,0x0085,0x08A6,0x10A6,0x08A6,0x21C6,0x1166,0x00A6,0x00C7,0x1929,0x214A,0x00E8,
0x010A,0x00A8,0x0066,0x0065,0x0065,0x0045,0x0228,0x0107,0x0066,0x0086,0x0066,0x0087,0x0087,0x0087,0x0066,0x010A,
0x02F2,0x0088,0x00C8,0x0149,0x1C6F,0x35D6,0x2D14,0x3514,0x01AC,0x010A,0x0088,0x0068,0x0211,0x0213,0x00CA,0x0066,
0x0065,0x0045,0x0065,0x0086,0x0065,0x0064,0x0064,0x0044,0x0044,0x0084,0x0084,0x00C4,0x0124,0x00E4,0x00E4,0x00E4,
0x0143,0x0123,0x0103,0x0103,0x0103,0x0103,0x00C2,0x0122,0x0921,0x09A2,0x0A03,0x09A2,0x0122,0x0142,0x01A2,0x0242,
0x0242,0x0222,0x02A0,0x0321,0x03E0,0x0440,0x0401,0x03E1,0x03E2,0x03A2,0x02E4,0x0286,0x0209,0x01A9,0x0128,0x014A,
0x016B,0x018C,0x0108,0x0149,0x016A,0x00C7,0x0189,0x01E8,0x0166,0x0166,0x0186,0x0145,0x0125,0x0104,0x0104,0x0125,
0x0124,0x2AA3,0x2283,0x0943,0x00C3,0x09C6,0x2BAB,0x0165,0x00E5,0x0105,0x0125,0x1165,0x29A2,0xA424,0xC506,0x3A43,
0x0A27,0x0247,0x0266,0x0348,0x0307,0x00E4,0x00E5,0x0147,0x026B,0x02CC,0x02EE,0x3557,0x0390,0x02AD,0x026C,0x028B,
0x032C,0x04AE,0x3E78,0x1D98,0x032F,0x02EF,0x020D,0x024E,0x02B0,0x016E,0x02D3,0x0272,0x012E,0x012F,0x0171,0x01B2,
0x0190,0x0170,0x196A,0x4A0B,0x628D,0x8267,0x1109,0x0909,0x08C7,0x2082,0x2083,0x20E5,0x2041,0x0000,0x2000,0x70C0,
0x3906,0x8C54,0xD6DB,0x2883,0x828B,0x9351,0xFF3B,0xFF79,0xF6B7,0x32D5,0x0216,0x01F4,0x0192,0x19F1,0x01D1,0x016F,
0x012E,0x014E,0x012F,0x014F,0x02F4,0x0B54,0x0333,0x030F,0x020C,0x030D,0x038C,0x03EE,0x3EF8,0x2632,0x054B,0x03AA,
0x0208,0x02AA,0x02CC,0x0B93,0x1BB4,0x018B,0x0108,0x00A5,0x0085,0x00A4,0x0205,0x246A,0x0245,0x0226,0x1225,0x3202,
0xAC65,0xE5A9,0x5240,0x21C4,0x0924,0x00E4,0x00A3,0x0185,0x00A4,0x00A4,0x00A4,0x00C4,0x00E5,0x0168,0x0A2B,0x00E5,
0x00E4,0x00C4,0x00C4,0x00A4,0x00A4,0x0084,0x00A4,0x00C5,0x0925,0x0124,0x0145,0x0144,0x0144,0x0984,0x11C5,0x11E5,
0x11C4,0x11C5,0x22A6,0x2B86,0x23C7,0x1BA8,0x13A9,0x13E9,0x1348,0x1369,0x036B,0x030C,0x0A89,0x1B88,0x0AE8,0x0148,
0x0107,0x0107,0x00E7,0x00E7,0x0086,0x0086,0x0086,0x0086,0x0086,0x0086,0x0086,0x0086,0x00A6,0x00C6,0x00C6,0x00C6,
0x0167,0x11E7,0x0186,0x0986,0x1A47,0x2267,0x1A07,0x11C7,0x19C6,0x0986,0x19A5,0x0905,0x0086,0x0187,0x01C8,0x02EA,
0x02CA,0x02CA,0x0269,0x03F1,0x03B2,0x0271,0x01AF,0x01B0,0x01F3,0x01B1,0x010D,0x00EB,0x01B2,0x155E,0x0B5A,0x018F,
0x00C9,0x016C,0x014B,0x00C7,0x0085,0x0085,0x10A6,0x18C6,0x18E6,0x21E6,0x21A7,0x2949,0x316A,0x318A,0x08E7,0x0085,
0x014B,0x010A,0x010B,0x00A8,0x0066,0x0045,0x0269,0x0127,0x0066,0x0086,0x0066,0x0087,0x00A8,0x00A7,0x0087,0x010B,
0x0313,0x00A9,0x00E8,0x0169,0x24D0,0x3DB7,0x24D6,0x3555,0x01AE,0x010B,0x00A8,0x0089,0x01F2,0x01F2,0x00EB,0x0066,
0x0065,0x0065,0x0065,0x0085,0x0064,0x0064,0x0064,0x0064,0x0064,0x00A4,0x0084,0x0145,0x00E4,0x0104,0x0144,0x0163,
0x09E2,0x01E2,0x0A02,0x0A21,0x1261,0x0A41,0x0A01,0x0A01,0x1261,0x0A21,0x0A21,0x0981,0x0181,0x3B25,0x23A5,0x6E69,
0x3545,0x55A5,0x76A9,0x4686,0x87AC,0x8FAC,0x5F48,0x5708,0x5708,0x4687,0x24E5,0x4D87,0x3466,0x1B87,0x3C0B,0x1AA7,
0x1AA7,0x1A87,0x19E4,0x09E7,0x09C5,0x11E5,0x0A26,0x01A5,0x0985,0x0184,0x01A4,0x09A4,0x09A4,0x09C3,0x09C3,0x09C3,
0x0A03,0x0A03,0x09A3,0x0162,0x00A2,0x00E2,0x0082,0x00A3,0x00C3,0x0103,0x00E3,0x1962,0x4200,0xD5A9,0x62C2,0x1181,
0x01A3,0x0225,0x02A5,0x1469,0x0246,0x0164,0x0165,0x0185,0x01E7,0x0288,0x1532,0x1532,0x036B,0x032B,0x036C,0x042C,
0x054C,0x46F6,0x3F57,0x054F,0x038E,0x03AF,0x02AE,0x0390,0x0270,0x0313,0x01CF,0x00EC,0x010C,0x012D,0x0170,0x09D0,
0x09F2,0x01F2,0x4A2B,0x5A4C,0x5AAE,0x938D,0x08E7,0x010A,0x00A6,0x50C2,0x1928,0x08A5,0x2000,0x3883,0x68C3,0x68A2,
0x4A6E,0x8434,0xDEBA,0x1928,0x79EA,0x7BF7,0xF7BE,0xF739,0xFEB4,0xB576,0x01B3,0x01B2,0x0191,0x196E,0x014E,0x01B0,
0x01B0,0x012D,0x010C,0x012C,0x012C,0x02B1,0x2518,0x0D96,0x04D0,0x052C,0x050A,0x056B,0x064C,0x6776,0x26F0,0x052A,
0x03CB,0x02C9,0x01E9,0x024C,0x2C77,0x0AD1,0x0149,0x00C6,0x00A5,0x00A5,0x0184,0x34EB,0x1CA8,0x0345,0x0A45,0x19E4,
0x6B01,0xF64C,0x8B62,0x31C2,0x0943,0x0103,0x00A3,0x00C4,0x00E4,0x00A3,0x00C3,0x0103,0x0143,0x0164,0x01A6,0x0185,
0x0144,0x0124,0x00E3,0x00A3,0x00A3,0x00A3,0x0104,0x0124,0x0164,0x0184,0x09C4,0x11C3,0x09A3,0x0183,0x0164,0x0144,
0x00E4,0x00A4,0x00A4,0x01C6,0x0267,0x01C7,0x0287,0x02A7,0x02C6,0x02E7,0x02E8,0x0B88,0x1408,0x0AA7,0x0248,0x0208,
0x0167,0x0146,0x0187,0x00C6,0x00E6,0x00A6,0x00A6,0x00E6,0x00E6,0x00A6,0x00A6,0x00A6,0x0125,0x01A6,0x0167,0x01C7,
0x01A7,0x01E7,0x1226,0x1A46,0x1267,0x0A47,0x0227,0x01C6,0x0166,0x0105,0x11A5,0x4326,0x0A06,0x12C7,0x1306,0x1347,
0x1388,0x1BC8,0x23A8,0x1CD0,0x030E,0x020F,0x010D,0x0190,0x0232,0x01B1,0x012D,0x00EC,0x01B2,0x0CBC,0x0AD7,0x0170,
0x012C,0x00C9,0x00E8,0x00E7,0x0086,0x10A6,0x20C6,0x20E6,0x1106,0x2A26,0x2A07,0x1927,0x08C7,0x08C6,0x0085,0x00A5,
0x016C,0x016C,0x012B,0x00A8,0x0066,0x0086,0x02CA,0x0148,0x0067,0x00A7,0x0088,0x00A7,0x00C8,0x00A8,0x0087,0x012B,
0x0334,0x00A9,0x00E9,0x01AA,0x2511,0x3578,0x1C56,0x3D77,0x01CF,0x010B,0x0089,0x008A,0x01D2,0x01B1,0x010B,0x0066,
0x0065,0x0045,0x0065,0x0085,0x0064,0x0064,0x0085,0x0085,0x0084,0x00A4,0x00C4,0x0105,0x0104,0x0163,0x01C3,0x0222,
0x0AA1,0x0AA1,0x0A80,0x0A60,0x0A80,0x0A80,0x12C0,0x1300,0x1300,0x0220,0x09C0,0x0160,0x0160,0x1A23,0x1284,0x3465,
0x1BE3,0x2C44,0x4586,0x2DA4,0x4EA8,0x46A8,0x2E65,0x2E85,0x2EA5,0x2E05,0x1503,0x3545,0x1C43,0x0B24,0x1B47,0x0A24,
0x0AA5,0x0AA5,0x0A63,0x0243,0x0203,0x0223,0x0202,0x01E2,0x0202,0x0202,0x0221,0x0A41,0x1261,0x1A61,0x1A81,0x1A81,
0x22A1,0x2AE1,0x1281,0x01E1,0x01A1,0x0141,0x00A2,0x00C1,0x00A1,0x00A1,0x00A1,0x1120,0x5280,0x9402,0x2A00,0x11C1,
0x0162,0x0161,0x0203,0x0284,0x0183,0x01E3,0x0243,0x0A84,0x0A64,0x02E7,0x042D,0x02A7,0x0246,0x02A7,0x04C8,0x0627,
0x1EAD,0x3F75,0x06AE,0x068C,0x060B,0x056B,0x04AF,0x0432,0x0352,0x01CD,0x012C,0x012C,0x014D,0x01B0,0x016F,0x01F1,
0x2272,0x320B,0x49EA,0x520A,0x39A8,0x9C0F,0x29AC,0x08E8,0x1040,0x1000,0x3128,0x1108,0x2042,0x5187,0x79E8,0x7841,
0x6189,0x73D2,0xF698,0x4969,0x3A53,0x6B31,0xEF5C,0xFF59,0xFE74,0xFF19,0x2AB4,0x0171,0x016F,0x012D,0x016F,0x010D,
0x016E,0x0210,0x018D,0x012C,0x014B,0x018C,0x0ACF,0x2D76,0x0EB3,0x1F29,0x3746,0x3786,0x3F68,0x178B,0x2F33,0x056A,
0x03C8,0x0288,0x0248,0x01E8,0x0A4D,0x2415,0x0169,0x00C6,0x00C5,0x00C6,0x0125,0x14C8,0x46EE,0x0365,0x0124,0x0984,
0x3A00,0xCD08,0xCCE8,0x39C0,0x2183,0x0943,0x00C3,0x00A3,0x00E4,0x00E3,0x0963,0x19E3,0x2A42,0x2A82,0x2284,0x2263,
0x2222,0x19E2,0x0983,0x0103,0x00E3,0x0103,0x0964,0x0164,0x1223,0x2262,0x2A62,0x2A62,0x2A62,0x2A82,0x2282,0x1A63,
0x01E4,0x0124,0x00E4,0x0125,0x0165,0x0205,0x03A5,0x0464,0x1D02,0x04A3,0x0D24,0x0524,0x0465,0x0466,0x0426,0x0286,
0x0186,0x01C6,0x01A6,0x0106,0x00E6,0x00A6,0x00A5,0x00A5,0x00A6,0x00A6,0x0085,0x0085,0x00E5,0x0106,0x0126,0x01C6,
0x0A66,0x1AC5,0x1AC5,0x1AA5,0x1AC4,0x1A84,0x1265,0x0205,0x0185,0x0145,0x0966,0x1A46,0x0AA6,0x0B06,0x1BE5,0x2C45,
0x24C5,0x1566,0x04E7,0x0550,0x044D,0x0370,0x01F1,0x01D0,0x01CF,0x01B1,0x012E,0x010E,0x01F4,0x043B,0x12D7,0x00EB,
0x00C9,0x00C8,0x00E7,0x0127,0x18C7,0x20E7,0x10C6,0x10E6,0x1166,0x3AA6,0x3AA6,0x1166,0x00C6,0x00A5,0x00A5,0x08C5,
0x018C,0x01AC,0x016B,0x012B,0x010A,0x00E8,0x02EB,0x0169,0x0088,0x00A8,0x00A8,0x00C8,0x00C9,0x00A8,0x0067,0x012B,
0x0354,0x00CA,0x00E9,0x01EB,0x2593,0x2D39,0x13F7,0x3E3A,0x0230,0x010B,0x00C9,0x00CB,0x0193,0x0150,0x00EC,0x0087,
0x0066,0x0065,0x0065,0x00A6,0x0065,0x0064,0x00C5,0x0125,0x00A4,0x00C4,0x00E4,0x00E5,0x0184,0x0223,0x0AC0,0x43C0,
0x6480,0x7D00,0x8520,0x8520,0x74E0,0x74C0,0x7CE0,0x74E0,0x6C80,0x3BC0,0x0280,0x01E0,0x0100,0x00A0,0x00A1,0x00C0,
0x0160,0x01A1,0x0220,0x03E0,0x15C0,0x46A0,0x66A0,0x5680,0x35E0,0x0D00,0x0480,0x0420,0x0400,0x03A0,0x03A1,0x23C1,
0x23A0,0x2380,0x23A0,0x2BC0,0x23A0,0x23A0,0x23C0,0x2C00,0x3C00,0x33E0,0x3C20,0x6CA0,0x7CE0,0x8D20,0x9560,0x8D60,
0x9580,0xAE00,0x8D80,0x4CC0,0x0340,0x0180,0x0100,0x00A0,0x0900,0x1120,0x1140,0x1120,0x31C0,0x31E0,0x2A20,0x2AA0,
0x22E0,0x2300,0x1380,0x0B60,0x0B60,0x0B80,0x0BC0,0x1400,0x2C00,0x1D45,0x04C2,0x0C20,0x0C60,0x2DA1,0x4761,0x57E5,
0x7FD0,0x3F87,0x4788,0x9FEB,0x8FEF,0x77D0,0x2F12,0x04F3,0x026D,0x01AC,0x012C,0x014C,0x01CF,0x01D0,0x016F,0x01B1,
0x222E,0x01F1,0x2A6F,0x21CB,0x120D,0x29C9,0x1061,0x0883,0x014C,0x3083,0x396B,0x498B,0x28E5,0x1861,0x30E5,0x2083,
0x49CA,0x6BB2,0xE636,0x196A,0x3969,0x5184,0xDEB9,0xF739,0xE635,0xFF38,0x63D4,0x0151,0x016F,0x012D,0x01AF,0x018F,
0x00EB,0x012C,0x01EF,0x020F,0x014B,0x018B,0x024D,0x03D0,0x3EF1,0xB7EF,0xDFF0,0xE7CD,0x97C3,0x2782,0x0F28,0x1F0E,
0x0647,0x04A7,0x0308,0x01E8,0x0168,0x1352,0x0AAF,0x0107,0x00A5,0x0024,0x01C6,0x03E6,0x24AA,0x0227,0x0145,0x0144,
0x2182,0x8322,0xEDCC,0x5220,0x2182,0x0123,0x00C3,0x00A2,0x0902,0x0982,0x3AC0,0x6BE0,0x94C0,0xA500,0x9D20,0x9D20,
0x9D00,0x9CE0,0x4BA0,0x0A42,0x19E3,0x08E3,0x0122,0x1A82,0x6400,0xA520,0xAD60,0xAD80,0xADA0,0xAD60,0x9D00,0x94C0,
0x43A0,0x01E2,0x0143,0x0145,0x01A5,0x0C23,0x3E01,0x96E0,0xB780,0xB7C0,0x9FC0,0x6F81,0x6780,0x6F83,0x4725,0x04A3,
0x0285,0x0185,0x0105,0x00E5,0x00A5,0x00A5,0x0084,0x00A5,0x00A6,0x00A5,0x00A5,0x00A5,0x00A5,0x0106,0x0226,0x2385,
0x84C1,0x8D21,0x9D81,0xA5C1,0xA5C0,0xA5A1,0x9D80,0x84E1,0x2323,0x01A5,0x0104,0x00E5,0x0AE4,0x3D02,0xA680,0xAEA1,
0xC700,0x9F04,0x5EE4,0x4712,0x2F0F,0x1E75,0x0478,0x0274,0x01F0,0x01B1,0x014D,0x00AA,0x01B0,0x03BA,0x12D6,0x096F,
0x096C,0x00C9,0x0108,0x0988,0x20C7,0x18C7,0x10E7,0x0926,0x19A6,0x4B24,0x4B24,0x21C6,0x1126,0x10E6,0x10E6,0x08A5,
0x0128,0x016A,0x018B,0x016C,0x016C,0x016A,0x034B,0x01A9,0x00C8,0x00C8,0x0067,0x00E9,0x01AC,0x00A8,0x0087,0x014B,
0x0374,0x00EB,0x010A,0x01EC,0x2DD6,0x2D1B,0x0B97,0x4E5C,0x0271,0x010B,0x014C,0x01CF,0x0193,0x012F,0x00EB,0x0067,
0x0086,0x0065,0x00A6,0x00C6,0x0085,0x0085,0x00C4,0x09E5,0x00C4,0x00C3,0x00E3,0x0124,0x0203,0x1BE5,0xD731,0xFFB0,
0xFFB1,0xFFD0,0xFFF1,0xFFF2,0xFFF2,0xFFD2,0xFFD1,0xFFD0,0xFFD0,0xFFD2,0xAEA8,0x1380,0x01A0,0x0180,0x0180,0x3A67,
0x22C3,0x1301,0x1C01,0x5640,0xF7F0,0xFFF5,0xFFF4,0xFFF3,0xFFF2,0xE7B2,0xDF92,0xD771,0xD771,0xD771,0xD752,0xE791,
0xEF71,0xEF72,0xEF71,0xE751,0xE771,0xE752,0xE751,0xEF92,0xF792,0xF793,0xF793,0xFFB3,0xFFD2,0xFFF2,0xFFF3,0xFFF3,
0xFFF3,0xFFF4,0xFFF5,0xF7F4,0x9681,0x4C40,0x3AE0,0x3280,0x7480,0x7420,0x63A0,0x5BA0,0x8440,0x8440,0xADA1,0xCE89,
0xC68D,0xCED1,0xCF32,0xD752,0xDF73,0xDF53,0xDF53,0xDF52,0xDF72,0xD7B4,0xD7B3,0xD7D3,0xD7D3,0xFFF3,0xFFF3,0xFFF7,
0xFFF9,0xFFF6,0xFFF7,0xFFF8,0xFFFC,0xFFDE,0xAFD7,0x1DCD,0x14B0,0x0B6F,0x02CF,0x0310,0x022E,0x024F,0x01AD,0x014C,
0x01D1,0x0236,0x2337,0x2AF5,0x2291,0x5A69,0x08C8,0x3B73,0x3B34,0x3AF1,0x11EE,0x7104,0x2105,0x2988,0x31ED,0x38A3,
0x4188,0x6B4F,0xC4D0,0x1061,0x2880,0x58C0,0xB4D1,0xFFFF,0xF6F8,0xFEF6,0x7C34,0x0171,0x018F,0x010C,0x00AA,0x014B,
0x018B,0x018A,0x01CA,0x034F,0x0391,0x02CD,0x0BCE,0x15CF,0x474C,0xF7F9,0xFFFF,0xFFFC,0xF7F6,0xE7F4,0xD7F4,0xD7FA,
0xBFF7,0x9776,0x0468,0x0206,0x0145,0x0189,0x0B92,0x0148,0x0187,0x0A88,0x0C08,0x0184,0x09A6,0x1206,0x00E3,0x0123,
0x1982,0x5A60,0xE5A9,0x72E2,0x1921,0x0922,0x00E3,0x1121,0x29E1,0x2AE0,0xB5E9,0xFFD2,0xFFD1,0xFFF1,0xFFF2,0xFFF3,
0xFFF2,0xFFF1,0xEF70,0x5C42,0x09E1,0x1182,0x0201,0x6D01,0xFFB1,0xFFF3,0xFFF3,0xFFF2,0xFFF2,0xFFF2,0xFFF2,0xFFF1,
0xF792,0x5443,0x01A1,0x0A03,0x02C4,0x5601,0xFFF0,0xFFF4,0xFFF4,0xFFF2,0xFFF2,0xFFF4,0xFFF3,0xFFF5,0xFFF7,0x6EE2,
0x03C1,0x0244,0x01A4,0x1265,0x0A45,0x0145,0x0084,0x00A4,0x00C5,0x0186,0x2288,0x0185,0x0145,0x0166,0x1324,0xBF29,
0xFFF5,0xFFF2,0xFFF2,0xFFF2,0xFFF2,0xFFF3,0xFFF1,0xFFF2,0xBEED,0x1383,0x1AC4,0x0A45,0x2482,0xDFEC,0xFFF5,0xFFF2,
0xFFF3,0xFFF4,0xFFF5,0xFFFB,0xEFFA,0xE7FD,0x773B,0x02D2,0x0210,0x0271,0x018D,0x00EB,0x12B4,0x0B98,0x0A74,0x094D,
0x00E9,0x00C9,0x01CB,0x0A89,0x10A6,0x10C7,0x1947,0x1187,0x2A25,0x9D47,0x94C6,0x2A05,0x1966,0x1926,0x1106,0x00C5,
0x00E7,0x0128,0x0149,0x00A7,0x0109,0x0169,0x030B,0x01AA,0x0109,0x00E8,0x0067,0x00C9,0x01AC,0x00A8,0x0088,0x012B,
0x0354,0x010B,0x010A,0x02CE,0x3658,0x24DC,0x0B58,0x5E1C,0x0252,0x012C,0x012C,0x018F,0x01D3,0x010E,0x00EB,0x0067,
0x0066,0x0087,0x00C8,0x00A5,0x0085,0x0084,0x00C4,0x1B06,0x0184,0x00A3,0x0103,0x01C3,0x0260,0x960E,0xC76B,0x76C4,
0x8F25,0x8EE4,0x96E4,0x96C5,0x9F25,0x9F45,0x8F05,0x9744,0x86A4,0xB728,0xFFF4,0x5D60,0x02C0,0x0160,0x0140,0x0923,
0x01C2,0x01A0,0x0260,0x24C0,0xB70D,0xB788,0x9F85,0x8F85,0x8F45,0x8F45,0x8F66,0x8F25,0xAF84,0xAF65,0xAF65,0xAFA5,
0xAF85,0xB7A6,0xB765,0xC7C4,0xB786,0xBFC5,0xC7C5,0xAF65,0xB785,0xAF84,0xB7A6,0xAFC6,0xB7E6,0xCFE5,0xB7A5,0xAF64,
0xAF64,0xAF64,0xDFA5,0xFFF5,0xCF43,0x2C00,0x0A20,0x0960,0x21E0,0x1140,0x29E0,0x7400,0xD641,0xFF4F,0xFFF5,0xF7F1,
0xD7AB,0xBFC8,0xC7E6,0xC7E5,0xCFE5,0xBFA6,0xBFC5,0xB7C5,0xBFC6,0xBFA6,0xB786,0xB786,0xB786,0xC7C6,0xCFE7,0xD7E9,
0xDFEA,0xD7EB,0xEFCF,0xF7EF,0xEFD1,0xFFDD,0xD7D6,0x1F2E,0x0C51,0x01EE,0x02AF,0x020D,0x018D,0x014C,0x012C,0x014E,
0x01B1,0x01B3,0x2AD5,0x4397,0x3A4E,0x28A3,0x00A8,0x1A50,0x1A2E,0x19EB,0x4107,0x3929,0x08E7,0x1862,0x18A3,0x2020,
0x3989,0x8CB5,0xD636,0x0861,0x1062,0x4880,0x79E4,0xF79E,0xFFBD,0xFF9A,0x6C14,0x012F,0x016E,0x00CB,0x00CA,0x00C9,
0x00E9,0x00C8,0x00E8,0x012A,0x028F,0x02F0,0x02CE,0x03AC,0x3728,0xDFF1,0xFFFC,0xFFF0,0xF7E7,0xEFE8,0xDFA7,0xDFC7,
0xE7C6,0xFFF1,0x8732,0x03E2,0x0205,0x0144,0x02ED,0x01EA,0x0166,0x0267,0x01C5,0x00C4,0x01A5,0x1346,0x00C3,0x00C3,
0x1122,0x31A0,0x9C20,0x8B80,0x2120,0x1121,0x1121,0x29C0,0x5B20,0xA543,0xF7D5,0xAF46,0xA764,0x9F64,0x9744,0x9F24,
0x9F04,0xD763,0xFFF2,0xBE85,0x0A60,0x0102,0x0A41,0x5CA1,0xCF30,0x86A3,0x7EC3,0x7EC3,0x7F03,0x7724,0x76E4,0x6E63,
0xE7B2,0xA626,0x01C0,0x00C2,0x01C3,0x24A1,0xCF51,0xC7C6,0xBFE4,0xAFA4,0xA7E4,0xA7C3,0xA764,0x9F63,0xA72C,0xFFF3,
0x3E00,0x0282,0x0122,0x0143,0x0144,0x00C4,0x00A4,0x00A5,0x00C5,0x00C5,0x00E5,0x00C5,0x00A5,0x0126,0x0323,0x964A,
0xD7CB,0x66C3,0x6EC4,0x76A3,0x6643,0x6623,0x7EC3,0xB768,0xFFF2,0x4520,0x0203,0x01A6,0x0B83,0x9E8F,0xF7CB,0xDFA3,
0xBFA3,0xDFC5,0xC7A7,0xEFC8,0xF7C9,0xFFF1,0x96F9,0x02D0,0x016D,0x0271,0x018D,0x00CA,0x0253,0x0398,0x0232,0x00A8,
0x00A7,0x0109,0x01AA,0x0249,0x00A6,0x08C7,0x1107,0x1987,0x4283,0xDECC,0xCE4A,0x3263,0x29A8,0x2187,0x08E5,0x00C5,
0x0109,0x00A6,0x00A7,0x00A7,0x00C7,0x01AA,0x032B,0x020B,0x014A,0x012A,0x00A8,0x00C8,0x014B,0x00A9,0x0088,0x014C,
0x0334,0x014C,0x010B,0x032F,0x475A,0x247D,0x0319,0x55FD,0x0274,0x016F,0x010C,0x016F,0x01B2,0x00EC,0x00CB,0x0087,
0x0086,0x00C8,0x00E7,0x00A6,0x0065,0x00C4,0x00C4,0x0A45,0x0A86,0x00E3,0x01E3,0x02E1,0x3443,0xD750,0x2D40,0x7EC0,
0x6EC0,0x7EC0,0x7640,0x5DC0,0x7640,0x6600,0x7EC0,0x7F40,0x3580,0x66A0,0xDFB0,0xD769,0x1BA0,0x01C0,0x00C0,0x0080,
0x00A1,0x0120,0x09E0,0x0240,0x75E9,0x4E21,0x6680,0x2D60,0x2D20,0x24A0,0x1CA0,0x24E0,0x4620,0x3DC0,0x2E00,0x3600,
0x2560,0x2DC0,0x4DE0,0x7640,0x5DE0,0x6660,0x66A0,0x5DE0,0x7E60,0x5D80,0x6E00,0x7620,0x5580,0x6E40,0x5E00,0x66A0,
0x7F20,0x8740,0xBF80,0xFFEF,0xB6A2,0x2C20,0x0A20,0x0120,0x1140,0x21C0,0x6B60,0xE6A6,0xFFF6,0xB76F,0xB7A3,0x9F20,
0x8F00,0x5600,0x76A0,0x4E40,0x3600,0x5E80,0x6EE0,0x5E80,0x7720,0x66C0,0x4EC0,0x6760,0x3EA0,0x36C0,0x6720,0x66C0,
0x6F00,0x6720,0xBFE4,0x87C3,0xE7AB,0xFFD6,0xFFFA,0x6FB0,0x040E,0x022E,0x01CC,0x00C9,0x014C,0x012C,0x012D,0x012E,
0x012D,0x0150,0x2294,0x4B96,0x2947,0x010B,0x092B,0x00A6,0x08E9,0x3000,0x38C6,0x18A5,0x2883,0x1061,0x1107,0x1082,
0x39C9,0x7BB1,0xD657,0x08C4,0x1084,0x3947,0xA1A0,0xC3CA,0xFFBD,0xF77C,0x2251,0x012E,0x012D,0x00CA,0x00A9,0x00C9,
0x00C9,0x00A8,0x00C8,0x00E8,0x0109,0x024D,0x01EB,0x0BAA,0x0E45,0xAFAE,0xFFEC,0xEFC6,0xBFC2,0xAFC0,0x7F60,0x97A0,
0x7F40,0x8F60,0xFFF7,0x3EAA,0x03C1,0x0244,0x01E7,0x02ED,0x0043,0x0064,0x0063,0x00A3,0x0243,0x1547,0x0184,0x00C3,
0x08E2,0x2120,0x6B00,0x9C60,0x2140,0x1900,0x2140,0x4240,0xB560,0xFFF4,0x7EA7,0x5640,0x76C0,0x5E60,0x5EC0,0x5EC0,
0x56A0,0x97A0,0xF7EF,0xC6A5,0x1A80,0x00A1,0x1180,0x1AA1,0x966C,0x76E0,0xA780,0x45C0,0x5600,0x45A0,0x76E0,0x2560,
0xAEED,0xAE26,0x01E0,0x0102,0x0242,0x02C1,0x9E4E,0x9762,0x9720,0x6EC0,0x5680,0x6680,0x6F00,0x8FA0,0x1600,0xC791,
0xCF6E,0x1400,0x01C1,0x00C2,0x00E3,0x00C4,0x00A4,0x00A4,0x00A4,0x00A4,0x0084,0x0084,0x00C5,0x0205,0x01E2,0x64C9,
0x5E05,0x4E40,0x7740,0x4640,0x35C0,0x5680,0x7740,0x5621,0xFFEE,0x5500,0x0203,0x01E6,0x01E3,0x7D8E,0xBFA5,0x9F80,
0x7F40,0x8720,0x6F00,0x9760,0xC7C0,0xFFE7,0x8E57,0x026E,0x01AE,0x02B1,0x014B,0x00A9,0x0272,0x0335,0x0251,0x00C9,
0x00E8,0x00C7,0x0148,0x0AA9,0x18E7,0x08E7,0x1927,0x29A6,0x5B04,0xE6E8,0xD688,0x42E4,0x21A7,0x1966,0x0926,0x00E5,
0x0109,0x0129,0x0149,0x014B,0x0109,0x022B,0x03CD,0x034C,0x028C,0x018B,0x00C9,0x00C9,0x010A,0x0087,0x0067,0x016C,
0x0314,0x014D,0x010C,0x02AE,0x5F5B,0x2C5D,0x02B9,0x55FE,0x02D7,0x016F,0x012D,0x0191,0x01D2,0x012C,0x0231,0x0087,
0x00A7,0x00C7,0x00E6,0x00E5,0x0065,0x0166,0x00A4,0x0265,0x1366,0x0182,0x02C2,0x2400,0xC6CF,0x8EA9,0x2480,0x3C20,
0x2BA0,0x44C0,0x3480,0x3440,0x4460,0x33A0,0x33E0,0x2C80,0x2C60,0x66A0,0x9725,0xFFF3,0x5CC0,0x01E0,0x0100,0x0040,
0x0060,0x0120,0x01A0,0x0220,0x85EC,0x3D03,0x13E0,0x1320,0x0B20,0x0B40,0x0B80,0x0B80,0x0B80,0x0B40,0x13E0,0x1400,
0x0B80,0x0BA0,0x2C00,0x3CA0,0x4480,0x3C60,0x3C80,0x2BE0,0x3C20,0x2BE0,0x3460,0x3400,0x1B80,0x3420,0x23A0,0x3440,
0x4D00,0x3D60,0x76C0,0xFFF1,0xA682,0x0300,0x1200,0x0120,0x19A0,0x5B60,0xEEE7,0xF7F6,0x6E45,0x3E00,0x8FC0,0x3D80,
0x6600,0x2420,0x2420,0x2C60,0x2C80,0x34C0,0x34C0,0x2C60,0x3500,0x24A0,0x2D40,0x3640,0x2540,0x2500,0x2520,0x1CC0,
0x2581,0x1DC3,0x56A7,0x5F48,0xAF84,0xF7D3,0xF7D8,0x6FAC,0x148C,0x026D,0x018C,0x016C,0x016C,0x00CA,0x00CA,0x00EA,
0x010C,0x0150,0x09B1,0x194C,0x0191,0x0213,0x11AE,0x08E7,0x2062,0x7882,0x196C,0x08A5,0x1020,0x0862,0x218A,0x10C5,
0x48C0,0x4880,0x4964,0x2988,0x4126,0x014F,0x5A07,0x51A7,0x49EB,0x2A92,0x012F,0x010C,0x00CA,0x00A9,0x00A8,0x0087,
0x00E9,0x0109,0x0087,0x00C7,0x00C8,0x0148,0x03AD,0x0309,0x0484,0xB76E,0xFFE9,0xBFA0,0xBFA7,0x6F23,0x46C0,0x6700,
0x3620,0x5720,0xBFC6,0xEFF9,0x1582,0x02E2,0x0142,0x032B,0x0146,0x00A3,0x00A3,0x0122,0x00A2,0x02A4,0x01A4,0x00E3,
0x00A1,0x18E0,0x39C0,0x9C80,0x3180,0x2980,0x31E0,0x83E0,0xFF6C,0xBF50,0x3600,0x6EA0,0x3DA0,0x4DC0,0x4D40,0x4D20,
0x4DE0,0x66C0,0xEFEE,0xB645,0x0A20,0x08E0,0x0120,0x1262,0x9E8D,0x5600,0x7620,0x34A0,0x3480,0x3C80,0x5DA0,0x2D40,
0xAF0E,0xA5E6,0x0180,0x0940,0x0140,0x0200,0xA64E,0x7F02,0x5E00,0x3500,0x4D60,0x3D20,0x4520,0x5DC0,0x2CC0,0x2520,
0xE7B6,0x9668,0x02E0,0x01A1,0x00E1,0x00C2,0x0083,0x0083,0x00A4,0x00A4,0x0063,0x0103,0x0163,0x0142,0x0122,0x64E9,
0x6DE6,0x5DE0,0x4D20,0x1420,0x2C80,0x3D40,0x35C0,0x4DE3,0xFFEE,0x4CC0,0x0201,0x0963,0x0162,0x858D,0xB785,0x7EE0,
0x8720,0x5E00,0x6620,0x7F61,0x9F80,0xF7E6,0x9656,0x01EB,0x024D,0x02EE,0x010A,0x00A8,0x022F,0x0312,0x0230,0x00EA,
0x0168,0x00A7,0x0148,0x02C9,0x08C7,0x0927,0x29E7,0x29E7,0x5B64,0xDEE8,0xCE87,0x4B04,0x21C6,0x2186,0x1146,0x00E5,
0x00C7,0x00A7,0x0128,0x012A,0x014A,0x026C,0x048C,0x56B2,0x4DD1,0x026A,0x00E9,0x00C9,0x010A,0x00A8,0x0067,0x016C,
0x0313,0x0190,0x1A16,0x0291,0x571C,0x241D,0x0259,0x5DDE,0x02F8,0x0190,0x012E,0x01D3,0x01F1,0x00EA,0x012C,0x0067,
0x0086,0x00C6,0x00A5,0x0064,0x11C6,0x0925,0x00E4,0x02A5,0x3509,0x02E0,0x13A0,0xA604,0xE7B3,0x4E20,0x1C60,0x1440,
0x1300,0x0B00,0x0AC0,0x0300,0x0340,0x0300,0x0B60,0x0420,0x1380,0x6640,0x5620,0xF7B0,0xBEC8,0x0AC0,0x0180,0x00A0,
0x0020,0x0060,0x0140,0x01E0,0x7D8A,0x34A2,0x2420,0x1380,0x1380,0x02E0,0x02A0,0x02A0,0x0260,0x0200,0x0240,0x0260,
0x02A0,0x1B60,0x2BA0,0x3400,0x3420,0x4560,0x4D40,0x0A20,0x01E0,0x0200,0x0280,0x02A0,0x0300,0x0300,0x0AE0,0x3CA0,
0x34C0,0x3560,0x66E0,0xFFF0,0xA6E3,0x02E0,0x0140,0x0920,0x21E0,0xAD43,0xEFF5,0x6683,0x5E40,0x3480,0x3D40,0x13A0,
0x2500,0x1400,0x0340,0x0320,0x02A0,0x0AC0,0x02E0,0x0300,0x03C0,0x13A0,0x0360,0x03E0,0x0BA0,0x13E0,0x1440,0x1420,
0x1500,0x0CC3,0x0468,0x2DE5,0x5F00,0xE78F,0xFFF8,0x372C,0x1DEF,0x12CD,0x01CD,0x01CD,0x012B,0x010B,0x00EA,0x00CA,
0x00EB,0x012D,0x016F,0x02F1,0x12B1,0x09D1,0x09D0,0x0928,0x38E5,0x38C4,0x0929,0x0084,0x0000,0x20C3,0x21AA,0x59E9,
0x5840,0x5942,0x012B,0x3946,0x6185,0x116D,0x2969,0x196C,0x00ED,0x010E,0x010D,0x00CA,0x00A9,0x00A8,0x0087,0x0087,
0x0087,0x00C7,0x00C7,0x00A7,0x00E7,0x0249,0x0289,0x01A6,0x0BA1,0xBF0C,0xF7E9,0x9F80,0x8760,0x9728,0x4E44,0x5F60,
0x35C0,0x66E0,0x5F60,0xE7AE,0xB770,0x1D40,0x02C1,0x0324,0x01C5,0x0083,0x00A3,0x00A3,0x0062,0x01C3,0x01C3,0x0041,
0x0081,0x08A0,0x18C0,0x5200,0x3180,0x3A20,0x73A0,0xE664,0xEFD5,0x3521,0x55C0,0x23E0,0x2D60,0x24C0,0x2C80,0x2D20,
0x55C0,0x6EC0,0xEFED,0xB645,0x0A20,0x08C0,0x0100,0x1282,0x9E6D,0x4DA0,0x4D60,0x23E0,0x14A0,0x13C0,0x3DA0,0x1D40,
0xA70F,0xA606,0x01A0,0x0080,0x00A0,0x0160,0x9E0C,0x76C1,0x6E60,0x2480,0x25A0,0x3540,0x24A0,0x2D80,0x1BE0,0x2D80,
0x4564,0xFFF6,0x5D02,0x0240,0x0161,0x0121,0x00E2,0x0063,0x0083,0x00A3,0x0063,0x0083,0x0083,0x00C1,0x0141,0x64E9,
0x6E07,0x45C0,0x2440,0x1440,0x0BA0,0x1400,0x6740,0x4E23,0xFFEF,0x44A0,0x0160,0x00C2,0x0142,0x856B,0xAF64,0x6680,
0x6680,0x6600,0x5E20,0x7F60,0x9780,0xF7E5,0x9613,0x0168,0x0229,0x030A,0x0129,0x0109,0x0B0F,0x0310,0x028F,0x00EA,
0x0128,0x00C7,0x01A9,0x02C9,0x00C6,0x1187,0x3247,0x2A26,0x6BA4,0xCEA7,0xCE86,0x5B65,0x29E6,0x29C6,0x0925,0x00C4,
0x0109,0x014A,0x020A,0x0129,0x014A,0x026B,0x260F,0x97F5,0x87D2,0x13EC,0x014A,0x00E9,0x00EA,0x00A9,0x0068,0x018C,
0x02D4,0x0A34,0x5BFB,0x0255,0x56DD,0x241D,0x025A,0x5D9E,0x0AD7,0x01B0,0x012E,0x01F2,0x01D0,0x00A8,0x00CA,0x00A8,
0x00C8,0x00E7,0x00C6,0x0064,0x0965,0x00A4,0x0165,0x02A2,0x2DC5,0x1522,0x5DC0,0xFFCF,0x7E87,0x6E80,0x3520,0x1CA0,
0x0AE0,0x1300,0x12C0,0x0AA0,0x02E0,0x0300,0x1C40,0x1D00,0x0B40,0x4540,0x55C0,0xBF26,0xF7F3,0x2C00,0x01A0,0x00A0,
0x0020,0x0060,0x0180,0x1B60,0x8E2C,0x4DC3,0x5DE0,0x0400,0x03A0,0x02A0,0x0260,0x0240,0x02C0,0x0280,0x0280,0x0300,
0x0260,0x0280,0x0AE0,0x23E0,0x3C80,0x3D60,0x2540,0x0AC0,0x0AE0,0x0A80,0x0AE0,0x0B00,0x0B00,0x0380,0x0BA0,0x4600,
0x4E60,0x4640,0x7F20,0xFFEE,0x7623,0x0280,0x0140,0x0980,0x32C0,0xDF0F,0x9F87,0x7F60,0x66A0,0x13C0,0x25E0,0x0380,
0x1480,0x0B40,0x0300,0x03C0,0x03A0,0x0320,0x03E0,0x0380,0x1C40,0x1420,0x03C0,0x03C0,0x0320,0x0BC0,0x0CC0,0x0480,
0x0D60,0x0D02,0x0464,0x3E23,0x8F81,0xF7D0,0xFFD9,0x576F,0x040E,0x0ACE,0x02AD,0x012B,0x012C,0x010C,0x010B,0x00EA,
0x010B,0x00ED,0x0250,0x0532,0x2470,0x3250,0x01B1,0x0212,0x622B,0x3A2D,0x016A,0x1104,0x18A2,0x2904,0x31EB,0xAC91,
0x7A05,0x6A25,0x39AB,0x49C8,0x4A0A,0x2210,0x318A,0x31CD,0x012E,0x012D,0x00EB,0x00A9,0x00A9,0x00A8,0x0087,0x0086,
0x0086,0x00A6,0x00E7,0x0086,0x0168,0x0146,0x00E5,0x01E6,0x1360,0xC6EC,0xE7E9,0x9FA0,0x5EA0,0x76C3,0x6EA3,0x46E0,
0x1560,0x1F00,0x56E0,0x6EC0,0xFFF4,0xCFA8,0x3560,0x03E2,0x0345,0x0041,0x00A2,0x00A2,0x0062,0x00C1,0x0101,0x0021,
0x0060,0x08A0,0x10A0,0x2940,0x4200,0x4A80,0xC5C0,0xFFF5,0x5DC7,0x3560,0x3CA0,0x09E0,0x2C80,0x3400,0x3D80,0x1540,
0x5640,0x5EE0,0xEFEE,0xAE45,0x0220,0x0080,0x00C0,0x1222,0x9E4C,0x4D80,0x3D00,0x0B60,0x14A0,0x0380,0x1560,0x0D60,
0xA6EE,0x95C5,0x0180,0x0060,0x00A0,0x0120,0x9DEB,0x8701,0x5EA0,0x1C20,0x1420,0x14C0,0x0C20,0x1D60,0x0360,0x3DC0,
0x3560,0x75E7,0xF7B3,0x33E0,0x0200,0x0140,0x00A1,0x0062,0x0062,0x0062,0x0042,0x0042,0x0082,0x00C1,0x0120,0x64C8,
0x6DA6,0x3560,0x03C0,0x1DA0,0x1440,0x1380,0x4E40,0x4DE3,0xEFEE,0x3460,0x0140,0x00A1,0x0100,0x856A,0xA744,0x6620,
0x5E00,0x5DE0,0x4DC0,0x6F20,0x9F80,0xEFE5,0x95F1,0x0186,0x01C6,0x02E8,0x0108,0x01C9,0x148F,0x034D,0x030E,0x010A,
0x00E7,0x00E8,0x0169,0x0AE9,0x1187,0x19E7,0x3286,0x3246,0x7C25,0xC6A7,0xC665,0x6385,0x21C6,0x29C6,0x1165,0x1125,
0x00C8,0x014A,0x0209,0x01AB,0x01EC,0x03CC,0x7F74,0x576E,0x3F8D,0x3DB0,0x01EB,0x014B,0x012B,0x00CB,0x00AA,0x01CD,
0x0293,0x1AB6,0xA5FD,0x0257,0x56BE,0x23FD,0x023A,0x5D9E,0x1B5A,0x3275,0x11B1,0x0213,0x01CF,0x00E8,0x00C9,0x0108,
0x0129,0x01A8,0x0146,0x00A4,0x00A4,0x0125,0x0204,0x0300,0x15A1,0x5F62,0xDFA5,0xEFD2,0x3DC0,0x4EA0,0x1BA0,0x01E0,
0x0220,0x4520,0x3CA0,0x2BA0,0x3400,0x2C20,0x4480,0x5D40,0x2340,0x75C0,0x4D80,0x9720,0xFFF4,0x6DC7,0x0240,0x0100,
0x00A0,0x00E0,0x01A0,0x3C60,0xD78B,0x9F21,0x8720,0x1DE0,0x2DC0,0x14E0,0x1CE0,0x1CA0,0x2DA0,0x2560,0x2540,0x2560,
0x0400,0x1C60,0x2500,0x34C0,0x2BA0,0x23A0,0x2400,0x2CA0,0x45C0,0x2D00,0x3DE0,0x4640,0x35A0,0x4EE0,0x3E20,0x35C0,
0x4660,0x4E40,0x9F20,0xF7ED,0x34A2,0x01A0,0x0900,0x01A0,0x5C46,0x9F0E,0x1CA0,0x1B20,0x0260,0x0B40,0x36C0,0x24A0,
0x2DE0,0x1C40,0x1C20,0x2520,0x1D80,0x0C60,0x25A0,0x1CE0,0x2D20,0x2560,0x1D40,0x35E0,0x2D00,0x2520,0x35E0,0x25A0,
0x2660,0x1E40,0x2680,0x5740,0xB7C1,0xFFCD,0xCFF4,0x1E6E,0x024B,0x016A,0x030E,0x020D,0x016C,0x01CD,0x016C,0x016D,
0x016D,0x00CC,0x0AF0,0x05D1,0x1571,0x428C,0x01CC,0x02B1,0x2124,0x19E8,0x1C49,0x2A63,0x2105,0x18C2,0x5281,0x7B44,
0x6A43,0x9367,0x78C3,0x51A8,0x5145,0x51A6,0x420C,0x21EF,0x096E,0x012D,0x00EB,0x00C9,0x00C9,0x00C8,0x0087,0x00A7,
0x00A7,0x0086,0x00C7,0x0147,0x0105,0x0084,0x0125,0x01E3,0x2340,0xCECB,0xD7C8,0x8F20,0x6E61,0x36A0,0x5F41,0x5F22,
0x0520,0x0EC0,0x3E20,0x5640,0xA743,0xFFF6,0xAF42,0x0520,0x0463,0x00E1,0x0061,0x0081,0x0061,0x0081,0x0101,0x0000,
0x0040,0x0860,0x0080,0x5AE0,0x7BA0,0x8C20,0xFFAE,0xAF10,0x2560,0x45A0,0x0280,0x0A80,0x25A0,0x34C0,0x1C40,0x1D40,
0x6640,0x5F00,0xEFEF,0xA625,0x0200,0x0080,0x00A0,0x1202,0xA64C,0x4540,0x5DA0,0x34E0,0x2D80,0x2500,0x4640,0x35A0,
0xAEEE,0x8565,0x0140,0x0060,0x00A0,0x0120,0xA60C,0x6EA2,0x4E40,0x3560,0x1C40,0x3D20,0x12E0,0x02C0,0x0260,0x0340,
0x3D80,0x2D60,0xCF8D,0xC6CF,0x0B20,0x01A0,0x00C0,0x00A1,0x0062,0x0021,0x0041,0x0061,0x0061,0x00E0,0x0140,0x64E8,
0x6566,0x4DA0,0x3D40,0x3D80,0x3580,0x45C0,0x35C0,0x3503,0xD7EE,0x1400,0x0140,0x00A1,0x0100,0x856B,0xA744,0x6E20,
0x55C0,0x45A0,0x3D80,0x5F00,0x8F40,0xE7E6,0x95F1,0x0104,0x0206,0x0307,0x01E8,0x1287,0x032A,0x032B,0x02CB,0x018A,
0x0148,0x0128,0x120A,0x12C9,0x11A8,0x2A87,0x4B46,0x3AA5,0x8464,0xC685,0xB624,0x6BA5,0x21E6,0x3226,0x2A06,0x1166,
0x00C7,0x00E7,0x01C8,0x0149,0x022C,0x04AD,0x97D4,0x3E6B,0x1E2C,0x56F0,0x02CB,0x016C,0x01AD,0x00CB,0x008A,0x01CD,
0x0253,0x22F7,0xB69F,0x0298,0x4E7E,0x1BDD,0x023A,0x659E,0x1BDB,0x0A74,0x1233,0x0213,0x018D,0x00C7,0x00A7,0x00E7,
0x0107,0x01C7,0x0166,0x00A5,0x0084,0x01A5,0x0163,0x0B60,0x0621,0xCFEC,0xFFF4,0xAF86,0x4660,0x3E60,0x0B20,0x0120,
0x01C0,0x3480,0x2C80,0x3C22,0x5DA1,0x4D60,0x3C60,0x4D60,0x2BC0,0x4D80,0x4DA0,0x66E0,0xB707,0xCF92,0x13C0,0x01E0,
0x0140,0x0160,0x0220,0x54E0,0xFFEF,0xEFA6,0xAF24,0xA764,0x9F44,0x8F43,0x8744,0x8724,0x97E4,0x7F44,0x6F03,0x6EC3,
0x24E0,0x3580,0x3600,0x35A0,0x24C0,0x2DA0,0x25C0,0x2D60,0x6722,0x6EC3,0x7743,0x7F64,0x7F44,0x9FC4,0x9FA5,0x8F24,
0xA744,0xBFA5,0xDFE5,0xEFF0,0x13A2,0x0160,0x00E0,0x01C0,0x962E,0x6EC5,0x24E0,0x24E0,0x1CE0,0x1360,0x15A0,0x2500,
0x36A0,0x1500,0x24A0,0x45C4,0x45A4,0x3D64,0x4E04,0x45E4,0x35E4,0x3DE4,0x5604,0x5E44,0x6EA7,0x5EE5,0x6F24,0x6F05,
0x6F64,0x9765,0xB7A6,0xBF86,0xD7C3,0xFFF1,0x7F34,0x032B,0x01CA,0x01CA,0x022B,0x014B,0x01CD,0x022E,0x01AC,0x026E,
0x01CE,0x012F,0x13F3,0x056F,0x148E,0x3185,0x024E,0x022B,0x3A60,0x5B61,0x4383,0x1082,0x0821,0x2101,0x73E1,0x83A5,
0x20C2,0x4185,0x60E3,0x192C,0x29CC,0x4A4D,0x0130,0x09AF,0x016E,0x00ED,0x012C,0x010B,0x00E9,0x00C9,0x00A8,0x00A7,
0x00A7,0x0086,0x00A7,0x0127,0x0084,0x0106,0x00C3,0x0182,0x2AE0,0xC6CA,0xCFA7,0x7F20,0x76C1,0x3EC1,0x3741,0x8F82,
0x34A0,0x1600,0x1D20,0x5E60,0x66E0,0xD76C,0xFFF3,0x5700,0x03C0,0x0180,0x00A0,0x0061,0x0061,0x0081,0x00C1,0x0000,
0x0020,0x0040,0x10E0,0x5B00,0xB500,0xEEE6,0xDFD6,0x2D60,0x5640,0x1360,0x0180,0x0B20,0x1E00,0x3D80,0x3420,0x4520,
0x55A0,0x76C0,0xEFCE,0x95E5,0x01C0,0x0080,0x00A0,0x1222,0xA68D,0x4560,0x3CC0,0x3CA0,0x24C0,0x3460,0x4D60,0x3CE0,
0xAECE,0x7D45,0x0120,0x0060,0x0080,0x0140,0x9E0C,0x7682,0x4DA0,0x2C20,0x2CC0,0x24C0,0x1B80,0x12E0,0x01A0,0x0260,
0x0B60,0x24C0,0x55E0,0xFFF2,0x75A8,0x0260,0x0160,0x00A0,0x0061,0x0041,0x0021,0x0020,0x0041,0x00E0,0x0160,0x6527,
0x6DA5,0x24C0,0x1BA0,0x1360,0x1320,0x2420,0x3DE0,0x34E4,0xCFCE,0x0BC0,0x0120,0x00A0,0x0100,0x854A,0xA744,0x5E00,
0x55C0,0x4DA0,0x2D40,0x5EC0,0x7F20,0xD7E6,0x95D0,0x0123,0x0205,0x0327,0x0207,0x02A6,0x0349,0x02C8,0x02C9,0x0168,
0x0148,0x0169,0x122A,0x0AA9,0x1A07,0x4B64,0x7462,0x42E4,0x8CA5,0xB686,0xA604,0x7C45,0x2A45,0x2A45,0x11C5,0x0125,
0x0148,0x0168,0x02CA,0x0148,0x020B,0x0D0C,0x97F0,0x35A8,0x050B,0x6791,0x036B,0x01AC,0x01EE,0x016C,0x012B,0x01EE,
0x0213,0x2339,0xC71F,0x0AFA,0x565E,0x23DD,0x023A,0x5D9E,0x1C1A,0x0190,0x0212,0x03F4,0x022C,0x00E7,0x00C7,0x0127,
0x0126,0x0207,0x0186,0x00A4,0x09A4,0x01A5,0x01E3,0x0440,0x3720,0xF7F6,0xE7BD,0x5703,0x3DA0,0x35A0,0x23E0,0x4480,
0x23E0,0x24E0,0x3D82,0x8CEA,0xA60B,0x6EA1,0x2D20,0x24C0,0x1380,0x5600,0x6E40,0x6EC0,0xA740,0xFFF3,0x5565,0x0A20,
0x19C0,0x1180,0x0A20,0x3CC0,0xD7AD,0xDFCF,0xAF2D,0xA6CC,0x9EAC,0x9E8C,0x9E8C,0x9E8C,0x9E4D,0x8D6B,0x84A9,0xAD8E,
0x7687,0x2D20,0x3D20,0x3540,0x45A0,0x3DE0,0x3F00,0x7740,0xD74F,0x856B,0x858A,0x8D8B,0xA66B,0x9E8B,0x9E6A,0x9E2A,
0x964A,0x8E6A,0x8E6C,0x6D4A,0x0220,0x0120,0x00C0,0x1261,0x966D,0x4E40,0x2D20,0x14E0,0x1DC0,0x0220,0x0320,0x2CA0,
0x6700,0x7669,0x8DEE,0x7D8D,0x7D6D,0x758B,0x754B,0x7D6D,0x7D8C,0x85CD,0x7DAD,0x7D8E,0x7DCE,0x85EE,0x7DCF,0x7DD1,
0x8612,0x8EF4,0x9776,0x9797,0x8F57,0x8EF8,0x2C50,0x01EA,0x0189,0x0988,0x1268,0x0148,0x00A9,0x00EA,0x010B,0x020D,
0x020F,0x0190,0x0391,0x04EE,0x0C0B,0x1081,0x18A2,0x08C3,0x63A3,0x2984,0x0065,0x0001,0x20C0,0x10E3,0x6B64,0xC52D,
0x3988,0x3926,0x4127,0x422B,0x52CE,0x3A4D,0x218D,0x19AE,0x5B92,0x94F4,0x09AE,0x014B,0x014B,0x0109,0x00E8,0x00A7,
0x0086,0x0086,0x0086,0x00C5,0x00C5,0x00E4,0x0061,0x0161,0x3340,0xC6CB,0xCFE7,0x6700,0x6620,0x1E60,0x0E20,0x0E60,
0x2CA0,0x3660,0x2580,0x3540,0x7740,0x6E60,0xFFD2,0xD78B,0x1480,0x0AC0,0x0160,0x0080,0x0040,0x0040,0x0080,0x0000,
0x0020,0x10C0,0x21A0,0x5B40,0xEEC1,0xFFF5,0x4D85,0x4DC0,0x35A0,0x0B00,0x02A0,0x02C0,0x03C0,0x3D80,0x2400,0x0B80,
0x2D80,0x4680,0xEFED,0x8DC4,0x01A0,0x0060,0x00A0,0x1222,0xA68D,0x4560,0x2CC0,0x3480,0x2C60,0x2C20,0x24C0,0x1D20,
0x9E8E,0x6D05,0x0100,0x0060,0x00A0,0x0140,0x9E0D,0x6EA2,0x35A0,0x1C20,0x2480,0x0B60,0x1C60,0x13E0,0x0A40,0x0240,
0x03E0,0x0BE0,0x5620,0x8EA2,0xFFD5,0x54C4,0x0A20,0x0120,0x0080,0x0020,0x0000,0x0020,0x0020,0x00E0,0x01C0,0x6DA7,
0x6DC5,0x1CE0,0x0C20,0x0380,0x1340,0x1BA0,0x4600,0x4544,0xBF8E,0x03A0,0x0100,0x0080,0x0100,0x854A,0x9F04,0x55C0,
0x4D60,0x4D40,0x2520,0x66E0,0x6F20,0xC7E6,0x95D1,0x0143,0x01E5,0x02E5,0x01E5,0x0445,0x0367,0x0267,0x0308,0x0188,
0x0149,0x09C9,0x09E9,0x0AA9,0x2286,0x8D07,0xDECE,0x5362,0x8CC6,0xA666,0x9DE4,0x8486,0x2AA4,0x32C5,0x1205,0x0165,
0x0128,0x0167,0x0309,0x01C9,0x026A,0x260B,0x87EB,0x3D27,0x0429,0x6FB0,0x0C8B,0x020C,0x01AD,0x00CA,0x01CE,0x0290,
0x01F5,0x2B5A,0xE79F,0x1B7C,0x5E5F,0x23BD,0x0239,0x55FF,0x241A,0x0217,0x02F9,0x0556,0x02CE,0x0107,0x00E7,0x0126,
0x0126,0x0267,0x01A6,0x00C4,0x0144,0x0144,0x02A2,0x04A0,0x7740,0xFFF7,0x97BF,0x0DCA,0x24A0,0x2CE0,0x23E0,0x3CC0,
0x2C60,0x4DE0,0x96E7,0x2181,0x4266,0x96E6,0x55A0,0x34C0,0x0AC0,0x4C60,0x3C00,0x4D20,0x76C0,0xEFE8,0xAED1,0x0280,
0x0920,0x0060,0x00C0,0x0220,0x0B40,0x1BA0,0x0380,0x0360,0x0340,0x0320,0x02E0,0x02C0,0x0220,0x0100,0x0020,0x3AA6,
0x8F28,0x3DE0,0x3CA0,0x3CA0,0x3D20,0x2D00,0x4560,0x6621,0xAE8C,0x0160,0x0140,0x01A0,0x0AA0,0x12E0,0x12A0,0x12A0,
0x12C0,0x0B00,0x0280,0x0140,0x00E0,0x0060,0x00A0,0x3B45,0x8E2A,0x2CE0,0x2460,0x0280,0x1CA0,0x0AC0,0x0360,0x3DC0,
0xEFEC,0x7F0C,0x03A0,0x0200,0x0200,0x0240,0x01E0,0x01C0,0x01E0,0x0240,0x01C0,0x01E0,0x0200,0x0282,0x02C6,0x0287,
0x0308,0x04AE,0x046D,0x03AC,0x036C,0x0249,0x0168,0x0107,0x00C6,0x0106,0x0187,0x0169,0x00E9,0x00C9,0x00C9,0x00EA,
0x012B,0x00EC,0x032F,0x050F,0x3D4A,0xBCE1,0x5B07,0x1A8A,0x9506,0x3B4C,0x022F,0x18E3,0x39A1,0x1149,0x4A27,0xDD70,
0x5A6B,0x20A6,0x49A9,0x5A68,0x4A29,0x31E9,0x6987,0xA32D,0xE6B8,0xFFF7,0xA4F2,0x01CD,0x01CC,0x0129,0x0109,0x00C7,
0x0086,0x00C6,0x00C6,0x00A5,0x00A4,0x00A3,0x0081,0x0980,0x3BC0,0xBF0A,0xCFC7,0x66C0,0x6561,0x35E0,0x25A0,0x15E0,
0x0BC0,0x4DE0,0x3540,0x0320,0x44E0,0x3D60,0x9F23,0xFFF6,0x96A3,0x23E0,0x01E0,0x0140,0x0040,0x0040,0x0060,0x0000,
0x0060,0x1960,0x2A20,0x94E0,0xFFF0,0x9EAE,0x2480,0x44E0,0x2CC0,0x0AE0,0x02E0,0x02C0,0x00E0,0x6520,0x2460,0x0380,
0x3D80,0x56C0,0xE7ED,0x8584,0x0180,0x0060,0x0080,0x1201,0x9E6D,0x2D00,0x3CC0,0x4CA0,0x1C00,0x1400,0x2CE0,0x2540,
0x9EAD,0x5484,0x00E0,0x0060,0x00A0,0x0140,0x9E0C,0x5E22,0x45C0,0x2420,0x1440,0x03A0,0x03C0,0x0340,0x1280,0x2AC0,
0x02E0,0x0360,0x5E00,0x45E0,0xA6A7,0xE794,0x2BC0,0x01C0,0x0100,0x0040,0x0020,0x0040,0x0060,0x0100,0x0200,0x8606,
0x6565,0x13C0,0x13E0,0x0320,0x02C0,0x1380,0x35A0,0x4524,0xBF6E,0x0380,0x0100,0x0080,0x0120,0x856A,0xA705,0x65A0,
0x4D20,0x3CC0,0x1500,0x6700,0x6720,0xAFE6,0x95F0,0x0163,0x01E4,0x02E5,0x0225,0x2CC6,0x03E6,0x0287,0x0388,0x0248,
0x01C9,0x0A69,0x0209,0x0AE8,0x2AE4,0xAE08,0xFFB1,0x6C42,0x9526,0x9686,0x85C2,0x7CA6,0x3344,0x4BA4,0x1266,0x0A05,
0x0146,0x01A7,0x02E8,0x028A,0x036A,0x46EC,0x67E8,0x3506,0x0347,0x576D,0x160B,0x02CB,0x01ED,0x00EB,0x01CE,0x02D2,
0x0216,0x339B,0xDFDF,0x23FD,0x5E5F,0x1B9D,0x025B,0x55FF,0x241C,0x857E,0x2CDE,0x0417,0x020E,0x0106,0x0129,0x0188,
0x0106,0x1468,0x0AA6,0x0084,0x00A3,0x01C4,0x02A2,0x1540,0xDFA9,0xEFD7,0x47DB,0x0591,0x04CB,0x24A0,0x02A0,0x0260,
0x0AC0,0x4D02,0x95EA,0x00C0,0x0901,0xB6AA,0xA780,0x76A0,0x33C0,0x44E0,0x2BA0,0x5CE0,0x66C0,0x8700,0xFFF3,0x2C44,
0x0180,0x00C0,0x0080,0x0100,0x00E0,0x0120,0x0120,0x0120,0x0100,0x0100,0x0100,0x0100,0x00C0,0x0080,0x00C0,0x5BC8,
0x8EC8,0x4D20,0x44A0,0x3440,0x3460,0x1D20,0x3DE0,0x5E20,0xC78E,0x1AE1,0x00C0,0x0100,0x00E0,0x00E0,0x00C0,0x00C0,
0x00E0,0x00E0,0x00E0,0x0080,0x0020,0x0060,0x0100,0x5C68,0x6DC8,0x0380,0x1360,0x0B60,0x0B40,0x1340,0x2D40,0x7E81,
0xFFD4,0x7781,0x0480,0x01C0,0x01A0,0x00C0,0x00C0,0x00A0,0x0180,0x0121,0x00C1,0x00E1,0x00E1,0x01E5,0x01A6,0x0165,
0x0207,0x020A,0x01A9,0x022A,0x0127,0x0126,0x00E6,0x0085,0x00C5,0x0105,0x0106,0x00C8,0x0128,0x0148,0x00C9,0x00EA,
0x010A,0x00CC,0x032F,0x04CD,0x53E5,0x7AC0,0x1986,0x3A23,0x9564,0x4B48,0x0A50,0x52E6,0x2184,0x2948,0x3986,0xAC6E,
0x41A6,0x28C5,0x51A7,0x4123,0x39A8,0x4AAD,0x4A71,0x9C33,0xEF5C,0xFEF5,0xFE52,0x2BAF,0x028C,0x016A,0x0129,0x0128,
0x00A6,0x00A5,0x0085,0x00A5,0x00C4,0x00C2,0x00A1,0x11C0,0x3C60,0xA6CA,0xDFC7,0x66A0,0x7E40,0x1D80,0x1500,0x3580,
0x3C80,0x4C40,0x3C20,0x0C80,0x0C60,0x55E0,0x7760,0xCFA8,0xFFF3,0x7DC0,0x0A80,0x09E0,0x00C0,0x0020,0x0060,0x0020,
0x1120,0x21C0,0x5BA0,0xF768,0xCF94,0x35A0,0x4560,0x03A0,0x2480,0x0B60,0x02C0,0x0AA0,0x2CA0,0x2C20,0x0BE0,0x0460,
0x2CE0,0x3DE0,0xDFCD,0x8564,0x0160,0x0060,0x0080,0x1202,0x9E4D,0x2D20,0x4D00,0x4460,0x23E0,0x2440,0x2D00,0x2580,
0xA6ED,0x4424,0x00C0,0x0040,0x00A0,0x0140,0x9E0C,0x6642,0x45C0,0x2C20,0x2C20,0x1C00,0x0C20,0x03E0,0x0200,0x19E0,
0x1B80,0x0AE0,0x3D00,0x66A0,0x35A0,0xDF8C,0xC70F,0x1B40,0x01A0,0x00E0,0x0060,0x0040,0x0040,0x0100,0x0240,0x9E67,
0x6565,0x2460,0x1380,0x0AC0,0x1360,0x13C0,0x2540,0x4504,0xB72E,0x0340,0x0100,0x0080,0x0100,0x856B,0xA725,0x65A0,
0x4D60,0x5520,0x1500,0x76C1,0x4E80,0x9785,0x95CE,0x01C3,0x0204,0x0346,0x02E5,0x8647,0x1486,0x0267,0x0368,0x02C8,
0x02C9,0x030A,0x0248,0x0B07,0x3344,0xBE88,0xF7CA,0x8523,0x9D85,0x8685,0x6D82,0x7CA5,0x64C2,0x8D62,0x1A85,0x0A25,
0x0105,0x0186,0x0387,0x03C8,0x03C9,0x674C,0x3FE5,0x2524,0x0328,0x3F0A,0x6F2F,0x0BEA,0x022E,0x018F,0x0252,0x03B5,
0x0217,0x33DC,0x9FDF,0x2C5E,0x565F,0x1BBE,0x027C,0x4D7F,0x345E,0xA6DF,0x3CBD,0x02B8,0x022F,0x0168,0x01AB,0x01A9,
0x0166,0x04E8,0x02C5,0x00A4,0x0124,0x0265,0x0381,0x76E0,0xFFF5,0x6EC7,0x177B,0x05F2,0x04EC,0x0CA0,0x0BA0,0x1C60,
0x0BE0,0x85E9,0x5D05,0x0140,0x0180,0x75AA,0xC7C7,0x86E0,0x3C60,0x3500,0x1B80,0x1C60,0x6F40,0x66A0,0xFFE8,0x9E70,
0x0280,0x0140,0x0040,0x0100,0x00E0,0x0060,0x0060,0x0060,0x0040,0x0060,0x0040,0x0040,0x0020,0x0080,0x00C0,0x53E8,
0x7669,0x2D00,0x3500,0x1CA0,0x3540,0x4560,0x5680,0x4600,0xDFD0,0x3BE3,0x00C0,0x0040,0x0040,0x0060,0x0060,0x0060,
0x0060,0x0080,0x0080,0x0000,0x0000,0x0080,0x0100,0x6CC9,0x6588,0x0B80,0x0B00,0x03A0,0x03A0,0x0360,0x35E0,0xAFC2,
0xFFD3,0x9F61,0x04A0,0x0240,0x0140,0x00A0,0x00C0,0x0080,0x0160,0x0080,0x0060,0x0060,0x00A0,0x0144,0x00A4,0x00C3,
0x0104,0x0106,0x0146,0x01E8,0x00C6,0x0126,0x00E5,0x0085,0x00A5,0x00C4,0x0085,0x00C7,0x00E7,0x0128,0x01EB,0x018B,
0x012C,0x012C,0x01EE,0x01E9,0x0AEC,0x0126,0x0084,0x11E7,0x7E0B,0x33D0,0x42E8,0x4243,0x0906,0x3945,0x5289,0x7BCE,
0x6286,0x41C9,0x18E8,0x39A8,0x3945,0x18E7,0x3A70,0x6B2F,0xEF5B,0xF693,0xFE32,0x8614,0x03CE,0x01CB,0x018B,0x01CC,
0x00E8,0x00C6,0x0085,0x00E5,0x0123,0x00C2,0x0060,0x29E0,0x2C60,0xAEC9,0xCFE6,0x56A0,0x7681,0x4720,0x2D80,0x2DA0,
0x3540,0x24A0,0x13E0,0x0340,0x0440,0x3520,0x66C0,0x86E0,0xEFB0,0xEF6A,0x33A0,0x0220,0x0980,0x0040,0x0020,0x10E0,
0x19C0,0x3AC0,0xC641,0xFFF6,0x3D64,0x1D80,0x14C0,0x02E0,0x04A0,0x02A0,0x0140,0x09C0,0x2500,0x1C40,0x03A0,0x0460,
0x24C0,0x1DA0,0xCFCC,0x7D64,0x0160,0x0040,0x0080,0x1202,0x9E4D,0x3D60,0x34C0,0x23A0,0x23C0,0x2400,0x1C80,0x0CE0,
0x8E6D,0x3BE4,0x00A0,0x0060,0x0080,0x0140,0x95EC,0x5E42,0x1CA0,0x0AC0,0x1320,0x0B60,0x02C0,0x02C0,0x0280,0x0180,
0x0AE0,0x02E0,0x1C00,0x6EA0,0x24E0,0x4DE0,0xF7B1,0xA64A,0x0A80,0x0160,0x00E0,0x0080,0x0040,0x0100,0x02C0,0xA6C7,
0x6566,0x2D40,0x0BC0,0x0B60,0x0B40,0x0BE0,0x3600,0x4544,0xB72F,0x0340,0x0100,0x0060,0x0100,0x7D4B,0xA705,0x5DA0,
0x3D20,0x4D20,0x14E0,0x6E60,0x4E80,0x9746,0x95F0,0x0285,0x0245,0x03A6,0x0B65,0x6686,0x14E7,0x0227,0x0388,0x0369,
0x0369,0x1528,0x0328,0x1368,0x43E4,0xC6E9,0xD7C8,0x95A5,0x9565,0x6E65,0x5562,0x7D04,0x8DC6,0xC6AB,0x22C3,0x0205,
0x0145,0x01E5,0x2D46,0x662B,0x0425,0x774A,0x26C2,0x24E3,0x02E7,0x46CA,0xDFF7,0x0DEA,0x02D0,0x014F,0x0314,0x0356,
0x0218,0x341D,0x879F,0x3C9F,0x569F,0x1BDE,0x025C,0x3D1E,0x553F,0x7E9F,0x3C7E,0x0278,0x022E,0x01A8,0x01EB,0x01C9,
0x01C6,0x2668,0x1BA5,0x0246,0x0A86,0x0305,0x1540,0xDFCA,0xC7B0,0x2623,0x075B,0x04CE,0x142B,0x1440,0x0B00,0x02E0,
0x1C21,0xDFCC,0x2C00,0x0100,0x0160,0x2422,0xD76C,0xB7C0,0x3CA0,0x3520,0x2BE0,0x03C0,0x3500,0x6E00,0xAF40,0xEFD4,
0x1BA3,0x0140,0x0080,0x0060,0x0040,0x0040,0x0080,0x0080,0x00E0,0x0080,0x0080,0x0080,0x0020,0x0080,0x00A0,0x53E7,
0x65A8,0x1B80,0x23E0,0x1C20,0x1C20,0x1360,0x3500,0x5680,0xE7D0,0x4482,0x0120,0x0040,0x0020,0x0080,0x0080,0x0080,
0x00A0,0x0040,0x0020,0x0000,0x0000,0x0080,0x0140,0x7D08,0x7648,0x1540,0x0B00,0x0240,0x0A60,0x0300,0x1D60,0x5E40,
0xFFD5,0xBFA3,0x1E80,0x0420,0x02A0,0x0260,0x01E0,0x01E0,0x0220,0x0160,0x0120,0x00E0,0x0121,0x0184,0x00C4,0x0164,
0x01C6,0x00E5,0x0207,0x0269,0x00A5,0x00C5,0x00C5,0x00A4,0x0084,0x0084,0x00C5,0x0107,0x00C7,0x00E8,0x01EB,0x020C,
0x018E,0x016F,0x0A95,0x857B,0x261B,0x0A8B,0x096A,0x1413,0x6567,0x03CE,0x2B87,0x3180,0x0021,0x2124,0x4AA9,0x7346,
0x72E2,0x31EA,0x08A6,0x3A28,0x3144,0x2104,0x2146,0x49E7,0xE6FA,0xEE74,0xF674,0xEF56,0x1DF0,0x026B,0x01AB,0x01CC,
0x0128,0x00E6,0x0085,0x0124,0x00E3,0x00E2,0x00A1,0x5BA0,0x5580,0xB72A,0xBFA7,0x5620,0x5D61,0x1B80,0x12A0,0x3D00,
0x33C0,0x1380,0x0C40,0x0200,0x01E0,0x2460,0x4640,0x6600,0x8EA1,0xFFF5,0xAE63,0x1340,0x0200,0x00A0,0x08A0,0x1160,
0x1A00,0x8CC0,0xFFF2,0x6DAB,0x1400,0x0C40,0x0C00,0x01C0,0x0360,0x01A0,0x00A0,0x0160,0x03C0,0x0B80,0x0320,0x0380,
0x2460,0x25A0,0xD7CC,0x6D84,0x0160,0x0040,0x0080,0x1202,0x9E6D,0x2CA0,0x44A0,0x3400,0x2B40,0x2BA0,0x24C0,0x14E0,
0x8E6D,0x33E4,0x00C0,0x0040,0x0080,0x0140,0x95EC,0x55A2,0x2CA0,0x1300,0x0AC0,0x0BC0,0x0220,0x0100,0x0120,0x0160,
0x00E0,0x0A80,0x1BE0,0x4CC0,0x1C40,0x5EC0,0x5D41,0xFFF5,0x95E6,0x0A80,0x01E0,0x0900,0x0020,0x0120,0x0340,0xB728,
0x6587,0x24A0,0x0380,0x0AC0,0x02A0,0x02E0,0x1D00,0x3CC4,0xB72E,0x0340,0x00E0,0x0081,0x0120,0x7D4B,0x9F05,0x5560,
0x34A0,0x2C20,0x0C80,0x6E60,0x4EA0,0x7F46,0x8E73,0x0347,0x0225,0x0386,0x0B65,0x7728,0x1D67,0x0267,0x0429,0x0C4A,
0x1CE9,0x878A,0x0407,0x1388,0x4C64,0xCF29,0xAFA6,0x9E27,0x8DA5,0x5664,0x3D42,0x7544,0x9E26,0xE74E,0x2B62,0x0265,
0x0164,0x0242,0x7667,0xCF6F,0x0D24,0x8728,0x0E21,0x1CE2,0x02C6,0x7F28,0xDFF2,0x0ECA,0x0350,0x0211,0x0336,0x0358,
0x031B,0x341E,0x671F,0x3DBF,0x4EDF,0x13BE,0x025D,0x34BE,0x75DF,0x65FF,0x3CBE,0x02D9,0x0330,0x01A8,0x022C,0x01EA,
0x02A7,0x25E9,0x02E4,0x0305,0x02E6,0x0364,0x66E0,0xEFD6,0x4645,0x1E26,0x06D1,0x050E,0x0D34,0x15C4,0x0B61,0x1BE0,
0x7E49,0xD768,0x0300,0x0120,0x0160,0x01C0,0x8588,0xD7E3,0x4500,0x2D80,0x1360,0x0B80,0x0B60,0x34C0,0x4E60,0xD7AB,
0x8DEF,0x01E0,0x00E0,0x00A0,0x0000,0x0000,0x0000,0x0020,0x0060,0x0000,0x0000,0x0000,0x0000,0x0080,0x00C0,0x5407,
0x75C8,0x24A0,0x3E20,0x14A0,0x02E0,0x0B80,0x1C60,0x24E0,0xD790,0x4442,0x0100,0x0040,0x0000,0x0000,0x0000,0x0000,
0x0000,0x0000,0x0000,0x0000,0x0000,0x0080,0x0160,0x74C7,0x768A,0x0C80,0x0B41,0x1501,0x14A1,0x0BC0,0x15A0,0x1500,
0xA6EE,0xFFF6,0xAFC4,0x2DE0,0x6E20,0x4DA0,0x1CA0,0x0400,0x0440,0x0320,0x0260,0x0240,0x0260,0x0262,0x01A3,0x0245,
0x0247,0x0165,0x0288,0x0248,0x0165,0x0084,0x00A5,0x00C5,0x0085,0x00A5,0x00A6,0x0127,0x00E7,0x0129,0x028C,0x026D,
0x01AE,0x0191,0x3BF9,0xCE5E,0xB6BC,0x1AAC,0x0293,0x13D0,0x5DA5,0x0BC9,0x09E8,0x29A2,0x1924,0x4A02,0x5AE5,0x7B01,
0x3100,0x2145,0x0085,0x18E1,0x2961,0x0000,0x28A1,0x4142,0xC5D5,0xFFFE,0xF719,0xFF97,0x4EAF,0x02CB,0x01AA,0x0B0B,
0x0147,0x00E6,0x00A5,0x0124,0x00E3,0x09A1,0x0200,0x8D20,0x7E00,0xAF09,0xAF26,0x5620,0x6620,0x0221,0x0AC0,0x2500,
0x2361,0x0120,0x0180,0x0160,0x00E0,0x23C0,0x4660,0x3D80,0x5E20,0xD7A8,0xFFF4,0x6DE0,0x1BC0,0x11E0,0x21C0,0x09C0,
0x4BA0,0xF76A,0xB735,0x0C80,0x1300,0x0CA0,0x0BE0,0x0200,0x03C0,0x0200,0x00A0,0x01A0,0x0620,0x0440,0x0382,0x0441,
0x1CA0,0x35E0,0xDFEB,0x6543,0x0160,0x0040,0x0080,0x1222,0x9E6D,0x3500,0x3460,0x2420,0x23A0,0x2380,0x1C40,0x1440,
0x862C,0x33E4,0x00A0,0x0040,0x0080,0x0120,0x95EC,0x6682,0x3580,0x0B40,0x0340,0x0460,0x01E0,0x00A0,0x00E0,0x0120,
0x0100,0x01A0,0x0CC0,0x1B20,0x12C0,0x6F20,0x34C0,0x8664,0xFFF5,0x6541,0x0240,0x0180,0x00A0,0x0140,0x03E0,0xBF88,
0x5D66,0x2D40,0x0C40,0x01A0,0x01E0,0x0280,0x1500,0x4504,0xAF0D,0x0320,0x00E0,0x0061,0x0121,0x856C,0x9F05,0x7E80,
0x4D60,0x3500,0x04C0,0x65C0,0x45E0,0x8F45,0x8E53,0x03C9,0x0286,0x0427,0x0C07,0x672A,0x25E9,0x02E9,0x148B,0x256B,
0x35EA,0xE7F3,0x1525,0x2427,0x6D24,0xCF68,0x8765,0x9E8A,0x8605,0x4624,0x1CE2,0x75A4,0x9E62,0xDF89,0x3C43,0x02E4,
0x0183,0x02C1,0xA6E8,0xCF88,0x35E4,0x7EE6,0x05A1,0x0CE2,0x0326,0x6F24,0xBFCB,0x36EC,0x038F,0x0375,0x03D8,0x03DB,
0x041E,0x349F,0x56FF,0x469F,0x4EFF,0x13DE,0x02BD,0x243F,0x7E7F,0x451F,0x4CFF,0x031B,0x0354,0x01AB,0x0331,0x02AD,
0x0BC9,0x2DCA,0x0305,0x03C6,0x0386,0x04C1,0xB7EC,0x9653,0x14C0,0x14C5,0x04CA,0x03EB,0x04F1,0x0589,0x0BA2,0x8EC0,
0xF7EE,0x7601,0x0260,0x0180,0x0900,0x0120,0x1B63,0xE7AA,0x7EA0,0x4E80,0x0B80,0x0C00,0x02C0,0x4DE0,0x4620,0x8681,
0xEFD4,0x1342,0x0120,0x0080,0x0000,0x0000,0x0000,0x0040,0x0020,0x0000,0x0000,0x0000,0x0000,0x0080,0x00C0,0x5C28,
0x7E08,0x24A0,0x2CE0,0x13E0,0x1320,0x34C0,0x55C0,0x5620,0xD7B1,0x4462,0x0120,0x0040,0x0000,0x0000,0x0000,0x0000,
0x0000,0x0040,0x0020,0x0020,0x0040,0x0060,0x0100,0x5C23,0x8E4C,0x2C60,0x1B00,0x0300,0x02E0,0x01E0,0x0320,0x0B80,
0x8F00,0x9EAB,0xD773,0xDFB3,0xF7F1,0xE7F1,0xB7AF,0x9F4E,0x7EEB,0x4E08,0x3525,0x2483,0x0C41,0x03C0,0x0300,0x0380,
0x0422,0x0344,0x0388,0x0205,0x0225,0x0205,0x0125,0x00C5,0x0105,0x00E5,0x00E6,0x00E7,0x0167,0x0208,0x048B,0x03ED,
0x020F,0x01D2,0x6CFC,0xDEFF,0xA514,0x29E8,0x0231,0x12A7,0x1326,0x020B,0x1988,0x18E4,0x10C4,0x2144,0x31A4,0x7303,
0x4161,0x4162,0x31A8,0x21A5,0x3980,0x2921,0x0A4B,0x5141,0xAB27,0xFFDD,0xFF39,0xF7B5,0x6F0E,0x02EB,0x020A,0x6E93,
0x0A68,0x0186,0x0165,0x0144,0x00E2,0x01E0,0x2BA0,0x63C0,0x1340,0xB749,0x9F67,0x3520,0x3521,0x0BC2,0x0A80,0x0C40,
0x0B20,0x0260,0x01A0,0x0A20,0x0180,0x12C0,0x2D00,0x1C00,0x44E0,0x6EA0,0xE78F,0xEFAC,0x8EA0,0x0300,0x01E0,0x3320,
0xC662,0xEFD7,0x3D23,0x2CE0,0x0280,0x0CA0,0x03C0,0x0280,0x0C20,0x02A0,0x0240,0x0220,0x02C0,0x0B00,0x0A05,0x0B26,
0x13E0,0x1D40,0xC78B,0x5D63,0x0160,0x0060,0x00A0,0x1222,0x9E6C,0x2CA0,0x3420,0x2BA0,0x33A0,0x22A0,0x1340,0x03A0,
0x8E4C,0x33C5,0x0080,0x0040,0x0080,0x0120,0x95CD,0x4D82,0x2C40,0x1A60,0x12E0,0x0B80,0x0260,0x0160,0x0180,0x01E0,
0x0200,0x0180,0x0220,0x3420,0x0160,0x44E0,0x3D00,0x5E60,0xCF4A,0xDF92,0x1400,0x02E0,0x0200,0x01C0,0x0480,0xD7C9,
0x5D66,0x1460,0x12C0,0x0240,0x02C0,0x0260,0x2480,0x44E4,0xAF0D,0x0360,0x00E0,0x0081,0x0122,0x858B,0x9EE4,0x5500,
0x44A0,0x3440,0x03E0,0x75C0,0x4560,0x6EA5,0x86B4,0x048E,0x0B6A,0x050A,0x0CE9,0xA7F1,0x46AC,0x0329,0x0C8C,0x0DCC,
0x4E48,0xF7F1,0x2DE7,0x34C6,0x7E06,0xC78A,0x5703,0xA6EA,0x7646,0x3605,0x0C83,0x7605,0x9E82,0xC766,0x4D03,0x0343,
0x01A2,0x1B81,0xB746,0xA701,0x7643,0x6E43,0x0501,0x0CE2,0x1B45,0x66A3,0x8729,0x5F6E,0x042F,0x0294,0x053B,0x153D,
0x25DF,0x2D3F,0x4F3F,0x573F,0x4F3F,0x0C9F,0x035E,0x13DE,0x8EFF,0x347F,0x555F,0x033D,0x0259,0x0150,0x0598,0x0471,
0x140C,0x360D,0x0366,0x0469,0x0528,0x3F05,0xE7D8,0x1BE6,0x1C21,0x1504,0x0304,0x0327,0x048E,0x0594,0x1DE6,0xCFA6,
0xEFEA,0x1440,0x01A0,0x00C0,0x0040,0x00C0,0x0180,0x95EB,0x8EA4,0x65C0,0x22A0,0x0B20,0x0300,0x2420,0x1C20,0x3CC0,
0xEFCC,0x754D,0x0180,0x00C0,0x0020,0x0000,0x0000,0x0020,0x0000,0x0020,0x0020,0x0000,0x0000,0x0080,0x00C0,0x5408,
0x7648,0x14E0,0x1420,0x1C00,0x24A0,0x2560,0x3DC0,0x3560,0xCF72,0x3C22,0x0120,0x0040,0x0000,0x0000,0x0020,0x0000,
0x0020,0x0040,0x0020,0x0080,0x00A0,0x0060,0x00E0,0x3340,0xBF4C,0x66A1,0x5DA0,0x0A40,0x01A0,0x0240,0x0AE0,0x0A40,
0x4CC0,0x2480,0x0C00,0x4D62,0x4523,0x65A6,0x7E48,0x9ECB,0xA6CE,0xB70F,0xBF51,0xC774,0xC754,0xBF33,0xAEF2,0x8ECD,
0x9FA8,0x66A1,0x0604,0x0425,0x0284,0x0205,0x0A66,0x09E4,0x0164,0x0166,0x0106,0x0127,0x01A8,0x0367,0x8F71,0x5652,
0x02B0,0x0256,0x8DDD,0xEF5F,0x736E,0x2945,0x0149,0x0164,0x0163,0x0A27,0x09E8,0x08E5,0x1904,0x0000,0x18C2,0x7B22,
0x28E0,0x1040,0x4160,0x6281,0x6280,0x39A0,0x136C,0x6BE9,0x9261,0xC4CF,0xEF7B,0x8FB1,0x5F6F,0x038B,0x02CA,0x7791,
0x2C29,0x01C6,0x01A5,0x01A4,0x0122,0x0200,0xAEA2,0x6400,0x02E0,0xA6EA,0xAFA7,0x4540,0x4541,0x0C03,0x0AA1,0x1460,
0x0B40,0x14E0,0x1C01,0x2460,0x1BE0,0x1340,0x1360,0x1BA0,0x3DA0,0x7740,0x8660,0xFFF5,0xDFC6,0x24A0,0x0A80,0x8D00,
0xFFF4,0x550A,0x2500,0x2D01,0x1380,0x0400,0x03A0,0x02A0,0x13A0,0x2461,0x4CC5,0x01C0,0x0340,0x0AA0,0x1B45,0x1487,
0x0C60,0x0D40,0xC7AC,0x5D63,0x0160,0x0040,0x0080,0x1222,0xA68D,0x3540,0x34E0,0x3CC0,0x3C20,0x23A0,0x0BE0,0x0C80,
0x8ECD,0x33A5,0x0080,0x0040,0x0080,0x0120,0x95CD,0x6602,0x4620,0x2CA0,0x2BC0,0x2400,0x1400,0x0260,0x22E3,0x4465,
0x0400,0x1340,0x01A0,0x0A20,0x0A40,0x1B20,0x2460,0x6F40,0x4E00,0xE76F,0xAF0E,0x2D80,0x0480,0x02A0,0x1D20,0xE7E9,
0x5586,0x1500,0x2460,0x0280,0x0280,0x02A0,0x1500,0x4DC4,0xBF4D,0x0380,0x00E0,0x00A2,0x0165,0x856C,0x9F45,0x5D80,
0x4D40,0x4540,0x0B81,0x6541,0x3580,0x5E65,0x8F38,0x0551,0x044E,0x05D0,0x256C,0x77F3,0x4EEF,0x050F,0x0590,0x26F1,
0x672A,0xE7ED,0x3E68,0x55C6,0x8688,0xAF8A,0x26A2,0x9F6A,0x66C7,0x2605,0x0463,0x6E84,0x8EE3,0x9F46,0x6DE4,0x1442,
0x0AE0,0x4C81,0x9EE4,0x7E80,0xBF21,0x5561,0x0461,0x04C1,0x23E3,0x5E23,0x5E66,0x7FF1,0x0E30,0x1CB9,0x061D,0x0E3E,
0x16DF,0x365F,0x577F,0x77BF,0x477F,0x0D5F,0x03DF,0x0BBE,0xAF5F,0x1BDF,0x6DBF,0x0C1F,0x02FD,0x0134,0x05BA,0x0596,
0x0D12,0x0D91,0x042B,0x04ED,0x16EA,0xD7F5,0x8E73,0x0280,0x1342,0x0BE3,0x03A5,0x0387,0x03AB,0x0616,0x47E9,0xFFEE,
0x9723,0x0320,0x0140,0x0060,0x0000,0x0080,0x0140,0x2B63,0xCF48,0xA760,0x4420,0x3D00,0x2440,0x0B20,0x1380,0x1CE0,
0x9F42,0xDF93,0x0AE1,0x0100,0x0060,0x0000,0x0000,0x0000,0x0000,0x0020,0x0020,0x0000,0x0000,0x0080,0x00C0,0x5408,
0x7608,0x0CC0,0x1500,0x2460,0x2440,0x3D60,0x2D40,0x2D00,0xBF30,0x2BC1,0x0140,0x0040,0x0020,0x0020,0x0040,0x0000,
0x0020,0x0060,0x0040,0x1900,0x1100,0x0060,0x00C0,0x1280,0x8E2B,0x7668,0x7601,0x0BA0,0x0300,0x12E0,0x2C80,0x0160,
0x01E0,0x0260,0x0260,0x2560,0x0340,0x25A0,0x2E60,0x0320,0x3540,0x3DC0,0x0440,0x2D80,0x3501,0x3D23,0x6607,0x9F0B,
0xE7B2,0xFFF5,0xD7EF,0x5FA2,0x05C3,0x0385,0x0265,0x01A5,0x0165,0x01A6,0x0126,0x0147,0x01A9,0x0C88,0xE7EC,0x9F73,
0x03B1,0x02D9,0x963F,0xDEFF,0x5A6A,0x2925,0x0146,0x0163,0x0122,0x0AAB,0x0127,0x0863,0x0882,0x1881,0x18E3,0x6AC3,
0x3940,0x1081,0x3941,0x0922,0x2A43,0x6200,0x6407,0x84CB,0x43F0,0x024F,0x5615,0x4790,0x6791,0x144D,0x03AC,0x97CE,
0x4D48,0x0223,0x0203,0x01A3,0x0181,0x1AC0,0xE780,0x6460,0x0340,0x9EE9,0xAFA7,0x45A0,0x4DE1,0x0261,0x0241,0x1C80,
0x1B00,0x5520,0xB6EF,0x1C02,0x02A0,0x0220,0x01E0,0x01A0,0x23A0,0x4D40,0x2CE0,0xCF67,0xFFF5,0x5E60,0x1C20,0xDF2C,
0xA6F2,0x0300,0x3580,0x2501,0x0AC0,0x04C0,0x03A0,0x0260,0x03A0,0x9E8F,0x854C,0x0160,0x02E0,0x0AE0,0x0383,0x0403,
0x03A0,0x0D00,0xC7AA,0x5523,0x0160,0x0060,0x00A0,0x1262,0xA6AD,0x2D00,0x1380,0x1B40,0x1B20,0x0AA0,0x13E0,0x03A0,
0x866D,0x3365,0x0060,0x0040,0x0080,0x0120,0x95CD,0x55E2,0x3500,0x2400,0x23A0,0x1BA0,0x1AE0,0x01E0,0x4406,0xD6F6,
0x1B62,0x23A0,0x3460,0x0220,0x0120,0x2BE0,0x2C20,0x14C0,0x2CE0,0x8620,0xFFF4,0xC7A8,0x56A0,0x02E1,0x3540,0xF7EA,
0x4D26,0x0B40,0x0AA0,0x0140,0x0240,0x02A0,0x1CC0,0x5624,0xC76E,0x0BC0,0x0120,0x00C3,0x01C6,0x858E,0x9706,0x3D20,
0x34C0,0x2C21,0x02C2,0x6583,0x3600,0x66C8,0x8FBB,0x0676,0x0532,0x0615,0x2DD0,0x5FD8,0x6F57,0x06D6,0x46D6,0x5795,
0x87B0,0xCFEE,0x5F49,0x8F44,0x974A,0x8F89,0x0EA3,0x87AA,0x6F6A,0x1E05,0x0443,0x6EA5,0x7F43,0x6F24,0xAF24,0x6640,
0x6D20,0xA621,0x86A4,0x7640,0xDF63,0x2C41,0x03C1,0x0441,0x5502,0x6601,0x4643,0xB7F2,0x2F52,0x271C,0x0EBF,0x375F,
0x6FBF,0x375F,0xA7FF,0x7FDF,0x4FBF,0x067F,0x049F,0x0B9F,0xA6BF,0x0B9F,0x863F,0x25FF,0x047E,0x021A,0x067D,0x073C,
0x0E7A,0x0618,0x0535,0x0614,0x6FF6,0xE7BC,0x25AC,0x0A21,0x0B64,0x24A7,0x13C4,0x0325,0x0571,0x16D5,0xC7F3,0xF7EA,
0x2DA0,0x0280,0x0120,0x0020,0x0000,0x0040,0x0120,0x01C0,0xA64B,0xD7E3,0x4D20,0x24E0,0x0CA0,0x0260,0x02E0,0x4600,
0x5640,0xEFCD,0x650B,0x0140,0x00C0,0x0020,0x0000,0x0000,0x0000,0x0040,0x0000,0x0000,0x0000,0x0080,0x00C0,0x53E7,
0x6608,0x0480,0x1480,0x2CA0,0x3CC0,0x01E0,0x2CA0,0x3D40,0xAED1,0x1401,0x0180,0x0060,0x0020,0x0020,0x0080,0x0060,
0x0020,0x0060,0x0080,0x83A0,0x4A60,0x00A0,0x00C0,0x1240,0x12C2,0xB710,0x34E2,0x1C20,0x3CE0,0x0320,0x1D00,0x02A1,
0x0180,0x0100,0x09C0,0x4600,0x12A0,0x03A2,0x0484,0x0AA1,0x2D20,0x2D80,0x02A0,0x0AE0,0x1380,0x1C20,0x03C0,0x0500,
0x2620,0x9784,0xDF93,0xFFF7,0xA7C4,0x2DC1,0x0246,0x0187,0x0247,0x2C88,0x01C7,0x01C9,0x026A,0x3569,0xC7E6,0xA7B0,
0x0452,0x02D8,0x865F,0x94F6,0x3A6C,0x0AB1,0x028E,0x0B4A,0x0224,0x0372,0x030E,0x2B41,0x10A1,0x10A3,0x1104,0x6B07,
0x69E0,0x3122,0x1A46,0x0AE9,0x1288,0x6C06,0x1431,0x748E,0x6451,0x0314,0x66DB,0x2EB0,0x6791,0x254F,0x04CE,0x778B,
0x45C5,0x6542,0x3B61,0x01A2,0x09E1,0x6420,0xD721,0x6480,0x0380,0xA709,0x9F67,0x2D40,0x3DA0,0x0221,0x01C1,0x2CA0,
0x2BA0,0x4500,0x9DEE,0x8DEF,0x2CC0,0x4D80,0x24A0,0x1C40,0x2440,0x2560,0x0C20,0x66C0,0xFFED,0x9ECC,0x3CE2,0xD797,
0x2542,0x1BE0,0x1444,0x0C04,0x01C0,0x0CA0,0x24E0,0x65A0,0x7669,0x8D0F,0x5C88,0x0200,0x0340,0x0B80,0x02E0,0x0360,
0x0C00,0x0460,0xB76C,0x55C4,0x01C0,0x0080,0x00C0,0x1AE2,0xAECC,0x2CA0,0x33C0,0x3380,0x5C40,0x33E0,0x0D00,0x14E0,
0x85EC,0x2B64,0x0060,0x0040,0x00A0,0x0160,0x960D,0x5582,0x1BE0,0x1BE0,0x0B80,0x0400,0x1B60,0x0220,0x4445,0x6C4B,
0x7D0D,0x2C21,0x5E00,0x1B20,0x0100,0x12E0,0x3460,0x2480,0x3420,0x8660,0x8F03,0xFFF6,0xA7A3,0x0520,0x3DE0,0xFFEB,
0x4D07,0x01E0,0x2C00,0x03A0,0x0400,0x0BE0,0x2D40,0x4E04,0xD7CF,0x14A0,0x0182,0x0126,0x022A,0x85D1,0x9705,0x4CE0,
0x2B40,0x2B80,0x0AE1,0x5D85,0x15C4,0x36AC,0x9FFD,0x077B,0x0658,0x273C,0x3F19,0x4F9D,0x8FDD,0x37BB,0x879B,0x97FA,
0x9FD4,0xB7CD,0x8FAC,0xB7AA,0x9FCD,0x6F8B,0x06C5,0x7FCC,0x8FEE,0x0E05,0x0424,0x6EC5,0x7783,0x4F41,0xEFAA,0xC763,
0xFFD3,0xF7AC,0xB723,0xAEE1,0xC762,0x04C0,0x0460,0x0560,0x76C1,0xC763,0x8724,0xDFF3,0x8F98,0x679D,0x579F,0x8FFF,
0x5FDF,0xA7DF,0xC7DF,0x8FDF,0x8FFF,0x2FDF,0x16BF,0x05BF,0x667F,0x053F,0x7F3F,0x7FBF,0x1EFF,0x2DBF,0x2F5F,0x7FFF,
0x777F,0x271E,0x2F1E,0x2F9D,0xC7FE,0x76F9,0x052F,0x02C9,0x0389,0x1C8A,0x0A63,0x0265,0x06FA,0x6777,0xFFF9,0xBFA9,
0x04E4,0x0221,0x0101,0x0000,0x0020,0x0020,0x00C0,0x01A0,0x3C67,0xEFED,0x5600,0x4DE0,0x0C60,0x02A0,0x0280,0x3C20,
0x3D40,0xAF63,0xCF33,0x02A0,0x09C0,0x0080,0x0000,0x0000,0x0020,0x0060,0x0020,0x0000,0x0020,0x00C0,0x00E0,0x5427,
0x6E28,0x0480,0x0BE0,0x23C0,0x23E0,0x1C40,0x2D20,0x3D61,0xAEF1,0x1BC1,0x0160,0x0080,0x0040,0x0040,0x0100,0x0900,
0x08C0,0x0080,0x2980,0xC580,0x7BC0,0x0900,0x0080,0x0960,0x0180,0x4488,0x8E4E,0x6E80,0x76C0,0x0BC0,0x0D42,0x0383,
0x0221,0x01A0,0x01C0,0x09C0,0x0160,0x01A2,0x0244,0x0242,0x13A0,0x0B60,0x0140,0x0140,0x1B21,0x1B41,0x0201,0x03C1,
0x1D80,0x3640,0x9740,0xD7AB,0xFFF9,0xA725,0x04E6,0x02E9,0x02E7,0x3F28,0x0AC8,0x026A,0x032A,0x6649,0x9FC7,0xA7D1,
0x2556,0x0B9A,0x3D5E,0x145B,0x8F3F,0x0B16,0x0332,0x0573,0x0266,0x02AD,0x042B,0x0347,0x1140,0x0923,0x19C8,0x4207,
0x6201,0x28E3,0x0B8C,0x3C07,0x4B68,0x4AE6,0x1B8D,0x73EB,0xE56E,0x33F4,0x5F7F,0x0E72,0x5F71,0x3ED2,0x05CE,0x46A8,
0x4E62,0xBF43,0x6D01,0x12C2,0x2A80,0x9D82,0xB6C2,0x6C80,0x2440,0xBF89,0x9727,0x2D00,0x3540,0x0261,0x0261,0x24E0,
0x3D00,0x5E42,0x6CC9,0x5368,0x8E8B,0x5DC0,0x44C0,0x1380,0x13C0,0x25A0,0x0BC0,0x1D40,0x4DE1,0xDF73,0xBF15,0x4D67,
0x03E0,0x13A0,0x0CA6,0x0342,0x01C0,0x0560,0x15E0,0x96C6,0xA630,0x19C2,0x752A,0x0240,0x0440,0x0BC1,0x0300,0x0460,
0x0CC0,0x0D60,0xC7CD,0x55C4,0x01E0,0x0080,0x0120,0x2B82,0xC76E,0x45A0,0x4500,0x3CC0,0x5C60,0x2C40,0x0D60,0x14E0,
0x862C,0x2B65,0x00C0,0x0040,0x00C0,0x01C0,0x9E2E,0x6602,0x2CA0,0x2400,0x23C0,0x13E0,0x12E0,0x01A0,0x54E6,0x5BA7,
0x2A04,0xB6D1,0x5EA0,0x3500,0x0160,0x00E0,0x2B20,0x3500,0x23C0,0x8EA0,0x66A0,0xE7A8,0xF7F4,0x7720,0x25C0,0xF7EC,
0x5547,0x13A0,0x2C40,0x0360,0x03E0,0x0460,0x2DE0,0x7EE4,0xDFEF,0x1581,0x0206,0x020B,0x0351,0x8E97,0x7EC7,0x3546,
0x3D08,0x3549,0x0429,0x6E73,0x3E75,0x4F39,0xD7DF,0x6FDF,0x5F9F,0xBFDF,0x7FDF,0x97DF,0xBFFF,0x9FFE,0xBFDD,0xCFFD,
0xC7D9,0xCFD5,0xBFD4,0xE7D8,0xBFF4,0x5FCD,0x0F85,0x7FCC,0xB7F1,0x0683,0x0584,0x36C5,0x9FC8,0x6760,0xE7D2,0xFFF8,
0xAE68,0xDF8F,0x6540,0xA601,0xA6C0,0x03E0,0x0401,0x0440,0x6621,0xBEE3,0xAF63,0x7F4C,0x87F2,0xBFFA,0x67BE,0x8FDF,
0x6FFF,0xCFFF,0x97DF,0x8FDF,0x9FDF,0x37FF,0x1F5F,0x05BF,0x053F,0x047E,0x567F,0x8FDF,0x579F,0x9FBF,0x3EFE,0x9FFF,
0x4F9F,0x2F5E,0x47FF,0x9FFE,0xCFBE,0x0DF5,0x04F2,0x036D,0x0CAE,0x058F,0x0388,0x036A,0x16B1,0xCFD5,0xFFF8,0x46C9,
0x03E6,0x0A63,0x0121,0x00C0,0x00C0,0x00A0,0x0920,0x0140,0x0280,0xC72F,0x7DE2,0x4CA0,0x3300,0x1340,0x14C3,0x1484,
0x3440,0x3E20,0xDFAF,0x550A,0x01C0,0x08E0,0x0020,0x0060,0x0040,0x0080,0x0040,0x0040,0x0020,0x0100,0x0140,0x5C86,
0x6E07,0x1C80,0x3C00,0x3380,0x43E0,0x1AC0,0x0BA0,0x0AE1,0xB6D0,0x1C01,0x01E0,0x00E0,0x00C0,0x00C0,0x1160,0x1960,
0x1940,0x00A0,0x5280,0xA4A0,0x83A0,0x1940,0x08E0,0x00E0,0x09E0,0x1320,0x650A,0xC7AF,0x5E61,0x0380,0x34E2,0x0B62,
0x01C1,0x0300,0x03A0,0x0220,0x0380,0x0380,0x0320,0x01E0,0x1504,0x0C23,0x0121,0x0181,0x0A62,0x24A1,0x01E0,0x1342,
0x0240,0x02C0,0xA780,0x7F20,0xB747,0xFFF6,0x47A6,0x0468,0x0427,0x16A6,0x1428,0x02E9,0x03C8,0xA70A,0x7F8B,0x97D2,
0x3E58,0x0CDD,0x353F,0x149E,0x75DF,0x2419,0x055B,0x05B1,0x03EE,0x0209,0x0B09,0x02CA,0x1943,0x29E6,0x1125,0x7B8D,
0x41A5,0x2905,0x3B0A,0x7B01,0x6A61,0x38C0,0x1985,0x62E8,0x94B1,0x2C9B,0x67FF,0x05B4,0x56D5,0x67D5,0x064D,0x25A7,
0x5E61,0xEFEF,0x9624,0x23C0,0x7501,0xC6C2,0x9E80,0x8560,0x4560,0xCFA9,0xA747,0x44A0,0x6DA3,0x0A82,0x0A01,0x6D42,
0x2420,0x76E3,0x85AA,0x0060,0x84ED,0xBF45,0x8600,0x5580,0x0A20,0x0180,0x0240,0x1CA1,0x2460,0xA6A6,0x75AD,0x02E0,
0x0220,0x1AA1,0x35A3,0x24A2,0x0160,0x34A0,0x4DC1,0xAEF1,0x12E2,0x2203,0x7E0B,0x02A0,0x0A00,0x2B01,0x0AA3,0x0B83,
0x1460,0x3620,0xEFED,0x5DE3,0x0200,0x00C0,0x0200,0x34A2,0xDFD0,0x3D80,0x3401,0x3BC1,0x4320,0x43C0,0x1BA1,0x2460,
0x9F2E,0x3405,0x0100,0x0060,0x00C0,0x0240,0xA68F,0x6E82,0x3C40,0x4C00,0x3B60,0x3C00,0x1200,0x0180,0x5567,0x752B,
0x00E0,0x6D6B,0xAF2C,0x5D60,0x1B82,0x0C07,0x22C1,0x4461,0x4420,0x6620,0x5E20,0xCF81,0xFFEE,0xDFB0,0x03C0,0xCECC,
0x6E8C,0x0B83,0x4C64,0x00E0,0x0A60,0x3CC1,0x3542,0xBF6A,0xF7F4,0x3E88,0x030F,0x0375,0x0437,0x9719,0x7EC8,0x1D4A,
0x252C,0x1D8D,0x0D2E,0x6EF8,0x56F9,0x5F5B,0xE7FE,0xBFFF,0xBFFF,0xBFDF,0xCFDF,0x5FBF,0x97BF,0xC7FF,0xBFDD,0xCFD9,
0xCFF9,0x97D5,0xDFF8,0xDFF5,0xAFD6,0x2F4B,0x1665,0x8727,0x7FC9,0x05E4,0x0564,0x3EA6,0x6F85,0x6781,0xB766,0x8EE8,
0x1380,0x7600,0x1340,0x7CE0,0xDF42,0x1BA0,0x0321,0x0B80,0x9601,0x8541,0x4543,0x4628,0x77EE,0x5FD2,0x677D,0x479E,
0x87FF,0x6FFF,0x4F7E,0x677E,0x87FF,0x071F,0x04BF,0x027E,0x027D,0x017C,0x23FE,0x5EDF,0x465F,0x2CDE,0x053D,0x1FBE,
0x0557,0x05D6,0x17FA,0xC7FD,0x6613,0x0408,0x0326,0x0100,0x1BA0,0x1D41,0x0AE0,0x24C0,0x9760,0xF7CF,0x4E62,0x0500,
0x14A0,0x0380,0x0240,0x0280,0x0240,0x0220,0x01A0,0x0100,0x00A0,0x3BE6,0xF7E7,0xBF60,0x5D00,0x3CC0,0x2F65,0x0589,
0x2BC1,0x1480,0xA704,0xC712,0x0240,0x0100,0x0080,0x0181,0x0080,0x0080,0x0080,0x00A0,0x0040,0x0120,0x0160,0x54C6,
0x6DE7,0x1D00,0x34C0,0x33C0,0x65E0,0x2B41,0x03A1,0x0B40,0xB710,0x24C1,0x12E0,0x0920,0x00C0,0x08E0,0x2180,0x21C0,
0x29A0,0x1940,0x83E0,0x9440,0x8C20,0x3200,0x1120,0x0100,0x2AC0,0x64C0,0x0200,0x5CA8,0xC771,0x65C9,0x6582,0x0220,
0x0160,0x2C60,0x1CE0,0x2420,0x1C80,0x3580,0x2D40,0x0A60,0x4DC5,0x2D46,0x0A62,0x12E3,0x0B04,0x1567,0x0302,0x0BC5,
0x02A4,0x0A62,0x5E65,0x4E01,0x4EA0,0xEFCC,0xE7F2,0x1644,0x0506,0x0DA5,0x1D47,0x1CA9,0x2628,0xD76D,0x678C,0x97B5,
0x777C,0x1E9F,0x2D7F,0x0C1E,0x4C1D,0x45BE,0x0458,0x2533,0x22EB,0x4432,0x1A69,0x1A6A,0x194B,0x524D,0x18A2,0x9C4F,
0x4165,0x2945,0x7AC9,0x6A86,0x3B27,0x3B09,0x3BCF,0x0B71,0x1E3D,0x25BF,0x77DF,0x05BA,0x4EFB,0x87F7,0x174F,0x15E7,
0x7EC4,0xFFEF,0xBEC3,0x5D60,0xCF05,0xCF46,0x8E40,0xB6C1,0x86C0,0xDFAA,0xA747,0x45C0,0x6EA7,0x0426,0x0B03,0x7DE4,
0x4D40,0x9F82,0xAEAC,0x0140,0x1282,0xD792,0x7E81,0x8720,0x12E0,0x0180,0x0A63,0x0E4A,0x3542,0x44E0,0x0363,0x0241,
0x3443,0x53E5,0x2DA8,0x3E27,0x2301,0x7F00,0xE7EE,0x5547,0x0100,0x3285,0x86AD,0x04E0,0x2C46,0x85E6,0x1406,0x2DEB,
0x44C3,0x3E00,0xFFEE,0x7F44,0x0400,0x0220,0x0360,0x3DA2,0xD78F,0x5684,0x65E3,0x6DE1,0x7D41,0xB6E2,0x4545,0x2542,
0x9F70,0x3CC5,0x0100,0x0060,0x0120,0x0300,0xAF2E,0xAF22,0x4C40,0x8622,0x4562,0x6701,0x1B41,0x0280,0x5588,0x866C,
0x01C0,0x0460,0xAFAD,0x8E0A,0x2C60,0x8783,0x34A1,0x2C82,0x1BE3,0x1B00,0x2BA0,0xB6C2,0xA720,0xF7F2,0x4CA8,0x85A7,
0x6E8E,0x0405,0x4CE9,0x0100,0x2366,0x56A8,0x3524,0x6546,0xE7F1,0x16A1,0x02A7,0x020D,0x026F,0x7DF3,0x9EC4,0x5541,
0x34E2,0x4642,0x1CA3,0x45AB,0x0506,0x1EAF,0xB7FA,0x5FDA,0x67BE,0x4F3E,0xAFBF,0x061D,0x367D,0x8FFF,0x67D8,0x8FD6,
0x7FD5,0x27B0,0xB7D7,0x67EB,0x87B3,0x0D89,0x0467,0x66C6,0x87EA,0x0504,0x0444,0x5EC6,0x5724,0x6742,0x65E3,0x0400,
0x0241,0x23C1,0x0A60,0x7460,0xF7C3,0x3C00,0x02E0,0x23E0,0xAE40,0x5C41,0x0304,0x3587,0x8FEF,0x5FAF,0x879A,0x371C,
0x8FBF,0x57FF,0x36FB,0x6EBC,0x77FF,0x061F,0x039C,0x021B,0x0178,0x01BB,0x133E,0x769F,0x5DFF,0x0ADC,0x04DB,0x0EDB,
0x0491,0x0650,0xA7F4,0xD7BC,0x14CA,0x0428,0x040B,0x0141,0x12E1,0x2C00,0x1AC0,0x13C0,0x75C8,0xD7B5,0x9F0E,0xE7D1,
0xCFAD,0x8E6C,0x964D,0x966E,0x966D,0x964D,0x8DCC,0x856C,0x850B,0x852D,0xBF0F,0x44E0,0x2B60,0x2B40,0x2461,0x0284,
0x2261,0x23E1,0x45E0,0xF7F1,0x44A7,0x01A0,0x00E0,0x0202,0x00E0,0x0161,0x0307,0x00C0,0x0040,0x0100,0x0180,0x5506,
0x6627,0x3CE2,0x5C82,0x2BA0,0x3C01,0x1281,0x0BC5,0x2D29,0xBF71,0x2CE0,0x1360,0x0940,0x1160,0x1940,0x5AC0,0x6301,
0x5240,0x5260,0xC5C1,0x8C20,0xA4C0,0x73A0,0x21C0,0x1180,0x6420,0x6460,0x00A0,0x3BC0,0xAEE2,0x752B,0x9E50,0x7DCE,
0x5D49,0x65E5,0x3D83,0x3DA1,0x24A0,0x4580,0x35A0,0x13E0,0x75E0,0x5580,0x2D00,0x4E00,0x2CC2,0x1467,0x470E,0x1DAE,
0x2489,0x044B,0x57B4,0x3E6A,0x7748,0x97A8,0xFFF6,0x7789,0x2EE6,0x3687,0x8749,0x46CA,0xA7CF,0xEFD2,0xB7D4,0x9FDB,
0xA7DF,0x677F,0x46DF,0x3D9F,0x3CFE,0x761D,0x2B32,0x5454,0x536F,0x66FC,0x33F0,0x4208,0x30E4,0x79C7,0x51C6,0xA38A,
0x7AAA,0x10C4,0x5A29,0x7411,0x43E9,0x642B,0x8EDB,0x2DDA,0x775D,0x775F,0x87FF,0x4F3F,0x5F7D,0x9FFA,0x9FF8,0x4729,
0x9F67,0xFFEC,0xF7AE,0xEFCA,0xF7A9,0xC727,0x8E43,0xEFA6,0xE7C6,0xFFD3,0xBF92,0x364E,0x4650,0x15B0,0x0C2A,0x2386,
0x4D28,0xC76B,0xB790,0x0360,0x02C0,0x5E88,0xDFB1,0xAF80,0x3440,0x01E1,0x0285,0x0225,0x3BE4,0x7581,0x34CA,0x3B86,
0x7568,0x01A0,0x1BE4,0x3545,0x2540,0x972B,0xDF8F,0x0C20,0x00E0,0x2B04,0xA74F,0x1DE3,0x24AA,0x4406,0x33A4,0x4466,
0x2C03,0x3DC3,0xF7F3,0x87A5,0x04C0,0x02A0,0x03C0,0x3DE3,0xE7D2,0x4E63,0x34C2,0x4401,0x2B80,0x4BE1,0x2423,0x1484,
0x9F30,0x3D64,0x0160,0x00A0,0x02C0,0x0C80,0xBF71,0x76A3,0x2C80,0x5D22,0x44C3,0x3CA2,0x1324,0x0406,0x6E8C,0xBFAE,
0x0340,0x0300,0x1DA0,0xAF31,0x8E65,0xAF60,0x4CE0,0x2C62,0x0BA3,0x01A0,0x01C0,0x4440,0x13C0,0x8F22,0xBEEF,0x856D,
0x4DC7,0x0280,0x3306,0x00C0,0x1225,0x1C89,0x0BE2,0x4523,0xD7EF,0x0DA0,0x01A2,0x0126,0x01C9,0x7D6F,0x7EA7,0x2421,
0x1BA3,0x1BA3,0x0AC1,0x5D2A,0x0C03,0x2E6B,0xC7F5,0x47D2,0x375B,0x1559,0x6F5F,0x041A,0x0CDA,0x4FFD,0x5FB7,0x87B5,
0x4FB5,0x0690,0x8F74,0x47CC,0x6F91,0x0449,0x0349,0x56E7,0x97EA,0x0544,0x0423,0x8F27,0x5EC3,0x5681,0x44C4,0x0285,
0x0182,0x01E2,0x09E1,0x5361,0xBE22,0x5440,0x02A0,0x4C20,0x9D60,0x4342,0x0225,0x1406,0x6FAC,0x6FAF,0x97F7,0x0E39,
0x15DC,0x57FC,0x1E55,0x45D9,0x4FFF,0x053C,0x031A,0x01D8,0x00D1,0x0178,0x0259,0x86BF,0x65FE,0x01D3,0x0474,0x05B3,
0x056D,0x47AA,0xFFF9,0x5EB1,0x0421,0x048A,0x03CA,0x00C0,0x0A60,0x23A0,0x1A20,0x0080,0x1A42,0x4CE6,0x5507,0x8666,
0xA746,0x96E7,0x8EC7,0x8667,0x9687,0x9E86,0x8667,0x7687,0x6E47,0x5E07,0x3C85,0x0BA0,0x0200,0x2280,0x2AA0,0x00C0,
0x0400,0x1CA0,0x1D60,0xC7A6,0xB6F1,0x02C0,0x01E2,0x01C5,0x0186,0x0265,0x0369,0x0123,0x0142,0x01C0,0x0B00,0x7E67,
0x7E89,0x03E0,0x6D41,0x5560,0x3341,0x01A1,0x0220,0x13E3,0xCF92,0x7E43,0x5520,0x2302,0x1321,0x3B00,0xBDE3,0xD606,
0xAC80,0xBD02,0xCDC4,0x9C20,0xC580,0xAD41,0x8421,0xAD60,0x9560,0x7D00,0x1A20,0xAE00,0xAE60,0x02A0,0x44C1,0x5E06,
0x75CB,0x85CD,0x8DEE,0x8DEF,0x8DCE,0x860D,0x7E4C,0x7E4C,0x8F4A,0x6EA7,0x5647,0x4E84,0x1420,0x1400,0x7F20,0x5522,
0x86A4,0x1C86,0x0BA6,0x0C05,0x2547,0x2E44,0xCFCA,0xEFD3,0x6746,0x1708,0x6767,0x7FA7,0xFFCE,0xA7F0,0x6795,0x3EF9,
0x77DE,0x67DF,0x479F,0x4D3C,0x1A91,0x5D5B,0x1C16,0x1925,0x4452,0x3B8D,0x4268,0x38C2,0x2820,0x5144,0x428A,0x7AC9,
0x6A69,0x30E3,0x6289,0x4BD3,0x31A5,0x7471,0xFF9B,0xDE33,0x5EBC,0xB7FF,0x1DFC,0x263E,0x279C,0x8F95,0xAFB1,0x5725,
0xB788,0xBF22,0xD78A,0xFFAB,0xEF67,0x8DA1,0x4420,0xCEC1,0x96E0,0xD78C,0x9F89,0x3DC1,0x65A1,0x02A2,0x0221,0x4400,
0x1BC0,0x8642,0xE7EE,0x14C0,0x02A0,0x1DA0,0xA690,0x868A,0x4540,0x3CA3,0x0282,0x0060,0x1A60,0x3CC1,0x1344,0x5585,
0x1B01,0x01A0,0x4CC0,0x5600,0x76C3,0xFFF4,0x8F01,0x03E0,0x0100,0x2B44,0x9F6D,0x14C0,0x01C0,0x2360,0x4C00,0x3B60,
0x0200,0x0520,0xC7CD,0x6684,0x0280,0x0140,0x0260,0x2523,0xD7AF,0x4600,0x3420,0x3C00,0x3BE0,0x0A00,0x0AA0,0x02E0,
0x96AD,0x5605,0x0280,0x01E0,0x03A0,0x3D40,0xDF8F,0x8E83,0x4480,0x5C80,0x2300,0x0160,0x0221,0x1420,0x86C9,0xDFD0,
0x0BC0,0x01A0,0x0380,0x5663,0xDF8F,0x3561,0x2460,0x0260,0x0220,0x0B02,0x01E0,0x2BE0,0x0BA0,0x2480,0x34C1,0xBEB3,
0x4406,0x22C0,0x4360,0x00A0,0x0160,0x02C0,0x1C00,0x5DE4,0xD7EF,0x0D00,0x0140,0x00E4,0x0185,0x7D6E,0x86A6,0x3CC0,
0x0364,0x0222,0x01E2,0x652C,0x0C22,0x3647,0xCFF1,0x3FEA,0x0657,0x03F2,0x3E3C,0x0376,0x03F6,0x2F17,0x5FB5,0x6F93,
0x1EB2,0x052E,0x6711,0x4FEC,0x570E,0x03A9,0x0309,0x5E88,0xA7E9,0x0DA4,0x0463,0x9726,0x6E22,0x2D82,0x1385,0x01E6,
0x09A3,0x01C3,0x09C3,0x2201,0x6BE0,0x7CC0,0x12E0,0x74C0,0x7C62,0x2242,0x0A46,0x0326,0x672B,0x87CF,0x6FF1,0x1614,
0x0413,0x57F8,0x15B0,0x34F5,0x8FFF,0x047A,0x0298,0x0196,0x0151,0x0196,0x0172,0x767D,0x4DBA,0x018B,0x040E,0x050C,
0x1E64,0xDFED,0xCF98,0x1562,0x0BC0,0x04EA,0x0308,0x0080,0x0160,0x13A0,0x09E0,0x0140,0x0AA0,0x1500,0x03C0,0x2D40,
0x25C0,0x3500,0x5560,0x1320,0x2C00,0x23C0,0x23E0,0x3D00,0x2C80,0x4600,0x0200,0x1480,0x14A0,0x0940,0x0160,0x0160,
0x03C0,0x1500,0x1DA0,0x3E20,0xE7F0,0x3466,0x0243,0x0146,0x0167,0x0283,0x0AA1,0x01A5,0x0285,0x0323,0x3D80,0xA769,
0xA70D,0x2520,0x6521,0x3440,0x3380,0x0160,0x0B20,0x1500,0xE7B3,0xCFC6,0x7F03,0x55C9,0x1447,0x5562,0xA5A1,0xBDA1,
0xB520,0xE604,0x8C22,0x4220,0x52C0,0xCE03,0xC561,0xC620,0x74E0,0x4480,0x4CA0,0x8E40,0x8640,0x23A0,0x4DA0,0x24C0,
0x24C0,0x2460,0x0220,0x01E0,0x09E1,0x1A82,0x3365,0x4408,0x4D8A,0x65EA,0x75AC,0x6D6D,0x6D8D,0x8E4B,0xAF63,0x4DA0,
0x6601,0x34A1,0x0283,0x1342,0x1481,0x0460,0x5F02,0xFFF8,0x876B,0x06E6,0x3E86,0x5743,0xA785,0x670A,0x062F,0x05B6,
0x775E,0x477F,0x157D,0x1378,0x0B77,0x8599,0x559B,0x5AEC,0x3BF1,0x3B6F,0x1A2A,0x3B0E,0x20A2,0x10E3,0x1882,0x61C4,
0x3923,0x7A85,0x51E5,0x432F,0x32D0,0xAE1B,0xFF98,0xFE92,0xA6B7,0x4F7F,0x0C5A,0x049A,0x05D8,0x6E8E,0x9F89,0x46C0,
0xC7A8,0x6E00,0x9E81,0xF783,0xBE64,0x2340,0x2300,0xB620,0x5540,0xB749,0x9FA7,0x3DA0,0x65C0,0x01E0,0x0160,0x3440,
0x1C60,0x6621,0xFFF0,0x35A0,0x02A0,0x0B40,0x0A60,0x9E50,0x9F23,0x6600,0x1AC0,0x00A0,0x0280,0x0CE0,0x0280,0x0360,
0x0220,0x0120,0x5DA0,0x7F00,0xDF4F,0xC745,0x1520,0x0200,0x0120,0x2B84,0xBF8D,0x4540,0x0200,0x0AE0,0x5D41,0x4440,
0x0220,0x0480,0xB74C,0x6664,0x0220,0x00E0,0x01A0,0x1C42,0xC76E,0x4DE0,0x3CA0,0x2BC0,0x2380,0x1240,0x01C0,0x0280,
0x9ECD,0x55C5,0x0200,0x0180,0x0320,0x1420,0xAEEF,0x96C3,0x3C80,0x2B40,0x1B20,0x0160,0x0220,0x03A0,0x4D65,0xF7F0,
0x1C40,0x0180,0x0180,0x1400,0x5DE5,0x964F,0x13C0,0x2C80,0x0320,0x01E0,0x12A0,0x3CA0,0x13E0,0x23C0,0x0220,0x2382,
0x12E2,0x3B00,0x5C00,0x0060,0x01A0,0x0320,0x2D40,0x55E3,0xCFEE,0x0CC0,0x0140,0x00C2,0x0142,0x7D4B,0x9685,0x5D40,
0x0320,0x0A20,0x0221,0x1BE5,0x0482,0x4685,0xDFF0,0x3724,0x04CE,0x036F,0x0C14,0x026F,0x02EF,0x1DB0,0x5FD4,0x6F94,
0x0CEE,0x038C,0x56B0,0x6FEE,0x468D,0x034A,0x032A,0x0D47,0x8FC8,0x2DC4,0x0503,0xA723,0x7582,0x1325,0x0246,0x01E6,
0x0124,0x0144,0x0183,0x11A3,0x5B61,0x9541,0x2B40,0x9562,0x7442,0x1A24,0x09C7,0x0265,0x7F0E,0xA7D2,0x2F49,0x260F,
0x044D,0x5FF4,0x0CCC,0x2451,0xA7BD,0x03F8,0x0275,0x0152,0x0150,0x014F,0x012B,0x0597,0x0513,0x01A8,0x0388,0x0564,
0x6740,0xFFF6,0x6F08,0x03A0,0x0C01,0x0325,0x01E4,0x0040,0x01A0,0x0B20,0x0100,0x0160,0x0200,0x0300,0x0260,0x13C0,
0x13E0,0x2B60,0x3B60,0x1200,0x1AA0,0x12C0,0x0A80,0x0280,0x12A0,0x2C20,0x01A0,0x01A0,0x02E0,0x0160,0x00E0,0x0140,
0x02A0,0x0260,0x1420,0x0CC0,0xB788,0xA671,0x0200,0x00E0,0x0182,0x0220,0x0200,0x0121,0x00E1,0x01C0,0x0400,0x76C8,
0x6E4A,0x0360,0x01A0,0x0200,0x0120,0x0120,0x02C0,0x0CA0,0xE7B0,0x9741,0x0500,0x1361,0x0303,0x6D61,0x4B00,0x6380,
0xA4A0,0xDE01,0x52C0,0x1140,0x1960,0xB564,0xD603,0x5340,0x1A60,0x2320,0x7561,0x0B80,0x13C0,0x02C0,0x03C0,0x0140,
0x0A80,0x01E0,0x0120,0x01A0,0x0160,0x0140,0x0140,0x0140,0x0322,0x02A0,0x0240,0x01C0,0x01E0,0x4566,0xD7D2,0x4E41,
0x2CC2,0x0202,0x0486,0x0281,0x0340,0x04C0,0x26A0,0xF7D6,0xCFD4,0x06A7,0x3547,0x6703,0x87A5,0x5629,0x046E,0x03F4,
0x56BD,0x36DF,0x355C,0x0B36,0x0377,0xADB7,0xEF1A,0x6B2B,0x43F0,0x4D9A,0x0A8E,0x426B,0x0862,0x0041,0x20A2,0x9266,
0xB488,0x6A62,0x18C2,0x31C7,0x3A8C,0xBDD7,0xFF9A,0xF60F,0xFF15,0x6E9D,0x03FA,0x02D3,0x0390,0x562C,0xAF87,0x6EE0,
0xD764,0x34A0,0x7542,0xFFEB,0x74A1,0x0220,0x2AC0,0xB621,0x4D20,0xAF29,0x8F46,0x24C0,0x3C80,0x01E0,0x0100,0x1300,
0x0C00,0x45A1,0xFFF0,0x4DE1,0x0220,0x0100,0x0140,0x3324,0xCF8F,0x7640,0x3460,0x01E0,0x12C0,0x13E0,0x02A0,0x03A0,
0x02C0,0x0AA0,0x6600,0xD74D,0x970B,0x1500,0x02A0,0x00A0,0x0100,0x2BA5,0xBFAD,0x2480,0x0220,0x0B20,0x1260,0x0980,
0x0200,0x03E0,0xB72C,0x5E24,0x01E0,0x0080,0x0140,0x1B82,0xA6ED,0x2CE0,0x2320,0x2AE0,0x02C0,0x0140,0x0A40,0x1CE0,
0x96EC,0x3504,0x0100,0x00A0,0x0260,0x0360,0xA6D0,0x6E63,0x1BC0,0x2320,0x1AC0,0x0100,0x01C0,0x0320,0x5586,0xFFF1,
0x2400,0x0120,0x0080,0x0160,0x0400,0x75AA,0x7D6C,0x34A0,0x33E0,0x0280,0x0180,0x2BA0,0x1240,0x0160,0x0100,0x0200,
0x0220,0x1A40,0x2300,0x1240,0x01E0,0x02C0,0x1C80,0x4DA3,0xC7CD,0x0440,0x00E0,0x00A1,0x00C0,0x7D29,0x6DE4,0x1B60,
0x0AA0,0x01E0,0x0200,0x1442,0x04C1,0x4644,0xDFF0,0x2E60,0x03EA,0x032D,0x0AEE,0x024D,0x024C,0x0C6C,0x6FB4,0x5F73,
0x036B,0x02CB,0x466F,0x8FF0,0x360D,0x036B,0x034B,0x03C7,0x8F08,0x4623,0x1DC2,0xBF04,0x7D63,0x1246,0x01E7,0x01E6,
0x00C4,0x0104,0x0144,0x1183,0x42C1,0x9D42,0x43A0,0xA582,0x63A2,0x11E4,0x01A6,0x01A6,0x2528,0x372B,0x2DE8,0x362C,
0x0489,0x5790,0x040A,0x240F,0x975B,0x03B6,0x0252,0x012E,0x00EC,0x010C,0x00A7,0x0550,0x052C,0x0145,0x0485,0x0680,
0xD7E8,0xD7D2,0x45E0,0x13C0,0x1400,0x00C0,0x0100,0x0040,0x0260,0x0320,0x01C0,0x01C0,0x0280,0x1BA0,0x0180,0x01C0,
0x01C0,0x1A80,0x3B40,0x1A40,0x0180,0x0220,0x0260,0x0180,0x0140,0x0160,0x0140,0x0240,0x04E0,0x0280,0x0080,0x0120,
0x04A0,0x01E0,0x3400,0x1C80,0x45C0,0xEFF3,0x2485,0x01E0,0x0A03,0x0280,0x0180,0x00C0,0x0020,0x0120,0x0340,0x7E88,
0x7689,0x0400,0x0240,0x0B40,0x0220,0x0200,0x02A0,0x03A0,0xE7AF,0x9701,0x0400,0x0280,0x0201,0x2A80,0x1960,0x4AC0,
0xACE0,0xCDC0,0x2A20,0x00E1,0x00A0,0x73A3,0xB546,0x19E0,0x0140,0x3240,0x6BE1,0x01A0,0x0240,0x0120,0x0160,0x00C0,
0x00A0,0x0080,0x0080,0x0080,0x0080,0x00A0,0x00A0,0x0100,0x0285,0x00E2,0x0080,0x00C0,0x01A0,0x0460,0xA78B,0x872B,
0x0481,0x0B25,0x0464,0x0364,0x0383,0x04A4,0x1E25,0xE7D5,0xD7D5,0x0E08,0x0BA8,0x8EC3,0xA7C4,0x2529,0x02CD,0x02D1,
0x3DDC,0x3F3F,0x1CBA,0x1314,0x02F2,0x7C52,0xF719,0xBCEB,0x744E,0x13B4,0x02F2,0x4945,0x1861,0x2061,0x2861,0x6921,
0x5160,0x40E1,0x5101,0x18E3,0x38C1,0xA4B1,0xF75A,0xDDF2,0xFF57,0x5579,0x0316,0x020F,0x02CE,0x2D2A,0xB765,0xAF00,
0xB6E3,0x0B83,0x2B22,0x8D24,0x2321,0x01C1,0x2280,0x6421,0x4D20,0x9F09,0x8F46,0x24A0,0x3CA0,0x01C0,0x0180,0x0300,
0x0420,0x4DA1,0xFFEF,0x55A0,0x01E0,0x0060,0x00E0,0x0180,0x6CCA,0xE7EA,0x4E40,0x0340,0x1360,0x2CC0,0x0AE0,0x13C0,
0x0B60,0x2460,0xCFA7,0xEFD1,0x14C0,0x02A0,0x00E0,0x0020,0x0100,0x3405,0xBFCD,0x1CE0,0x02A0,0x0C00,0x0200,0x0140,
0x0220,0x0360,0xAF2C,0x65E4,0x01A0,0x0060,0x00E0,0x12A2,0xA6AC,0x2C60,0x33C0,0x3BC0,0x0BC0,0x0240,0x0200,0x0360,
0x868C,0x3464,0x00C0,0x0080,0x0180,0x1B80,0xBF2E,0x9723,0x34A0,0x2BC0,0x0B20,0x0100,0x0220,0x0380,0x4D66,0xFFF0,
0x2440,0x0120,0x0020,0x0060,0x0A00,0x2480,0x9E0F,0x65E8,0x3540,0x1C40,0x00E0,0x0A00,0x23A0,0x09E0,0x00A0,0x0240,
0x0200,0x0220,0x02C0,0x2380,0x01C0,0x02E0,0x2CE0,0x55C3,0xBFAD,0x03A0,0x0100,0x0080,0x00C0,0x74E8,0x7E44,0x4440,
0x1C20,0x0B80,0x02A0,0x14A0,0x0D00,0x4E64,0xDFEF,0x2E20,0x03A9,0x02CB,0x01C9,0x01EA,0x020B,0x038A,0x97B6,0x6F13,
0x02EB,0x028C,0x35CE,0xC7F6,0x154B,0x028B,0x022A,0x02C7,0x8E47,0x5644,0x4601,0xA604,0x4384,0x1226,0x01A7,0x0186,
0x0085,0x00C5,0x00E5,0x11A4,0x3242,0xA562,0x6460,0xADA3,0x4AE2,0x11A5,0x0166,0x0127,0x0307,0x0547,0x2CC8,0x466B,
0x04E8,0x570E,0x0309,0x0B6C,0x3DF5,0x0393,0x020F,0x00EA,0x00EB,0x010B,0x0086,0x154B,0x0D08,0x01E1,0x0581,0x6F20,
0xFFF2,0x6E44,0x34A0,0x1B20,0x0A20,0x01C0,0x0180,0x0040,0x01E0,0x0B80,0x0B60,0x0B40,0x1B00,0x3D60,0x1240,0x0AC0,
0x2440,0x3C80,0x3400,0x33C0,0x02E0,0x13E0,0x1B60,0x1AA0,0x2280,0x1AA0,0x01E0,0x0280,0x0480,0x02A0,0x0180,0x00C0,
0x0360,0x0120,0x1260,0x1C40,0x0460,0xC7AA,0xA6D1,0x02C0,0x01A0,0x0260,0x0100,0x0040,0x0020,0x00E0,0x0B00,0x8648,
0x8E69,0x2D20,0x0300,0x0240,0x01E0,0x0160,0x0280,0x03E0,0xE7B0,0x8701,0x0380,0x01C0,0x01E2,0x0120,0x10E0,0x21A0,
0xCE03,0xAD42,0x0920,0x00A1,0x00A1,0x1980,0x2220,0x1220,0x09C0,0x3AA0,0x11A0,0x0160,0x01A0,0x00C0,0x00C0,0x0100,
0x00A0,0x0080,0x0060,0x0060,0x0040,0x0040,0x0020,0x00A0,0x01E3,0x00A1,0x0020,0x00A0,0x0200,0x0400,0x7707,0x9F92,
0x04A3,0x2382,0x0382,0x0241,0x02C0,0x0321,0x0D21,0xE7F2,0xD7B5,0x05AA,0x02A9,0x9E45,0xB7C5,0x03E9,0x0330,0x0312,
0x1CB8,0x677F,0x2BB4,0x22D0,0x1ACF,0x4AAB,0x8348,0x6AE4,0x5B27,0x4BF1,0x01AC,0x3146,0x1861,0x5881,0x50A1,0x8142,
0x4101,0x0000,0x1082,0x1966,0x3123,0x7A66,0xFFFE,0xFF9A,0xFF78,0x33D4,0x0231,0x020D,0x032F,0x1469,0xC747,0xE741,
0x8E65,0x0324,0x0A44,0x1261,0x01C2,0x0162,0x2280,0x2260,0x5500,0x96A9,0x9745,0x1C20,0x23C0,0x01C0,0x01A0,0x0240,
0x03C0,0x3561,0xFFEF,0x5DE1,0x01E0,0x0040,0x0040,0x09E0,0x0320,0xAECE,0x7EA4,0x4DE0,0x1BA0,0x0A40,0x12E0,0x2C00,
0x4580,0x65E1,0xFFF1,0x75E2,0x0260,0x0120,0x0060,0x0040,0x0100,0x3425,0xC7EC,0x3600,0x0260,0x0340,0x0160,0x0120,
0x0280,0x0420,0xAF4C,0x55A4,0x0180,0x0060,0x00C0,0x1242,0xA6AB,0x2C40,0x1AE0,0x1A80,0x0280,0x01E0,0x0260,0x0300,
0x862B,0x2BA3,0x00A0,0x0080,0x01A0,0x1B80,0xAEAE,0x6E23,0x2360,0x1A80,0x0A60,0x0180,0x0220,0x0320,0x4D46,0xFFF1,
0x1C40,0x0100,0x0040,0x0060,0x0080,0x1320,0x2420,0x9E0F,0x4543,0x3CA0,0x08E0,0x0200,0x0220,0x1AE1,0x00C0,0x02C0,
0x0480,0x0160,0x01A0,0x0AA0,0x0120,0x01C0,0x2C80,0x5564,0xAF6E,0x0340,0x0100,0x0080,0x00E0,0x7D29,0x6DA4,0x2380,
0x1380,0x0AA0,0x0260,0x13A0,0x0CE0,0x5643,0xDFEE,0x2620,0x02A7,0x01E9,0x026B,0x01CA,0x01CA,0x02E8,0x7F75,0x5611,
0x0209,0x01EA,0x1CAB,0x9FD5,0x042A,0x020B,0x020A,0x0266,0x7D87,0x6E64,0x6E81,0x9585,0x2AA5,0x11E7,0x0167,0x0146,
0x00A5,0x00C5,0x00A5,0x0965,0x2202,0xA541,0x8D80,0xADA2,0x3263,0x0985,0x0146,0x0147,0x0208,0x02A8,0x2448,0x56EA,
0x05A7,0x4EAC,0x0228,0x02CA,0x04AE,0x0330,0x01CC,0x00E8,0x00C7,0x0108,0x0106,0x0C68,0x0C05,0x02E0,0x2660,0xE7CA,
0xD78F,0x03C0,0x3E00,0x2460,0x01C0,0x02C0,0x02A0,0x00C0,0x1380,0x1500,0x0C60,0x1480,0x1B60,0x4D80,0x1C40,0x5DE0,
0x6E20,0x5540,0x55C0,0x2480,0x3580,0x2CE0,0x2CA0,0x2C80,0x2CA0,0x3D80,0x03E0,0x0460,0x1E00,0x0380,0x04A0,0x0240,
0x0300,0x0140,0x01E0,0x1560,0x03E0,0x4620,0xF7D4,0x24A3,0x0280,0x0180,0x0100,0x0020,0x0040,0x0100,0x0B60,0x75E7,
0x6DE9,0x0C80,0x0300,0x0260,0x01E0,0x0100,0x0280,0x0C60,0xE7B0,0x7F01,0x0300,0x0140,0x01E2,0x0100,0x0921,0x0120,
0x8C85,0x73E3,0x00C0,0x0081,0x0081,0x0160,0x09E0,0x0260,0x2B40,0x4440,0x1320,0x02A0,0x0280,0x01C0,0x0240,0x0200,
0x01A0,0x0180,0x0100,0x0100,0x00E0,0x00E0,0x00C0,0x00A0,0x01C3,0x0182,0x00E0,0x0100,0x0240,0x1600,0xCFEE,0x9F74,
0x054B,0x0BA4,0x0363,0x0201,0x0340,0x0420,0x1E00,0xFFF3,0xB774,0x048C,0x01E9,0x6568,0x6EA9,0x028A,0x022C,0x022E,
0x03B7,0x777F,0x2BD4,0x2A6D,0x3310,0x5A26,0x7A80,0x7AE0,0x3AC8,0x2B50,0x1881,0x28A2,0x1020,0x4000,0x4041,0x6A06,
0x1881,0x1000,0x01A9,0x02ED,0x19A8,0x5942,0xAC8E,0xFFFC,0xCE55,0x12D2,0x018E,0x01AC,0x0390,0x044A,0xB709,0xFFC8,
0x5545,0x0285,0x0225,0x01A5,0x0123,0x00E1,0x09A0,0x09E0,0x3C80,0x96C9,0x9F45,0x1C40,0x2CA0,0x01C0,0x01E0,0x0200,
0x0440,0x1DC1,0xFFF0,0x5E00,0x0200,0x0060,0x0020,0x00A0,0x0260,0x1C03,0xD790,0xA7C1,0x4DA0,0x02C0,0x1BE0,0x3D40,
0x5E80,0xDFEE,0xB707,0x0280,0x0120,0x0080,0x0040,0x0060,0x0140,0x3C65,0xBFCB,0x0D20,0x02A0,0x0340,0x0160,0x00C0,
0x02C0,0x0CC0,0xAF4C,0x4543,0x0160,0x0060,0x00C0,0x1242,0xA6CB,0x3D20,0x3BA0,0x3B20,0x02A0,0x0200,0x0240,0x03A0,
0x864B,0x2B64,0x00A0,0x0080,0x09E0,0x0320,0x964D,0x7642,0x2380,0x3C00,0x0B20,0x0160,0x0200,0x0380,0x4D86,0xF7F1,
0x1C20,0x0120,0x0020,0x0060,0x0060,0x0100,0x13C0,0x2C03,0xA650,0x3D61,0x4400,0x02A0,0x0180,0x0A60,0x1300,0x0240,
0x0260,0x0100,0x0180,0x0B60,0x0160,0x0180,0x4460,0x5523,0x9F2B,0x0300,0x0100,0x00A0,0x0100,0x7D4A,0x7624,0x44A0,
0x1440,0x0AA0,0x0280,0x0BE0,0x0500,0x4E64,0xD7EE,0x26A0,0x02C7,0x01C8,0x024A,0x01A9,0x0188,0x02A9,0x070C,0x04EA,
0x0149,0x01AA,0x0329,0x064A,0x02CA,0x01EA,0x0209,0x0228,0x6D06,0x8EA4,0x96E3,0x9526,0x2286,0x11C7,0x0127,0x0106,
0x00A5,0x0085,0x00A5,0x0125,0x19C3,0x8CA1,0xBE40,0x9D42,0x2203,0x0966,0x00E6,0x0126,0x0187,0x01A8,0x0BA7,0x4EC9,
0x1665,0x468A,0x01E7,0x0269,0x048D,0x02CF,0x01CA,0x00E7,0x00C6,0x00E6,0x0125,0x0244,0x0282,0x0400,0x8700,0xFFF3,
0x5DE3,0x13A0,0x2480,0x0380,0x0200,0x0240,0x0220,0x0140,0x13A0,0x4E84,0x6606,0x6E46,0x75A6,0x8666,0x7626,0xA727,
0x8687,0x9708,0xAF88,0x7E67,0x6DE6,0x6DE6,0x6E26,0x6E07,0x7627,0x9726,0x6E46,0x6646,0x6E66,0x4523,0x0CE0,0x0240,
0x03C0,0x0180,0x0160,0x02C0,0x02A0,0x0D20,0xC7AC,0x9EF0,0x0360,0x01E0,0x00C0,0x0040,0x0040,0x0120,0x1380,0x75E8,
0x6DE9,0x03E0,0x0240,0x0160,0x0180,0x0160,0x02A0,0x0400,0xE7AF,0x7EE1,0x0300,0x0100,0x00E0,0x00A0,0x00C1,0x00E1,
0x1180,0x19E0,0x00E2,0x0081,0x00C0,0x0160,0x02E0,0x4540,0xAE60,0xAE80,0x8E40,0x7600,0x7600,0x3CC0,0x2CA0,0x0B80,
0x0BC0,0x0320,0x02A0,0x0240,0x0220,0x0240,0x0260,0x0240,0x0362,0x02E0,0x0280,0x0280,0x0240,0x4546,0xF7F9,0x4E0A,
0x03A6,0x0A62,0x02C3,0x01C1,0x0320,0x1521,0x3E60,0xFFF5,0x7EF1,0x03EB,0x0189,0x0326,0x0447,0x01AA,0x022B,0x01ED,
0x0272,0x2EBE,0x1C55,0x2A8F,0x3ACD,0x5160,0x8B20,0x59E0,0x21E5,0x2AC7,0x1947,0x20C4,0x0000,0x2800,0x4081,0x7283,
0x4880,0x3080,0x6AE8,0x3289,0x228B,0x4AA7,0x31A5,0x534F,0x22CF,0x1AB0,0x018D,0x01AC,0x030E,0x0289,0x75EA,0xF7EF,
0x1423,0x01E7,0x0185,0x00E4,0x00C3,0x00C2,0x0140,0x01A0,0x1400,0x9ECA,0x8F05,0x1C40,0x23A0,0x01C0,0x0160,0x01C0,
0x0380,0x2561,0xFFEF,0x5DE0,0x01E0,0x0040,0x0020,0x0060,0x0120,0x01E0,0x54E8,0xD7CC,0x5680,0x0CA0,0x2540,0x5680,
0xC746,0xAF2B,0x2380,0x0140,0x00A0,0x0020,0x0000,0x0080,0x0180,0x3C85,0xC7EB,0x1CC0,0x0200,0x02A0,0x0160,0x0100,
0x0240,0x0BE0,0xAF2C,0x4563,0x0160,0x0080,0x00C0,0x1282,0x9ECB,0x34E0,0x22E0,0x32E0,0x01E0,0x0120,0x01A0,0x02A0,
0x8E4C,0x3384,0x00A0,0x00A0,0x09C0,0x0B00,0x966C,0x4D82,0x1B80,0x2B40,0x0220,0x0100,0x01A0,0x02E0,0x4D05,0xF7F0,
0x1C00,0x0100,0x0020,0x0000,0x0060,0x0060,0x0140,0x1380,0x5CA7,0xA68F,0x1400,0x3C80,0x0240,0x0280,0x0220,0x0240,
0x01A0,0x00C0,0x00C0,0x0A40,0x0140,0x0180,0x3420,0x5DA3,0x96EB,0x02A0,0x00E0,0x00A0,0x0120,0x856A,0x6584,0x1B00,
0x1B00,0x01E0,0x01E0,0x0B40,0x04C0,0x56A4,0xD7EE,0x2680,0x0225,0x0187,0x0209,0x0169,0x0189,0x02AB,0x0ECC,0x040A,
0x0108,0x0169,0x0249,0x054C,0x022B,0x018A,0x01A9,0x09E8,0x5C47,0xA6C4,0xA6E2,0x84C5,0x2227,0x1188,0x0107,0x00E7,
0x0086,0x0086,0x0086,0x0106,0x0964,0x7C22,0xF723,0x8C82,0x11A4,0x0146,0x0106,0x0107,0x0167,0x0107,0x0306,0x4EC9,
0x2F46,0x45EB,0x0187,0x01C7,0x03AC,0x02AE,0x01C9,0x0147,0x00C5,0x00A4,0x0243,0x0262,0x02E1,0x25C0,0xEFEA,0xC74D,
0x2540,0x2C20,0x0440,0x0300,0x0220,0x01C0,0x0140,0x0160,0x2C22,0xA64C,0x4AC7,0x64C7,0x6E07,0x5DC7,0x65A7,0x5D87,
0x6588,0x5D08,0x5CC8,0x6527,0x6527,0x6527,0x6526,0x6527,0x6527,0x5D27,0x64C7,0x5BC7,0x5326,0x958B,0x5E22,0x0B00,
0x0360,0x00E0,0x0120,0x0280,0x0BA0,0x04E0,0x5701,0xF7F5,0x1D02,0x0300,0x1220,0x0080,0x0080,0x0140,0x0BA0,0x7607,
0x7609,0x13E0,0x0220,0x0120,0x01C0,0x01C0,0x0320,0x0CA0,0xEFB0,0x7EC1,0x02E0,0x00E0,0x0100,0x0080,0x00E2,0x09C3,
0x1242,0x09E1,0x0121,0x0141,0x2280,0x0B00,0x3540,0xEFEB,0xFFF5,0xFFF1,0xFFF0,0xFFF0,0xFFF0,0xDFD2,0xD7B2,0xBF51,
0xB710,0xAF10,0xAF11,0xAEF1,0xAED1,0xAED1,0xA6D2,0xAF12,0xAF32,0xA710,0xA6F0,0x9EAF,0xA692,0xB6F4,0x4E69,0x0423,
0x0264,0x0226,0x02C9,0x02A0,0x03A0,0x1DA0,0x6EE3,0xFFF8,0x360D,0x02AA,0x0148,0x0227,0x0328,0x0149,0x0129,0x018B,
0x018E,0x1D9B,0x2454,0x2A6F,0x4A26,0xA3E1,0x3A83,0x0000,0x29A4,0x3AA4,0x2265,0x31A5,0x2902,0x3943,0x5A22,0x9443,
0x5181,0x7242,0x8AE4,0x5288,0x52C8,0x39A4,0x52A6,0x122D,0x024F,0x0A6F,0x014C,0x016B,0x12EC,0x020A,0x1408,0x3D27,
0x0286,0x0147,0x0145,0x00E5,0x00A3,0x00C3,0x0961,0x1200,0x2C60,0x9ECA,0x9725,0x1420,0x0A80,0x0200,0x0140,0x0260,
0x0340,0x2561,0xFFEE,0x55C0,0x0200,0x0040,0x0000,0x0060,0x0080,0x1200,0x0320,0x9E6D,0xCF86,0x2DA0,0x3600,0xBF82,
0xCF6E,0x03C0,0x01A0,0x00E0,0x0040,0x0000,0x0020,0x0080,0x0180,0x3CC5,0xCFEA,0x2D20,0x0220,0x0240,0x0160,0x0100,
0x0220,0x0400,0xAF2B,0x5583,0x0160,0x0080,0x00E0,0x1AE2,0xAEEC,0x2480,0x23A0,0x2360,0x02A0,0x0180,0x0120,0x0280,
0x8E2C,0x3384,0x00C0,0x00A0,0x09E0,0x0B40,0x966D,0x55C2,0x0B00,0x0180,0x0A80,0x0100,0x0220,0x02E0,0x4CE5,0xEFEF,
0x13E0,0x0100,0x0020,0x0000,0x0040,0x0080,0x0060,0x09A0,0x13C0,0x7D8B,0x75CB,0x3560,0x3C60,0x01C0,0x00E0,0x0120,
0x02A0,0x01C0,0x0140,0x0180,0x0160,0x0200,0x2420,0x55C3,0x8E8A,0x0260,0x00E0,0x00C0,0x0140,0x856A,0x8E84,0x2340,
0x1AC0,0x0A20,0x0220,0x0B60,0x04E0,0x4E44,0xD7EF,0x2640,0x01E4,0x0166,0x01C8,0x0169,0x0149,0x024B,0x0DED,0x034A,
0x0129,0x0129,0x01C9,0x044D,0x01EB,0x0149,0x0189,0x11C9,0x53A7,0xB6C4,0xBF24,0x7445,0x1A07,0x0968,0x0107,0x0107,
0x0086,0x0086,0x0086,0x00E6,0x0125,0x5323,0xFF4F,0x6BA3,0x0145,0x0106,0x00E6,0x00C7,0x0107,0x0127,0x02C6,0x4EC8,
0x4FA9,0x3D0A,0x0126,0x0167,0x03ED,0x026C,0x01A8,0x0125,0x00E5,0x0083,0x0B41,0x0B41,0x0400,0x7F60,0xFFF2,0x5642,
0x1D20,0x12E0,0x0360,0x0320,0x0240,0x0100,0x01A0,0x0280,0x864A,0x75C7,0x00A0,0x0180,0x0220,0x0240,0x0220,0x01E0,
0x01A0,0x0180,0x0160,0x0160,0x0180,0x0180,0x01A0,0x01A0,0x0180,0x01A0,0x0180,0x00A0,0x0080,0x3B65,0x9F29,0x4620,
0x0440,0x00C0,0x0100,0x0220,0x03A0,0x03A0,0x0D60,0xCF8C,0x9F2E,0x0480,0x1320,0x0980,0x00E0,0x0180,0x0BC0,0x7627,
0x7E28,0x2460,0x0320,0x01A0,0x0200,0x01E0,0x0320,0x0D00,0xEFD0,0x76A1,0x02C0,0x00E0,0x0120,0x0061,0x00C2,0x00E2,
0x09A2,0x00A1,0x0061,0x00A1,0x0141,0x02A0,0x2DA0,0xCFAD,0xAF29,0x6682,0x3DC3,0x4563,0x3523,0x4564,0x3D44,0x5D64,
0x5523,0x3443,0x3CA4,0x4504,0x4D64,0x5E24,0x4DC4,0x4524,0x5E84,0x4DC4,0x3CA4,0x3C84,0x2363,0x2D60,0x2702,0x0C66,
0x0226,0x02C8,0x02A5,0x0460,0x0581,0x2660,0xAF8A,0xEFF7,0x0D0B,0x01A9,0x0108,0x0187,0x0207,0x0129,0x0129,0x014B,
0x014C,0x0333,0x0BD4,0x19AA,0x1944,0x22CA,0x0187,0x4140,0x4AC8,0x014B,0x10C0,0x4241,0x3143,0x2085,0x72E3,0x83E3,
0x5A86,0x51E3,0x1905,0x11EB,0x126E,0x126A,0x62C5,0x09EE,0x1A0D,0x21E9,0x5A06,0x31E9,0x09EC,0x016A,0x0229,0x02C8,
0x0188,0x0107,0x0105,0x00E5,0x00E4,0x00C3,0x00E2,0x01A0,0x3CE0,0x96E9,0x9F46,0x1CA0,0x0B60,0x02A0,0x01E0,0x0280,
0x03A0,0x25A1,0xFFEE,0x4DC0,0x0200,0x0060,0x0000,0x0020,0x0060,0x00E0,0x0A40,0x0C22,0xDFB3,0xB762,0x9700,0xF7CE,
0x2484,0x0220,0x0140,0x0060,0x0000,0x0000,0x0000,0x0080,0x0180,0x4505,0xD7E9,0x2DC0,0x0320,0x02C0,0x01A0,0x0120,
0x0280,0x0440,0xAF2A,0x5D43,0x0140,0x0080,0x00E0,0x1B22,0xB72C,0x3500,0x2C40,0x2BC0,0x02E0,0x01E0,0x0180,0x0360,
0x8E4C,0x2B44,0x00A0,0x00A0,0x0A20,0x0B80,0x9E6D,0x55E2,0x0B60,0x02A0,0x0340,0x00C0,0x0220,0x03A0,0x5585,0xEFEF,
0x0BA0,0x0100,0x0020,0x0000,0x0000,0x00A0,0x0080,0x0060,0x0A40,0x1480,0x9E2F,0x4DE7,0x4600,0x2B80,0x0100,0x01C0,
0x02A0,0x01C0,0x01A0,0x0200,0x0180,0x02A0,0x34E0,0x55C3,0x864A,0x0200,0x00C0,0x00E0,0x0180,0x858A,0x9EE4,0x2380,
0x1320,0x0AE0,0x02A0,0x0B60,0x04E0,0x5E84,0xD7EF,0x2620,0x01E4,0x0146,0x0167,0x0169,0x0149,0x022C,0x1D6E,0x0ACB,
0x00E8,0x0129,0x01CA,0x03ED,0x01AA,0x0108,0x0169,0x11CA,0x4B48,0xBEE6,0xCF27,0x63C5,0x19C8,0x0128,0x00E7,0x00E7,
0x0086,0x0086,0x0086,0x00C6,0x00C6,0x2244,0x7463,0x2224,0x0126,0x00C6,0x00A6,0x00A6,0x00C6,0x0188,0x0247,0x3E68,
0x6FEA,0x2CAA,0x0127,0x0107,0x01A8,0x024B,0x0146,0x00E4,0x00C4,0x00E2,0x0B20,0x1440,0x1580,0xEFEA,0xC7AD,0x0520,
0x0C40,0x0180,0x0AA0,0x0280,0x0100,0x0180,0x1300,0x13C0,0xCF6E,0x4601,0x01E0,0x0060,0x00A0,0x00A0,0x00C0,0x00C0,
0x00C0,0x00A0,0x00A0,0x00C0,0x00C0,0x00C0,0x00C0,0x00C0,0x00A0,0x00A0,0x0080,0x0040,0x0120,0x0AC0,0x964C,0x4DE1,
0x23C0,0x00E0,0x0180,0x0260,0x0180,0x0B00,0x0DA0,0x5EC2,0xFFF4,0x66C1,0x0460,0x2300,0x0140,0x01A0,0x0BA0,0x7667,
0x7E69,0x1C60,0x02A0,0x01E0,0x0200,0x01C0,0x02A0,0x0C80,0xEFCF,0x7681,0x02A0,0x00A1,0x0081,0x0061,0x0082,0x00A3,
0x0062,0x0082,0x0062,0x0082,0x0121,0x1300,0x0360,0x866B,0x5625,0x3500,0x0B20,0x0260,0x02A0,0x02C0,0x0260,0x02A0,
0x1C00,0x13C0,0x0320,0x0240,0x0240,0x14C0,0x0C40,0x0300,0x14C0,0x02C0,0x02E0,0x0C20,0x02C0,0x1D40,0x0541,0x0283,
0x01A4,0x01C3,0x12C2,0x1420,0x04E0,0x46E0,0xFFF3,0x9751,0x032A,0x0149,0x0128,0x00E7,0x00E7,0x0149,0x012A,0x012A,
0x014B,0x018C,0x0270,0x01CC,0x0126,0x01AB,0x32A7,0x31C5,0x118B,0x2189,0x0842,0x1061,0x2061,0x1045,0x6A82,0xCD8C,
0x5A4A,0x28C2,0x3946,0x01CD,0x42A9,0x5AE5,0x5244,0x31A8,0x0862,0x0841,0xB302,0xA282,0x096A,0x0129,0x018A,0x0A09,
0x0107,0x00C6,0x00A6,0x00C5,0x00C4,0x00A3,0x00A2,0x01C0,0x2CC0,0x9EE9,0x9706,0x1440,0x0B20,0x0260,0x01E0,0x0200,
0x02E0,0x2561,0xFFEE,0x45A0,0x01C0,0x0060,0x0000,0x0000,0x0060,0x0080,0x0160,0x02A0,0x4D87,0xFFF0,0xFFEC,0x662A,
0x0240,0x0140,0x00A0,0x0080,0x0000,0x0000,0x0020,0x00A0,0x01A0,0x4D64,0xD7E9,0x2560,0x02E0,0x02A0,0x01A0,0x0180,
0x0260,0x03A0,0xAF2B,0x5D63,0x0140,0x0080,0x0100,0x2362,0xB74C,0x24A0,0x0AE0,0x1260,0x01A0,0x0180,0x0240,0x0340,
0x8E6C,0x2B24,0x0080,0x00A0,0x0A00,0x0BA0,0x9E8E,0x55E2,0x02E0,0x0200,0x0220,0x0180,0x0240,0x0300,0x5525,0xEFED,
0x0B80,0x0100,0x0020,0x0000,0x0000,0x0020,0x08C0,0x0060,0x00A0,0x0B80,0x24E1,0xAEB1,0x3DC2,0x34A0,0x1AC0,0x0220,
0x02C0,0x01C0,0x0240,0x01A0,0x01E0,0x0200,0x2440,0x5E04,0x862B,0x01A0,0x00C0,0x00E0,0x01E0,0x85C9,0x96C4,0x2C20,
0x1320,0x0220,0x0220,0x02E0,0x0420,0x5683,0xD7ED,0x2600,0x0204,0x0126,0x0188,0x0949,0x0149,0x026E,0x048E,0x022A,
0x0109,0x0129,0x018A,0x036D,0x016A,0x0129,0x016A,0x198A,0x42C8,0xCEC6,0xDEE8,0x5345,0x1988,0x0108,0x00E7,0x00C7,
0x0087,0x0087,0x0086,0x00E7,0x00E7,0x0986,0x1A65,0x0146,0x0106,0x00C6,0x0086,0x00C7,0x00C7,0x0107,0x01E7,0x4609,
0xAFF0,0x0BC7,0x00E6,0x00E7,0x0128,0x026B,0x0126,0x00C4,0x0144,0x01C1,0x1320,0x1E20,0x8741,0xFFF2,0x4F02,0x04C0,
0x13E0,0x0120,0x0BE0,0x0B60,0x00C0,0x01C0,0x4540,0x9708,0xB789,0x0420,0x0100,0x0040,0x0020,0x0060,0x0040,0x0060,
0x0040,0x0040,0x0060,0x0040,0x0060,0x0040,0x0060,0x0040,0x0020,0x0040,0x0020,0x0020,0x00A0,0x01E0,0x64C6,0x7667,
0x34E0,0x0120,0x0220,0x0480,0x0220,0x0B00,0x1580,0x2E80,0xF7ED,0xE7EC,0x1EC0,0x0B00,0x01E0,0x01E0,0x03E0,0x76C7,
0x86A8,0x1D20,0x02E0,0x01E0,0x0200,0x01C0,0x0300,0x1500,0xEFF0,0x6E61,0x0260,0x00A1,0x0061,0x0061,0x0062,0x0063,
0x0083,0x00A3,0x0062,0x00C1,0x0160,0x0A40,0x0220,0x862A,0x5645,0x0380,0x0240,0x01E0,0x01C0,0x0160,0x0120,0x01E0,
0x0340,0x0A80,0x0AC0,0x0200,0x0140,0x0260,0x0220,0x0180,0x02C0,0x01E0,0x01C0,0x02A0,0x02A0,0x2500,0x0C20,0x0220,
0x0202,0x1342,0x2503,0x14E1,0x3620,0xBF88,0xFFF8,0x368F,0x020A,0x0108,0x0127,0x00E7,0x00C7,0x00E8,0x012A,0x012B,
0x016D,0x0084,0x0821,0x20C3,0x1924,0x09AA,0x5345,0x42A3,0x1147,0x10A4,0x0042,0x0822,0x1021,0x2927,0x4204,0xA50A,
0x2923,0x3944,0x5166,0x3A29,0x1146,0x5AC5,0x49E1,0x18E4,0x0063,0x0022,0xB44B,0xEC03,0x39E9,0x010A,0x0129,0x0148,
0x0127,0x00C6,0x00A6,0x0106,0x00C4,0x0063,0x0102,0x01A1,0x24A0,0xA72A,0xA767,0x1D20,0x0BA0,0x0280,0x0200,0x0220,
0x03C0,0x25E1,0xF7ED,0x45A0,0x01C0,0x0060,0x0000,0x0000,0x0080,0x0080,0x00A0,0x01A0,0x2C80,0xEFEF,0xCFD3,0x0420,
0x0180,0x00A0,0x0040,0x0020,0x0000,0x0000,0x0040,0x0120,0x01E0,0x55A4,0xE7E9,0x3E40,0x0300,0x0280,0x01C0,0x01E0,
0x0320,0x0460,0xAF6B,0x5D43,0x0140,0x00A0,0x0160,0x2BE2,0xBF4B,0x2CA0,0x1BA0,0x13C0,0x0260,0x0260,0x0380,0x0420,
0x8EAC,0x2B04,0x0080,0x00A0,0x0A20,0x0BE0,0x9EAE,0x5E62,0x0C40,0x02E0,0x0260,0x01E0,0x0260,0x03A0,0x55A5,0xDFED,
0x0360,0x0100,0x0020,0x0000,0x0000,0x0000,0x0060,0x08E0,0x0060,0x0140,0x14A0,0x3583,0x9ECE,0x14E0,0x34E0,0x0AE0,
0x0480,0x0380,0x02A0,0x0160,0x0200,0x0AA0,0x3480,0x5DC3,0x860A,0x01A0,0x00E0,0x0100,0x0280,0x862A,0x96A4,0x4500,
0x0B80,0x0240,0x0220,0x0B00,0x0480,0x5EA3,0xDFED,0x2620,0x0204,0x0126,0x0188,0x1128,0x0149,0x020D,0x032F,0x01AA,
0x0109,0x0129,0x018B,0x034F,0x016B,0x012A,0x016B,0x198B,0x3248,0xCE6D,0xDEAE,0x3A85,0x1989,0x0129,0x00E8,0x00E8,
0x00A7,0x00A8,0x00A8,0x08E7,0x00C7,0x0106,0x09A6,0x00E6,0x00C6,0x00A6,0x0087,0x00A7,0x00C7,0x0108,0x0106,0x2C47,
0x87AF,0x0307,0x00A7,0x0127,0x0A2A,0x02CC,0x0187,0x0165,0x0224,0x0221,0x0C00,0x6740,0xEFCC,0xD7CD,0x0DE0,0x03A0,
0x02C0,0x01A0,0x2BE0,0x1B60,0x0160,0x0280,0x2D20,0xE7ED,0x5E41,0x0240,0x00A0,0x0000,0x00A0,0x00C0,0x0060,0x0080,
0x0080,0x0060,0x00A0,0x0080,0x0080,0x0060,0x0080,0x0040,0x0020,0x0060,0x0080,0x0000,0x0040,0x0120,0x1AC1,0x9E6B,
0x3D80,0x2320,0x02C0,0x0D00,0x0300,0x0220,0x1420,0x0CA0,0xAF63,0xFFD3,0x87A0,0x0520,0x02A0,0x02A0,0x0480,0x8727,
0x86C8,0x1500,0x02E0,0x0240,0x0280,0x0240,0x0360,0x1560,0xEFEF,0x6E61,0x0261,0x00A1,0x0061,0x0042,0x0042,0x0043,
0x0063,0x00A3,0x00C3,0x00A2,0x00E0,0x0220,0x0240,0x864A,0x5E85,0x0400,0x02C0,0x0240,0x0200,0x0160,0x0180,0x01C0,
0x0260,0x0220,0x0340,0x02C0,0x01E0,0x0160,0x0120,0x01A0,0x0340,0x02A0,0x01A0,0x01A0,0x0200,0x1400,0x0380,0x0200,
0x0200,0x1400,0x66C1,0x4E20,0xDFE3,0xD7D5,0x5792,0x15CF,0x01CA,0x00E7,0x00C6,0x0127,0x00C7,0x00C8,0x010A,0x014D,
0x00E8,0x0000,0x0020,0x0841,0x1840,0x31E8,0x4B25,0x2A02,0x3306,0x1188,0x0065,0x2244,0x3287,0x430F,0x2A8C,0x4BA6,
0x5B82,0x3123,0x2905,0x5A03,0x1A4A,0x2AA9,0x20A0,0x0000,0x0041,0x0000,0xAC6E,0xFDCC,0x5A69,0x00EA,0x0109,0x00E8,
0x00E7,0x00A6,0x0086,0x0166,0x00E4,0x0063,0x0142,0x0181,0x2D00,0xB78A,0xAF87,0x1D20,0x0B60,0x0260,0x0240,0x0260,
0x03C0,0x2621,0xF7EE,0x4560,0x0180,0x0060,0x0001,0x0061,0x0081,0x0020,0x0060,0x0100,0x0240,0x6620,0x3DA1,0x0260,
0x0100,0x0040,0x0040,0x0020,0x0000,0x0000,0x0020,0x0160,0x0280,0x5E05,0xF7E9,0x3E00,0x0280,0x0240,0x0200,0x01E0,
0x0360,0x04E0,0xAF6B,0x5544,0x0160,0x00A0,0x01A0,0x3C62,0xC76A,0x2D20,0x0B80,0x0AE0,0x02E0,0x02C0,0x0B40,0x03C0,
0x8E8B,0x2B04,0x0080,0x00C0,0x0A40,0x1CA0,0xAF0F,0x5EC2,0x0420,0x0240,0x02A0,0x0200,0x0260,0x03A0,0x6605,0xCFCC,
0x0340,0x00E0,0x0040,0x0040,0x0000,0x0000,0x0000,0x08C0,0x08E0,0x0060,0x0A00,0x0D80,0x66A9,0x96EC,0x04E0,0x2D40,
0x0380,0x0320,0x02E0,0x0180,0x01E0,0x0220,0x4500,0x6643,0x8DEB,0x0180,0x00C0,0x0140,0x0300,0x8E4A,0x8E84,0x3CC0,
0x0BA0,0x02A0,0x0280,0x0AC0,0x04A0,0x66E4,0xD7EE,0x1E00,0x0204,0x0146,0x0249,0x1108,0x0929,0x022C,0x02CF,0x118B,
0x092A,0x090A,0x116C,0x1311,0x094C,0x010A,0x114B,0x218C,0x29C9,0x94EA,0x9D2A,0x2A07,0x1169,0x0109,0x0108,0x0908,
0x00A8,0x00C8,0x00C8,0x00C8,0x00A8,0x00E7,0x0967,0x00E8,0x00C8,0x00A7,0x0086,0x00A7,0x00E7,0x0107,0x00A6,0x01E5,
0x0508,0x02A9,0x00C7,0x00C7,0x0128,0x034E,0x01C8,0x01E5,0x0163,0x0241,0x2560,0xCFA2,0xFFD4,0x5F41,0x04E0,0x02C0,
0x0340,0x0AA0,0x5560,0x3C60,0x0240,0x0360,0x7EA6,0xB7A8,0x03E0,0x0100,0x0060,0x0020,0x0920,0x0000,0x0000,0x0000,
0x0040,0x0060,0x0060,0x0080,0x0060,0x0020,0x0000,0x0000,0x0000,0x0000,0x0040,0x0060,0x0000,0x00A0,0x0160,0x7D49,
0x6EA5,0x2440,0x0C40,0x0D40,0x0360,0x0200,0x0B80,0x0380,0x3E40,0xFFF0,0xFFEC,0x3F60,0x03A0,0x02E0,0x04C0,0xB7A8,
0x8EE8,0x1500,0x0320,0x0280,0x02E0,0x0380,0x0400,0x15C0,0xEFF0,0x6600,0x01E1,0x00A2,0x0061,0x0062,0x0083,0x0083,
0x00A4,0x00A4,0x0082,0x0082,0x00A1,0x0A40,0x02E0,0x8EAC,0x66C5,0x0440,0x02C0,0x0280,0x0280,0x02C0,0x02E0,0x02A0,
0x0B80,0x02A0,0x0B00,0x02E0,0x0260,0x1320,0x0B40,0x0AC0,0x2400,0x1C20,0x2420,0x2461,0x0280,0x03E0,0x0440,0x0380,
0x0400,0x0540,0x9760,0xFFE4,0xC711,0x1DCD,0x04AC,0x0C0D,0x01C9,0x00A6,0x00A6,0x00E7,0x00C8,0x00C8,0x010B,0x014D,
0x0063,0x0020,0x0021,0x10A3,0x0820,0x4A84,0x53A3,0x1923,0x2B07,0x2B2A,0x0AA6,0x44C1,0x2A07,0x322B,0x1988,0x32E9,
0x29C0,0x0001,0x2143,0x2A06,0x0066,0x0967,0x1040,0x0000,0x0000,0x0000,0x9BA8,0xFDC7,0x5269,0x00EA,0x0109,0x00C8,
0x00C7,0x00A6,0x00C6,0x0105,0x00A5,0x00C4,0x0163,0x01A2,0x2D40,0xC7CA,0xB7A7,0x1540,0x0340,0x0340,0x0380,0x0360,
0x0460,0x2E81,0xF7EE,0x3520,0x0180,0x0061,0x0042,0x00E3,0x0041,0x0021,0x0020,0x0080,0x01A0,0x0340,0x0260,0x0120,
0x0060,0x0020,0x0041,0x0041,0x0020,0x0020,0x0060,0x0180,0x02A0,0x6E65,0xFFE9,0x3DC0,0x02E0,0x0280,0x0280,0x02E0,
0x03A0,0x0500,0xB78C,0x3C83,0x0120,0x00A0,0x01E0,0x4CC2,0xD7AC,0x3600,0x0C60,0x0300,0x02C0,0x0280,0x02E0,0x03E0,
0x8EAC,0x2B24,0x00A0,0x00E0,0x0AA0,0x2D60,0xAF2E,0x5EC2,0x0460,0x02E0,0x02E0,0x02C0,0x0340,0x0440,0x5E25,0xBFAA,
0x0300,0x00E0,0x0020,0x0020,0x0021,0x0021,0x0020,0x0000,0x1140,0x0080,0x0080,0x0B20,0x16A0,0xAFCF,0x66E7,0x0DE0,
0x1400,0x02E0,0x02E0,0x0240,0x0260,0x0300,0x2D20,0x5EA4,0x8E0C,0x0180,0x00E0,0x0140,0x13C0,0x9EEB,0x8E84,0x34C0,
0x0BA0,0x0B80,0x0380,0x0BC0,0x0520,0x7704,0xD7ED,0x1DC0,0x01C4,0x0146,0x0188,0x10E8,0x0929,0x028E,0x028F,0x194B,
0x194B,0x192B,0x21AD,0x22B0,0x216C,0x216C,0x216C,0x298C,0x29CB,0x4B08,0x5347,0x29E9,0x1149,0x0929,0x1109,0x08E8,
0x00C9,0x00C9,0x00C9,0x00A8,0x00C9,0x0109,0x2209,0x0929,0x012A,0x012B,0x00E9,0x00A7,0x0086,0x00A7,0x00C7,0x0126,
0x040A,0x022A,0x00A7,0x00E8,0x0149,0x036D,0x0208,0x0124,0x00E3,0x0281,0x5680,0xFFEF,0xD7AB,0x0700,0x05A0,0x0520,
0x0540,0x04A0,0x56A0,0x4660,0x0440,0x1D60,0xD7EC,0x3581,0x01C0,0x0080,0x0000,0x1140,0x08A0,0x0000,0x0040,0x0080,
0x0040,0x0020,0x0020,0x0020,0x0021,0x0021,0x0040,0x0040,0x0040,0x0040,0x0000,0x00A0,0x0060,0x0040,0x0100,0x2323,
0xAF6C,0x04C0,0x0CC0,0x2E60,0x1D00,0x0C60,0x0D80,0x0580,0x0620,0xB7A4,0xFFD4,0x7F80,0x04A0,0x0280,0x0D20,0xD7E9,
0xCF87,0x0E40,0x0540,0x04E0,0x04E0,0x04C0,0x04E0,0x1620,0xE7EF,0x4DA1,0x01C1,0x00C2,0x0062,0x0084,0x00A4,0x0083,
0x00A4,0x00C4,0x0083,0x00C3,0x00C1,0x0A60,0x1D20,0xBF8C,0x9725,0x0500,0x0440,0x0400,0x0400,0x0440,0x0460,0x04A0,
0x0E00,0x0D20,0x03A0,0x0440,0x03A0,0x14E0,0x0D20,0x0CA0,0x25E0,0x1540,0x1580,0x15C0,0x0400,0x1560,0x1660,0x0E00,
0x3E80,0x7F62,0xE7EB,0xAEB0,0x0BE8,0x034A,0x01C9,0x09A8,0x1AC9,0x00A7,0x00A6,0x00C7,0x0109,0x00E9,0x010A,0x014B,
0x0062,0x0062,0x0042,0x3145,0x0000,0x6B20,0x6BA0,0x08C1,0x01AC,0x2AE7,0x12A1,0x3405,0x21AA,0x1906,0x1106,0x1987,
0x3A01,0x39C1,0x21C2,0x0108,0x0022,0x0840,0x2120,0x2123,0x0821,0x0000,0x5180,0xFD66,0x21EB,0x010A,0x0109,0x00C8,
0x00C7,0x00C7,0x00C6,0x00A5,0x0086,0x0985,0x0124,0x01A1,0x2D40,0xEFEA,0xCF86,0x0E00,0x0560,0x0540,0x0540,0x0540,
0x0600,0x3720,0xEFED,0x24E0,0x0181,0x0061,0x00E5,0x0125,0x0022,0x0042,0x0021,0x0040,0x0180,0x09A0,0x09A0,0x0040,
0x0040,0x0041,0x0082,0x0061,0x0041,0x0041,0x0101,0x0160,0x02A0,0x7665,0xFFEA,0x2E20,0x0520,0x0500,0x0480,0x0480,
0x04A0,0x0DA0,0xAF8A,0x2BC3,0x0120,0x00E0,0x02A0,0x6563,0xE7CD,0x36A0,0x0DC0,0x04E0,0x04A0,0x0480,0x0460,0x0520,
0x972B,0x2B25,0x00C0,0x0100,0x02A0,0x4DC0,0xCF8B,0x6701,0x05A0,0x0520,0x0540,0x0540,0x0520,0x0520,0x5EA5,0xAF29,
0x0280,0x00C0,0x0020,0x0041,0x0042,0x0021,0x0021,0x0021,0x0040,0x19C0,0x0080,0x0140,0x0C20,0x5761,0xF7F1,0x6742,
0x05A0,0x0480,0x0440,0x03E0,0x0480,0x0500,0x1620,0x6783,0x8DEB,0x0140,0x00C0,0x0120,0x3420,0xDFAC,0xA724,0x2560,
0x0500,0x04C0,0x04E0,0x0580,0x0660,0x8F84,0xD7ED,0x1500,0x0184,0x0166,0x0948,0x1908,0x196B,0x0331,0x0A4E,0x212B,
0x194A,0x216B,0x298C,0x2A2E,0x296D,0x296D,0x318D,0x214B,0x216A,0x3A69,0x3AA9,0x2189,0x218B,0x112A,0x1109,0x1109,
0x00C9,0x00EA,0x090B,0x08E9,0x010A,0x012B,0x09AA,0x0109,0x194A,0x014C,0x014C,0x010A,0x00C8,0x00C7,0x00E8,0x01A9,
0x048B,0x02AB,0x0129,0x016A,0x014A,0x03AC,0x0AC7,0x0184,0x01A4,0x0BA0,0x9764,0xFFF9,0xD7C4,0x9FC3,0xAFC3,0x9FA3,
0xBFC3,0xA7C2,0xBFA2,0x8F82,0x5761,0xB7EA,0xA6EB,0x0260,0x0120,0x0040,0x08A0,0x19A0,0x0061,0x00A1,0x00A1,0x0061,
0x0041,0x0041,0x0041,0x0041,0x0041,0x0041,0x0081,0x0061,0x0041,0x0041,0x0041,0x0041,0x00A0,0x0040,0x00A0,0x0140,
0x8DCB,0x7F66,0x6701,0x8FE2,0x7F62,0x8782,0x8782,0x8F81,0x8782,0xA762,0xFFD4,0xAFC9,0x0560,0x0241,0x0C40,0xDFCC,
0xF7EB,0x87A1,0x6FC2,0x67A1,0x6782,0x5F42,0x5F21,0x7F82,0xEFF1,0x24A2,0x0182,0x00C3,0x00C3,0x00A4,0x0084,0x0084,
0x00A4,0x0145,0x00A4,0x00E4,0x0102,0x0220,0x45C0,0xFFEF,0xDFC7,0x7F61,0x7722,0x6F01,0x6722,0x6742,0x6762,0x56E2,
0x6741,0x5F01,0x56C2,0x6EE2,0x5681,0x66C1,0x5F21,0x5701,0x6741,0x66E1,0x5F01,0x6741,0x5F21,0x8F61,0x97C3,0xB7E8,
0xDFEE,0xBEB1,0x4C2A,0x02A3,0x0248,0x01CA,0x0107,0x00C6,0x0167,0x0187,0x00A7,0x00C8,0x00E8,0x0109,0x014C,0x098A,
0x10C1,0x0062,0x0043,0x49A6,0x51A3,0x6A62,0x3960,0x0842,0x220A,0x3A02,0x2A00,0x0147,0x0989,0x1880,0x2146,0x4AAB,
0x0040,0x39C0,0x42A4,0x0149,0x0882,0x00A2,0x1941,0x3A86,0x5A23,0x18C5,0x10E6,0x5AAA,0x014B,0x012B,0x010A,0x00E9,
0x00C8,0x00E7,0x0107,0x00E6,0x0986,0x0945,0x0104,0x01A1,0x24C0,0xF7EE,0xE7A9,0x8F81,0x77C2,0x67C2,0x6761,0x6F61,
0x7781,0xAFE3,0xD7EE,0x0C00,0x0142,0x00E3,0x0228,0x00C4,0x0043,0x0062,0x0042,0x0082,0x00A1,0x0140,0x0980,0x0020,
0x0041,0x0062,0x0082,0x0042,0x0182,0x0161,0x0163,0x00C0,0x02A0,0x9EC6,0xFFED,0x9781,0x67A2,0x5761,0x46E1,0x56C1,
0x6701,0x7721,0xCFAE,0x1B83,0x0140,0x00E0,0x0240,0x9E64,0xFFD0,0x9F61,0x7782,0x6782,0x5F61,0x5741,0x6742,0x6F81,
0xCFEE,0x22E5,0x0060,0x00E0,0x0220,0x7621,0xFFF2,0xA783,0x6F82,0x6781,0x5F81,0x5741,0x5721,0x5721,0x9FC8,0x96CB,
0x0240,0x00C0,0x0041,0x0062,0x0062,0x0062,0x0062,0x0062,0x0022,0x1141,0x1A20,0x00A0,0x0180,0x1400,0xAF45,0xFFF2,
0x9783,0x6F42,0x6762,0x5F23,0x5F42,0x6762,0x77A1,0xAFE5,0x9DED,0x00E0,0x00A0,0x0120,0x5460,0xFFF0,0xD7A7,0x8F41,
0x6722,0x5EC1,0x5F21,0x67A1,0x7FA1,0xCFC6,0xBFAD,0x03E1,0x0185,0x09A7,0x1148,0x2129,0x212A,0x0C94,0x228F,0x20E9,
0x00E8,0x112A,0x31AD,0x324E,0x39EE,0x298D,0x296C,0x0909,0x1109,0x29E9,0x2A09,0x1929,0x112A,0x112A,0x110A,0x1109,
0x00A7,0x00A8,0x00E9,0x090B,0x012B,0x096C,0x11EB,0x012A,0x00C8,0x0086,0x0086,0x00E9,0x00C8,0x00A6,0x00A7,0x0189,
0x04AD,0x028C,0x00E9,0x0128,0x00C8,0x13CB,0x33A7,0x09C5,0x0A45,0x1C22,0x9F8A,0xF7F3,0xFFEF,0xEFF0,0xE7F1,0xE7F1,
0xDFF0,0xD7EF,0xC78E,0xB70E,0xB6EE,0xB730,0x1C02,0x0100,0x0080,0x0020,0x08A1,0x0082,0x0062,0x0062,0x0042,0x0042,
0x0062,0x0062,0x0062,0x0062,0x0062,0x0062,0x0082,0x0062,0x0062,0x0062,0x0041,0x0061,0x00C1,0x0060,0x0080,0x00C0,
0x2343,0xB70D,0xB6EC,0xB72D,0xB76D,0xBF6E,0xC7AE,0xC7AE,0xC7EF,0xEFF0,0xEFF3,0xA78A,0x0340,0x01A1,0x0320,0x9F48,
0xF7F2,0xFFEE,0xFFEE,0xFFEE,0xFFEF,0xFFEF,0xEFEF,0xDFF1,0x9690,0x02A2,0x00E3,0x00A2,0x0103,0x0084,0x0084,0x0924,
0x0984,0x1245,0x0164,0x19C2,0x0941,0x0A60,0x2D20,0xD7EE,0xFFF0,0xF7EE,0xFFF1,0xFFEF,0xFFEF,0xFFF0,0xFFEF,0xFFEF,
0xFFEE,0xFFEF,0xEFF0,0xE7F1,0xE7F0,0xFFEF,0xEFEF,0xF7EE,0xFFEF,0xFFEE,0xFFED,0xEFED,0xD7B0,0xC78E,0xA6ED,0x7DEE,
0x33E9,0x0182,0x0101,0x0083,0x028B,0x02CF,0x0107,0x00E7,0x0086,0x0146,0x0127,0x00C8,0x00E8,0x00E9,0x014C,0x014A,
0x0021,0x0042,0x0042,0x0021,0x1040,0x38A0,0x0820,0x0841,0x4A85,0x1966,0x3242,0x1A47,0x018B,0x2123,0x3A08,0x6B6E,
0x20E0,0x41E2,0x4163,0x21C9,0x0106,0x0948,0x5244,0x29C9,0x2189,0x018D,0x016E,0x016D,0x016C,0x014B,0x012B,0x010A,
0x0109,0x0128,0x0108,0x1A47,0x1A45,0x0103,0x0983,0x01C2,0x1C80,0xD7EB,0xFFF3,0xFFEF,0xFFEF,0xFFEF,0xFFF0,0xF7EF,
0xF7F0,0xE7D2,0x866F,0x02C2,0x0123,0x1246,0x1349,0x0084,0x0063,0x0062,0x00E2,0x0166,0x0022,0x0900,0x0960,0x0022,
0x0062,0x0083,0x0083,0x0043,0x0A41,0x12E1,0x01E3,0x0120,0x0AE0,0xA705,0xFFF4,0xFFEF,0xFFEF,0xFFEE,0xFFED,0xFFEF,
0xEFEE,0xEFF0,0xB6D1,0x0A42,0x00C0,0x1141,0x01E0,0x8603,0xFFF3,0xFFEF,0xFFEF,0xFFEF,0xFFEE,0xFFEE,0xFFEF,0xE7CF,
0xB6D1,0x1244,0x0060,0x1140,0x0220,0x4DE0,0xF7F2,0xFFF1,0xFFEE,0xFFEF,0xFFEF,0xF7EF,0xFFEF,0xE7CF,0xCF91,0x4D08,
0x0180,0x08C2,0x08A2,0x19A2,0x00C2,0x00E2,0x0102,0x0142,0x0182,0x0142,0x3301,0x1121,0x00E0,0x0200,0x1D00,0xCFEC,
0xFFF3,0xFFEF,0xF7F1,0xD7F0,0xDFF1,0xE7F1,0xCF8D,0xCF71,0x6D2C,0x0100,0x0901,0x0161,0x5C60,0xF7EE,0xFFF1,0xFFED,
0xFFEF,0xF7F0,0xFFEF,0xFFEF,0xE7CF,0xE7F1,0x7F0B,0x02C3,0x0986,0x19C8,0x2149,0x2129,0x2129,0x0B31,0x19EC,0x10E8,
0x1929,0x190A,0x214A,0x4331,0x39EE,0x316C,0x192A,0x192A,0x212A,0x21AA,0x21A9,0x194A,0x214A,0x192B,0x192B,0x212A,
0x00C8,0x00A8,0x00C8,0x00C8,0x00EA,0x012B,0x11EC,0x01AD,0x014B,0x0087,0x0065,0x0087,0x010A,0x012A,0x012A,0x012A,
0x03CF,0x01EC,0x00A8,0x00C7,0x0086,0x02CC,0x01AA,0x00E7,0x0189,0x0B29,0x1405,0x24E0,0x45A0,0x24C0,0x1480,0x0C60,
0x0BE0,0x03A0,0x02E0,0x0240,0x0260,0x0240,0x0140,0x0081,0x0041,0x0061,0x0042,0x0082,0x0042,0x0063,0x0063,0x0062,
0x0062,0x0062,0x0083,0x0063,0x0063,0x0063,0x0062,0x0062,0x0062,0x0062,0x0062,0x0062,0x0062,0x0062,0x0061,0x0080,
0x0140,0x01E0,0x01E0,0x0260,0x02E0,0x02E0,0x0380,0x03C0,0x0460,0x2D20,0x2520,0x2CE0,0x0220,0x0080,0x0200,0x0BE0,
0x24A0,0x3D40,0x45A0,0x45C0,0x35A0,0x3D80,0x1C21,0x0341,0x01E1,0x00E3,0x00A3,0x00A3,0x0084,0x00A5,0x0085,0x00A5,
0x00A5,0x0084,0x0084,0x0083,0x00A3,0x0122,0x02E1,0x1380,0x2480,0x1CA0,0x3564,0x2D00,0x2CC0,0x24A0,0x2480,0x2CA0,
0x2460,0x2C00,0x13E0,0x0BE0,0x0C40,0x34C0,0x23C0,0x23C0,0x2C00,0x2C20,0x2C41,0x1401,0x0300,0x02C0,0x01C0,0x0161,
0x01C6,0x0082,0x00A4,0x0084,0x00C6,0x032D,0x01C9,0x0108,0x00A6,0x00A6,0x01A7,0x0148,0x00E9,0x010A,0x016D,0x016C,
0x0042,0x0042,0x0021,0x0000,0x2080,0x28A0,0x1060,0x0820,0x2A45,0x012B,0x0967,0x52C3,0x10E3,0x418A,0x2968,0x7BCE,
0x6286,0x3943,0x2904,0x4228,0x014A,0x3AED,0x4A89,0x42AB,0x196C,0x83CE,0x6B8F,0x09CE,0x018D,0x018C,0x016C,0x018B,
0x01AA,0x0108,0x0108,0x0947,0x0105,0x0085,0x00C5,0x0083,0x02A2,0x2520,0x35C0,0x45C0,0x45A0,0x3540,0x3520,0x1D21,
0x1D01,0x02E2,0x01C2,0x0103,0x0105,0x0147,0x0084,0x0084,0x0084,0x0063,0x0126,0x0146,0x0022,0x00E2,0x0923,0x0043,
0x0083,0x0084,0x0084,0x00A3,0x0022,0x0105,0x00E4,0x00A2,0x0200,0x2460,0x3D00,0x3D00,0x3460,0x3460,0x34A0,0x2C80,
0x13A1,0x1321,0x01C0,0x00A1,0x0062,0x0082,0x0182,0x1B60,0x3400,0x3440,0x2C20,0x3440,0x2C60,0x2C41,0x3420,0x0AA1,
0x0181,0x00A1,0x00A2,0x00C3,0x0142,0x0B80,0x2C80,0x3CA0,0x2C60,0x2CA0,0x2CA0,0x2CC1,0x2CA1,0x0B41,0x0261,0x0161,
0x00A2,0x0083,0x0083,0x00A3,0x0063,0x0063,0x0063,0x0083,0x0083,0x0083,0x00A3,0x00A3,0x00A3,0x0122,0x02A1,0x1CC0,
0x45C1,0x45C1,0x35A1,0x1DC0,0x1DA0,0x1D60,0x0421,0x0321,0x0241,0x01A2,0x09A2,0x00E1,0x11E1,0x3B81,0x4461,0x3CA2,
0x34C2,0x1C42,0x2C22,0x3C62,0x0BA3,0x0403,0x0384,0x01E7,0x1947,0x2208,0x2968,0x2928,0x2929,0x120C,0x194A,0x1908,
0x2929,0x2929,0x292A,0x422F,0x31AD,0x294B,0x212A,0x212A,0x212A,0x29AA,0x29AA,0x294B,0x39AD,0x318C,0x212A,0x190A,
0x00C8,0x00C8,0x010B,0x012B,0x00E9,0x00C9,0x11CC,0x09CE,0x11AE,0x096C,0x00E9,0x00A8,0x014C,0x014C,0x00C8,0x012A,
0x03AF,0x020D,0x00E9,0x0109,0x012A,0x034F,0x020C,0x01CA,0x0229,0x0167,0x0286,0x02A2,0x02E1,0x0280,0x0260,0x0280,
0x0200,0x0180,0x01E1,0x01C1,0x0161,0x1241,0x0162,0x00A3,0x0082,0x0042,0x00C3,0x0143,0x00A3,0x0083,0x0083,0x0084,
0x0083,0x0083,0x0083,0x0083,0x0084,0x0083,0x00A3,0x0063,0x0063,0x0063,0x0083,0x0083,0x0943,0x00A2,0x0082,0x0081,
0x00E1,0x0162,0x0181,0x0141,0x0100,0x0100,0x0160,0x01A0,0x01E0,0x0200,0x02E0,0x0360,0x0222,0x0122,0x0161,0x01C1,
0x01C0,0x01A0,0x01E0,0x0221,0x01E1,0x01A2,0x0103,0x00E3,0x0164,0x0105,0x00C4,0x0144,0x0085,0x00A5,0x00A5,0x0085,
0x00A5,0x00C5,0x00C4,0x0145,0x0105,0x0124,0x0123,0x0162,0x0161,0x0160,0x02E6,0x0264,0x0120,0x0121,0x0121,0x01A1,
0x01E1,0x0102,0x0101,0x00E1,0x00A1,0x1221,0x0161,0x0102,0x0102,0x0102,0x0142,0x0286,0x0143,0x00C3,0x0083,0x0043,
0x01AA,0x01EA,0x00C6,0x00A5,0x00A6,0x01A6,0x01A7,0x00A7,0x00A7,0x00A7,0x00C7,0x01E9,0x01CA,0x014C,0x016D,0x01CF,
0x0063,0x0041,0x0841,0x0000,0x0000,0x2960,0x2100,0x4200,0x2B4C,0x098D,0x1946,0x2942,0x6B03,0x494B,0x2926,0x8C0E,
0x6AE8,0x3082,0x1108,0x4229,0x7B2B,0x5208,0x21EB,0x8268,0xCD51,0xFE2D,0xFDAB,0x9BEE,0x01F0,0x01CE,0x018C,0x018B,
0x020A,0x01A9,0x0148,0x0107,0x0967,0x01C7,0x0187,0x01A6,0x0265,0x0203,0x02E2,0x01C2,0x0122,0x0142,0x0163,0x0183,
0x0163,0x0104,0x0105,0x0127,0x028D,0x0107,0x00A5,0x00A5,0x00C5,0x0106,0x026A,0x00A4,0x0063,0x0124,0x0164,0x0064,
0x00C5,0x00A5,0x00E5,0x00C4,0x00C4,0x01C7,0x0083,0x0144,0x01A2,0x01E2,0x0201,0x0181,0x0162,0x0182,0x0162,0x0142,
0x00E2,0x00C2,0x0103,0x00C3,0x1122,0x1982,0x0922,0x00E2,0x0142,0x0142,0x0162,0x0142,0x0123,0x0123,0x00C3,0x00C2,
0x00C3,0x00E3,0x00C4,0x1163,0x0962,0x0162,0x01C2,0x01A1,0x0181,0x01A2,0x01A2,0x0161,0x0162,0x0143,0x0144,0x0145,
0x0105,0x00C4,0x0903,0x00C4,0x0084,0x00A4,0x00A5,0x00A5,0x00A4,0x0083,0x00A3,0x09A4,0x0184,0x0184,0x0163,0x0243,
0x0222,0x0262,0x0202,0x01A2,0x01C2,0x01E3,0x0183,0x0143,0x0103,0x11A3,0x2AC3,0x2243,0x1163,0x11C2,0x09A2,0x09E4,
0x09E4,0x09C4,0x09C4,0x09E5,0x09C5,0x19E6,0x2A27,0x29E7,0x2967,0x2A29,0x324A,0x3189,0x3149,0x222C,0x318A,0x2929,
0x3149,0x3149,0x314A,0x314A,0x1909,0x1909,0x212A,0x2129,0x292A,0x39EB,0x320B,0x192A,0x1909,0x294B,0x294A,0x294A,
0x00C8,0x00C8,0x00E9,0x012B,0x014C,0x012B,0x0129,0x096B,0x21AD,0x098D,0x016C,0x014C,0x092B,0x090A,0x00A7,0x0064,
0x028C,0x01AD,0x014C,0x01AE,0x01ED,0x0370,0x02AE,0x01CB,0x0128,0x00C6,0x2386,0x9743,0x2681,0x05E2,0x0562,0x04C2,
0x0462,0x0422,0x1561,0x0CC1,0x0342,0x3D02,0x2BE4,0x0124,0x00A4,0x0084,0x0084,0x0104,0x00E4,0x00A4,0x00A4,0x00C5,
0x00E5,0x00A4,0x00C4,0x00C5,0x00C5,0x00C5,0x00E4,0x00A4,0x00A4,0x00A4,0x0084,0x00A4,0x00A4,0x00A3,0x0083,0x00E4,
0x1AE3,0x4DA1,0x0C03,0x0C42,0x03E2,0x0422,0x04C2,0x04C2,0x04C2,0x1581,0x7EE1,0x6E82,0x0244,0x00E4,0x00C3,0x4483,
0x4601,0x0D02,0x1503,0x0CC4,0x0484,0x0BE4,0x0404,0x0C44,0x5565,0x01E7,0x00E5,0x0105,0x0086,0x0086,0x00C7,0x00A6,
0x00A6,0x00A6,0x0985,0x01E7,0x00C6,0x00E5,0x0104,0x5484,0x35A2,0x0CA2,0x1CE4,0x3DEB,0x0CC3,0x0C84,0x0463,0x03E3,
0x14C3,0x0384,0x0324,0x0303,0x0282,0x1B83,0x4D45,0x0404,0x03E5,0x0385,0x0384,0x0408,0x0C4B,0x0364,0x0325,0x02A5,
0x0206,0x0391,0x02EC,0x0188,0x0107,0x00A6,0x00E7,0x0228,0x0108,0x0109,0x0109,0x00E9,0x016A,0x018C,0x018D,0x01F0,
0x016B,0x1881,0x0820,0x0820,0x0000,0x1A05,0x18A0,0x4283,0x026F,0x094A,0x1169,0x00C7,0x5285,0x6224,0x4167,0xA42D,
0x6A48,0x1001,0x5167,0x51C8,0xBB24,0x9329,0x92CA,0x9B4D,0xF717,0xF5AE,0xED0B,0xFD4C,0x4310,0x018E,0x01AD,0x018B,
0x018A,0x0128,0x0148,0x09E8,0x1AA9,0x0AC9,0x0349,0x0368,0x0266,0x4D25,0x56E2,0x15A2,0x0D43,0x156B,0x0CE8,0x0465,
0x0426,0x14C6,0x2C27,0x0310,0x02AD,0x0107,0x00E7,0x00E7,0x0106,0x1348,0x0AA8,0x00A5,0x00C5,0x00E5,0x00E5,0x00C6,
0x0146,0x0125,0x09C5,0x01C5,0x1328,0x0B07,0x11E4,0x0A06,0x0205,0x3483,0x9E62,0x6582,0x65A3,0x5D84,0x5524,0x54C4,
0x4CC4,0x4CE5,0x7526,0x1AA6,0x09C5,0x0964,0x0144,0x12E5,0x7E04,0x3DA5,0x3565,0x2D05,0x24E5,0x24A5,0x24A5,0x24A5,
0x6D64,0x22C6,0x01A5,0x1A64,0x11E3,0x1A84,0x8DE3,0x7624,0x65E4,0x6585,0x5D24,0x5523,0x6564,0x6545,0x7DA5,0x5C66,
0x09E6,0x0985,0x0944,0x11C4,0x0985,0x09A5,0x09A6,0x0166,0x0166,0x1A64,0x11A4,0x09A4,0x09E6,0x1226,0x12E5,0x4D04,
0x5E25,0x24E6,0x1CC5,0x1C65,0x2466,0x2CC6,0x24C5,0x3D26,0x4BE6,0x1165,0x5346,0x4326,0x5BA4,0xBE0C,0xBE68,0x9DA4,
0x9D86,0x9DA6,0x9D87,0x9D88,0x9547,0xADC9,0xB60B,0x53A7,0x4B08,0x4AC8,0x5349,0x63A8,0x4A49,0x3B4B,0x424A,0x41EA,
0x41AA,0x416A,0x314A,0x292A,0x1909,0x2109,0x3129,0x2949,0x312A,0x39CB,0x3A0B,0x212A,0x294A,0x398C,0x316B,0x396B,
0x012A,0x010A,0x00E9,0x00E9,0x010A,0x012B,0x0129,0x0109,0x116B,0x198E,0x19CF,0x21EF,0x11AE,0x29EF,0x198D,0x114A,
0x0AEF,0x0A10,0x014C,0x014B,0x01AD,0x0310,0x020D,0x018C,0x01CC,0x01AA,0x02C9,0x8F26,0x25E3,0x03C4,0x0305,0x02C5,
0x02E5,0x02A5,0x0C42,0x03A2,0x0224,0x0AE3,0x4D63,0x0205,0x0125,0x0084,0x0064,0x00A4,0x00C5,0x00A5,0x00A5,0x00E5,
0x00C5,0x00C5,0x0105,0x00E6,0x00E6,0x00E5,0x00E5,0x00C5,0x00E5,0x00E5,0x00E5,0x00C5,0x00C5,0x00E5,0x00E4,0x0145,
0x4DE3,0x2403,0x02C3,0x0423,0x03A3,0x03A5,0x0424,0x03A4,0x0404,0x0561,0x97C0,0x4584,0x01C4,0x00E4,0x0124,0x5564,
0x56E2,0x04E3,0x0485,0x0C26,0x0BE6,0x03C5,0x0C26,0x1445,0x5D25,0x01C7,0x00C6,0x00E6,0x00E7,0x00A8,0x0109,0x00C7,
0x00C6,0x00A6,0x00A6,0x0128,0x0128,0x00C5,0x0146,0x7584,0x3663,0x04A4,0x0444,0x2D8C,0x15E7,0x0504,0x0485,0x0385,
0x0BE5,0x13E5,0x02A5,0x02E5,0x02C4,0x0384,0x45A8,0x1CC6,0x0365,0x0326,0x0366,0x02C6,0x03EC,0x03E8,0x0387,0x03C7,
0x04C6,0x1588,0x4E70,0x146B,0x01C8,0x0149,0x0169,0x02C9,0x024C,0x01AC,0x00EA,0x012A,0x012B,0x016C,0x014C,0x018D,
0x01F0,0x01CE,0x2967,0x10E4,0x00E7,0x3B47,0x6300,0x11EA,0x124E,0x0907,0x1948,0x4A07,0x1927,0x82A0,0x5283,0x93CE,
0x51A5,0x3081,0x61C6,0x19AD,0x4127,0xC346,0x8370,0x7412,0xFF9A,0xFE52,0xECC9,0xFDAD,0xA490,0x018E,0x018D,0x014B,
0x012A,0x010A,0x010A,0x00E9,0x00A8,0x016A,0x01CA,0x0106,0x0165,0x5D64,0x57A3,0x05C3,0x1E2C,0x154E,0x0427,0x0427,
0x0407,0x0CC6,0x5E4D,0x0B4F,0x01C9,0x0148,0x0127,0x0188,0x1368,0x3CE9,0x01C7,0x0107,0x00C6,0x00E6,0x0126,0x0127,
0x00C6,0x00E6,0x00E6,0x0168,0x03D0,0x01E8,0x0146,0x0106,0x0166,0x34A4,0xB7C2,0x2DE3,0x2DA4,0x2565,0x1CC5,0x1CC5,
0x14E4,0x0505,0x5584,0x1A06,0x0107,0x0106,0x0106,0x12E6,0x8EC4,0x0544,0x14E5,0x0CE6,0x0CC7,0x0467,0x0467,0x0C87,
0x5D64,0x1A26,0x00E6,0x0106,0x0146,0x12A6,0xB6C2,0x4EC2,0x2584,0x1D25,0x1D26,0x0D26,0x1CE6,0x1C85,0x6565,0x7445,
0x00E6,0x00E6,0x00E6,0x0966,0x0126,0x00E6,0x00E6,0x00E6,0x0126,0x0126,0x0106,0x00E6,0x0126,0x0187,0x0AE7,0x66A4,
0x2CE5,0x0406,0x0466,0x03E7,0x03A7,0x0BE6,0x24A7,0x24E6,0x3BE7,0x1928,0x31C7,0x31A7,0x5265,0xC5E6,0xB663,0x7D04,
0x6C85,0x7485,0x7467,0x7487,0x74A6,0x9586,0xA567,0x5249,0x49E9,0x49E9,0x51E9,0x51C9,0x49A9,0x522B,0x620B,0x49CA,
0x416A,0x314A,0x314A,0x294A,0x2109,0x2929,0x394A,0x2929,0x314A,0x49CA,0x41CA,0x51AA,0x6A0C,0x49AD,0x398C,0x51ED,
0x016C,0x096C,0x014B,0x012A,0x010A,0x010A,0x014B,0x014A,0x014B,0x298D,0x19AD,0x11AD,0x016C,0x11AE,0x220F,0x3210,
0x2B33,0x2252,0x2230,0x1A0F,0x014A,0x0209,0x02AF,0x020E,0x0169,0x00C4,0x01C7,0x3546,0x46C4,0x0286,0x0246,0x0206,
0x0206,0x0185,0x02A5,0x0225,0x01C5,0x01A5,0x1BC5,0x0B25,0x0166,0x00E6,0x00A5,0x00E5,0x0126,0x0106,0x0106,0x0126,
0x0106,0x0147,0x0187,0x0127,0x0127,0x0126,0x0126,0x0126,0x0147,0x0127,0x0147,0x0166,0x0146,0x0126,0x0126,0x0265,
0x24E4,0x0144,0x01E4,0x0305,0x02A5,0x0206,0x0205,0x0225,0x02A5,0x14A4,0x5F24,0x0345,0x01C5,0x0145,0x0186,0x44E5,
0x3D44,0x0306,0x02C7,0x0266,0x0246,0x0246,0x02A7,0x02E7,0x23C6,0x01C8,0x0107,0x0148,0x0129,0x00EA,0x0129,0x00C7,
0x0168,0x0107,0x00C7,0x00E7,0x01AA,0x0106,0x0147,0x5CE5,0x2445,0x02C6,0x02C6,0x032A,0x0C6E,0x0386,0x0367,0x02A6,
0x0225,0x0B06,0x01A6,0x01C6,0x01E6,0x0246,0x0BA7,0x5D6B,0x02C6,0x0247,0x0207,0x01C7,0x0267,0x038C,0x026A,0x0208,
0x02C8,0x0448,0x3E8A,0x7F71,0x1D2C,0x01C9,0x014A,0x0129,0x014A,0x028E,0x020E,0x012B,0x012B,0x018D,0x014C,0x01AD,
0x01AF,0x0232,0x08C6,0x08C5,0x0127,0x4326,0x5AE1,0x11AA,0x2A09,0x18C3,0x28C2,0x10A2,0x08C5,0x9900,0x7B03,0x6AAB,
0x7304,0x5981,0x5124,0x1949,0x1928,0x4921,0x318A,0x5AAB,0xFF38,0xE633,0xD4CC,0xFE31,0xD531,0x09EF,0x01CE,0x01AD,
0x014B,0x016B,0x012A,0x014B,0x020D,0x01EB,0x0109,0x0108,0x0167,0x4566,0x2E25,0x150E,0x1C2E,0x02A8,0x0248,0x0248,
0x0288,0x0C0B,0x3D4E,0x0148,0x0168,0x0148,0x01A8,0x0AE8,0x758A,0x1B88,0x01C8,0x0147,0x0127,0x01C8,0x0268,0x0147,
0x0107,0x0128,0x0107,0x02CE,0x032E,0x0148,0x0127,0x0106,0x0126,0x3444,0x5E24,0x0406,0x0B06,0x02C6,0x02A7,0x0AA7,
0x02C6,0x0306,0x1BC6,0x09C7,0x00E7,0x0107,0x0107,0x1267,0x64E5,0x0326,0x02E6,0x02E7,0x0AC8,0x0268,0x02C8,0x02E8,
0x2BE7,0x09E7,0x00E7,0x0107,0x0128,0x1A28,0x8D84,0x13C5,0x0306,0x02C7,0x02E7,0x02C7,0x02C7,0x02A6,0x23C7,0x4B48,
0x0128,0x0107,0x0107,0x0127,0x0947,0x0927,0x0908,0x0928,0x09A8,0x0188,0x0968,0x0967,0x0987,0x09E8,0x3D06,0x24A6,
0x0228,0x0A68,0x0A88,0x0A89,0x0A69,0x12A7,0x2288,0x3327,0x3B28,0x2948,0x3188,0x4188,0x6247,0x9CE5,0x6C46,0x4B27,
0x42A7,0x42A7,0x4288,0x4AE8,0x42A8,0x63C7,0x7C27,0x59E9,0x6209,0x726A,0x7A4A,0x722A,0x7209,0x6A2B,0x49CB,0x418A,
0x61CA,0x69AA,0x496A,0x396A,0x316A,0x396A,0x496A,0x416A,0x518A,0x51AA,0x51CA,0x69EC,0x51AC,0x41AD,0x6A2D,0x9AAE,
0x116C,0x116C,0x014B,0x116C,0x116C,0x014B,0x012A,0x012A,0x016B,0x21AE,0x31EE,0x31CE,0x29CE,0x31EF,0x3A50,0x3210,
0x2AB2,0x2272,0x19AE,0x08C5,0x0000,0x18C0,0x21A4,0x0042,0x0000,0x0020,0x08A0,0x2201,0x0585,0x0468,0x01E8,0x01E8,
0x0207,0x00E6,0x01E6,0x01A6,0x00C6,0x00E6,0x0186,0x0267,0x0127,0x00E7,0x00A5,0x00A5,0x00E7,0x00E7,0x00E7,0x0107,
0x0107,0x0107,0x00E7,0x00E7,0x00C7,0x00A6,0x00C7,0x00C7,0x00C7,0x00C7,0x00A6,0x0107,0x0108,0x00C6,0x00A6,0x0246,
0x01C6,0x00C5,0x0185,0x0246,0x01A6,0x00E6,0x01C6,0x01A6,0x01A6,0x1527,0x0CA7,0x01C6,0x0126,0x0106,0x00C6,0x1B66,
0x1367,0x01A7,0x01C7,0x0167,0x0167,0x0147,0x01A7,0x01C7,0x0268,0x0148,0x00E7,0x00A7,0x00A8,0x00C8,0x00C8,0x00C8,
0x00C8,0x00C7,0x00A7,0x0086,0x0169,0x0168,0x00A6,0x1347,0x0A67,0x0147,0x01A7,0x0147,0x02F0,0x028B,0x01C8,0x0167,
0x0105,0x0186,0x01C7,0x0106,0x00E6,0x00E6,0x01C7,0x2BAA,0x33CA,0x0166,0x0127,0x00E7,0x0147,0x0169,0x026C,0x0147,
0x0167,0x0188,0x0369,0x146D,0x4693,0x14AE,0x014B,0x012A,0x010A,0x010A,0x01AD,0x0270,0x01CE,0x014C,0x01AE,0x01AE,
0x01F0,0x0210,0x6A65,0x1967,0x0148,0x1166,0x30A0,0x2986,0x0A30,0x0884,0x2967,0x7A67,0x10A3,0x8922,0x4905,0x28A2,
0x1861,0x1840,0x2107,0x10A7,0x20E5,0x1880,0x30C3,0x51E7,0xF739,0xF696,0xE655,0xFE94,0xE5B3,0x122E,0x01CE,0x016C,
0x012C,0x01CD,0x024F,0x024F,0x018C,0x00E9,0x0109,0x0108,0x0168,0x1CC9,0x2DD0,0x138E,0x0249,0x01A9,0x0189,0x0148,
0x028C,0x03F0,0x0308,0x0108,0x0107,0x0128,0x01E8,0x6C88,0x4C09,0x01A7,0x0148,0x0108,0x00E7,0x01A7,0x01E8,0x00E7,
0x00E8,0x0108,0x016A,0x0B71,0x0189,0x00E7,0x0126,0x00E6,0x00E6,0x1B65,0x34C7,0x0288,0x01C7,0x01C7,0x0168,0x01A8,
0x01A8,0x0208,0x0288,0x0148,0x00E7,0x00E7,0x00C6,0x0987,0x2328,0x0228,0x01E8,0x01C8,0x0188,0x0168,0x0209,0x01C8,
0x0248,0x0148,0x00E8,0x00E8,0x0128,0x1168,0x3B47,0x0A48,0x0208,0x01C9,0x01A9,0x0189,0x01A9,0x01E8,0x0248,0x1229,
0x1129,0x0108,0x0907,0x08E7,0x08E7,0x08E8,0x1108,0x10E8,0x08E8,0x08E8,0x1908,0x1928,0x2149,0x2288,0x1B48,0x11A9,
0x11C9,0x1168,0x11A8,0x1969,0x2189,0x3229,0x31E9,0x3A29,0x4229,0x41A9,0x41A9,0x69E8,0x61E9,0x5B28,0x4B08,0x42A8,
0x3A29,0x3288,0x3A29,0x3A29,0x3A09,0x52A8,0x6328,0x6A29,0x7A4A,0x8A8A,0x7A6B,0x9ACA,0x928A,0x69EB,0x59CB,0x720A,
0x71EA,0x518A,0x496A,0x418A,0x418A,0x59AB,0x71EB,0x61AB,0x820B,0x726C,0x5A8D,0x722C,0xAACB,0xBB0C,0xC32C,0x826C,
0x21AD,0x21AD,0x21AD,0x21AD,0x29CE,0x21CE,0x118C,0x012B,0x096C,0x198D,0x31CF,0x31CF,0x29CE,0x29EF,0x3230,0x3251,
0x2B14,0x1AD4,0x00C6,0x0000,0x0000,0x0020,0x0000,0x0000,0x0021,0x0000,0x3160,0x2940,0x0261,0x0507,0x0208,0x01E8,
0x01E9,0x0107,0x0147,0x0147,0x00E7,0x00E7,0x0127,0x0146,0x0167,0x00E7,0x00C7,0x00C7,0x0149,0x01AA,0x01AA,0x01AA,
0x01AA,0x0189,0x0128,0x0108,0x0128,0x0128,0x0108,0x00E7,0x00C7,0x00C7,0x0108,0x0169,0x0149,0x0108,0x0107,0x0187,
0x00E6,0x00C6,0x0126,0x0186,0x0106,0x00E6,0x01A6,0x0126,0x01A6,0x14A9,0x02C7,0x0167,0x00C6,0x00E6,0x00E7,0x0AC8,
0x0268,0x0168,0x0168,0x0127,0x0127,0x0107,0x0127,0x0127,0x01E8,0x0108,0x00C7,0x00A7,0x00A7,0x00A7,0x00A8,0x00C8,
0x00C8,0x00A7,0x00A7,0x00C7,0x00E8,0x022C,0x0108,0x0228,0x01C7,0x0127,0x0147,0x0107,0x01EC,0x0311,0x0149,0x0148,
0x0107,0x00E7,0x0188,0x0107,0x00A6,0x00C6,0x0168,0x0188,0x440C,0x2AE9,0x0127,0x0128,0x0168,0x00E7,0x01AA,0x022C,
0x00E6,0x0169,0x020A,0x02CB,0x036E,0x2E35,0x1B72,0x010B,0x012B,0x012A,0x010B,0x016D,0x02D2,0x0271,0x01F0,0x018E,
0x01D0,0x11EE,0x59C4,0x10A2,0x0062,0x1062,0x2040,0x08E5,0x11CB,0x10C4,0x18E5,0x3144,0x1861,0x1861,0x1041,0x2840,
0x1860,0x1020,0x1862,0x18A3,0x3984,0x6220,0x4961,0x40A1,0xCD50,0xFFDB,0xF6D5,0xFEB5,0xE635,0x0A30,0x01EF,0x020F,
0x0A90,0x02B1,0x01EE,0x014C,0x010A,0x012A,0x010A,0x010A,0x0A6E,0x2D53,0x13CE,0x01A9,0x01CA,0x0149,0x0108,0x01EB,
0x0330,0x01AA,0x0229,0x0108,0x0108,0x0148,0x5349,0x742A,0x01C8,0x0148,0x0108,0x0108,0x00E7,0x01A9,0x0109,0x0108,
0x0149,0x018A,0x1B71,0x0ACE,0x0108,0x00E7,0x00C7,0x00C7,0x0128,0x0AE8,0x142A,0x0188,0x0168,0x0168,0x0128,0x0128,
0x0148,0x0128,0x0188,0x0108,0x00E8,0x0108,0x0108,0x1168,0x0A49,0x0189,0x0189,0x0169,0x0149,0x0149,0x0189,0x0149,
0x0189,0x0129,0x0909,0x0909,0x1129,0x1169,0x1A6A,0x09EA,0x0189,0x0189,0x0169,0x0149,0x0149,0x0169,0x01A9,0x11A9,
0x2149,0x1129,0x1108,0x1908,0x1908,0x2128,0x2109,0x1908,0x1908,0x2108,0x2129,0x2949,0x31C9,0x2A69,0x2189,0x2169,
0x2169,0x2149,0x2189,0x2989,0x39AA,0x41CA,0x49CA,0x5209,0x5A29,0x6A0A,0x6A09,0x6A09,0x59C9,0x62A8,0x5A69,0x4A09,
0x4A0A,0x420A,0x41EA,0x41CA,0x51CA,0x62AA,0x8349,0x9AAA,0xAAEA,0xAAEA,0x6A2B,0x7A6B,0x6A2A,0x61CA,0x926A,0x720A,
0x418A,0x418A,0x418A,0x49AA,0x69EA,0x820A,0x69CB,0xBB09,0xCB2A,0x72AE,0x6A6D,0x926B,0x6A2C,0x9AEC,0xA2EC,0x7A8D,
0x29EE,0x29CE,0x29EE,0x29CE,0x29EE,0x31EE,0x320E,0x21EE,0x29EE,0x31EE,0x31EF,0x39F0,0x31EF,0x220F,0x3271,0x3A30,
0x1A8F,0x0968,0x0000,0x0000,0x0000,0x0020,0x0061,0x0062,0x0041,0x0000,0x1060,0x2161,0x1180,0x0261,0x1944,0x022A,
0x01EB,0x01AA,0x01CA,0x0189,0x0128,0x0108,0x0128,0x00E7,0x0107,0x0129,0x0108,0x00A6,0x00E7,0x01EB,0x01CB,0x020C,
0x022C,0x022C,0x022B,0x01CA,0x01AA,0x01CB,0x01CB,0x018A,0x0129,0x0129,0x018B,0x018B,0x018B,0x0129,0x00E7,0x00E7,
0x00C7,0x00C6,0x00E7,0x0188,0x00E7,0x0107,0x0168,0x0107,0x0228,0x0409,0x0229,0x0148,0x00E7,0x00E7,0x0128,0x0249,
0x01A8,0x0128,0x0148,0x0108,0x0107,0x00E7,0x0107,0x0128,0x0168,0x00E8,0x00C7,0x00C8,0x00E8,0x00C8,0x00E8,0x014A,
0x0149,0x00E8,0x00E8,0x00C8,0x00A7,0x01CB,0x01EC,0x0147,0x0167,0x00C7,0x00E7,0x0108,0x00E8,0x0AF2,0x0270,0x016A,
0x0149,0x0128,0x0128,0x01AA,0x00C7,0x00E7,0x0128,0x0168,0x122A,0x846D,0x4289,0x0948,0x0108,0x00E8,0x00E7,0x018B,
0x020D,0x0129,0x016A,0x018A,0x0169,0x034E,0x2456,0x2314,0x018F,0x012C,0x014C,0x012C,0x012C,0x01CE,0x0292,0x0292,
0x0251,0x0230,0x18A3,0x10A4,0xA2C8,0x78C0,0x0863,0x3168,0x10A2,0x0000,0x0020,0x0000,0x18C3,0x10E5,0x1861,0x3061,
0x1800,0x1800,0x28E4,0x10A4,0x0820,0x0840,0x1081,0x50C0,0xA306,0xFFFD,0xF717,0xFF79,0xBE39,0x0376,0x0395,0x0271,
0x020F,0x016D,0x016D,0x014B,0x012B,0x010B,0x016D,0x1313,0x0B34,0x032E,0x028B,0x014A,0x0129,0x00E8,0x01EC,0x028E,
0x012A,0x0129,0x01C9,0x0129,0x0949,0x52EA,0x8C2B,0x11C9,0x0149,0x0108,0x0108,0x00E7,0x022B,0x01AB,0x012A,0x0129,
0x016B,0x1311,0x44D5,0x01EB,0x0129,0x00E8,0x00E8,0x00E8,0x0108,0x032C,0x02EB,0x0107,0x0128,0x0128,0x0108,0x0108,
0x0128,0x0148,0x0189,0x0949,0x1129,0x0909,0x1129,0x216A,0x09A9,0x0149,0x0169,0x0169,0x0149,0x0149,0x0149,0x0149,
0x0169,0x0949,0x1129,0x214A,0x294A,0x2169,0x1A0A,0x01AA,0x0169,0x0949,0x0949,0x0949,0x1149,0x1169,0x0989,0x118A,
0x296A,0x2949,0x2949,0x2949,0x3149,0x3969,0x3969,0x3949,0x3149,0x3149,0x4169,0x418A,0x320A,0x31A9,0x3169,0x31AA,
0x398A,0x3969,0x39AA,0x49CA,0x51CA,0x41AA,0x59EA,0x7249,0x7A6A,0x9A8A,0x8A49,0x722A,0x928A,0x7AA9,0x5A29,0x51E9,
0x520A,0x51EA,0x51CA,0x6209,0x620A,0x6A6A,0x932A,0xA2CA,0xA2AA,0x824A,0x622A,0x724B,0x826B,0x8A4B,0x71E9,0x518A,
0x59AA,0x59CA,0x59CB,0x69EA,0xBB2A,0xAA8B,0xDBE9,0xF46A,0x8ACE,0x6A6D,0x724C,0x620B,0x726D,0x9B2E,0xBB8E,0xB38F,
0x320E,0x3A2F,0x320E,0x3A2F,0x3A2F,0x320E,0x3A4F,0x320E,0x322F,0x3A70,0x3A2E,0x39CD,0x18E7,0x216A,0x31ED,0x10C6,
0x0000,0x0041,0x0000,0x0000,0x0020,0x0040,0x0041,0x0020,0x0000,0x0021,0x0041,0x5282,0x1141,0x0261,0x39A1,0x1A4A,
0x0189,0x0126,0x022D,0x01CB,0x016A,0x014A,0x0149,0x00E7,0x00E7,0x0108,0x00E8,0x00C7,0x0086,0x0107,0x0107,0x0128,
0x09EB,0x09AA,0x01AA,0x01EB,0x01CB,0x01CB,0x022C,0x01AB,0x018A,0x01AB,0x020C,0x01EC,0x01AB,0x018A,0x0108,0x00C7,
0x00E8,0x00A6,0x00C7,0x0128,0x00E7,0x0108,0x0149,0x0128,0x020A,0x02AA,0x01E9,0x0128,0x00C7,0x0108,0x0129,0x01A9,
0x0128,0x00E8,0x0108,0x0108,0x00C8,0x00E8,0x00E8,0x00E8,0x0129,0x00E9,0x00E8,0x00E8,0x00E9,0x00C8,0x00C8,0x0129,
0x0149,0x012A,0x012A,0x0109,0x00E8,0x00E8,0x02AF,0x01EA,0x01A9,0x0149,0x0189,0x0169,0x0189,0x028F,0x2C78,0x030F,
0x02EC,0x02AB,0x028B,0x02AB,0x022B,0x0128,0x0189,0x0189,0x11AA,0x52AA,0xA4ED,0x33A9,0x0A69,0x0168,0x018A,0x0129,
0x018C,0x022F,0x014B,0x012A,0x010A,0x01EB,0x026E,0x1252,0x2B76,0x1272,0x016E,0x014D,0x016D,0x016D,0x018E,0x0252,
0x0B76,0x13F9,0x1106,0x01CD,0x5311,0x8124,0x48A3,0x522E,0x10E6,0x00A5,0x00A6,0x0842,0x1082,0x4A07,0x38C3,0x2861,
0x2800,0x2800,0x2020,0x2129,0x2147,0x118E,0x0863,0x59A2,0x5184,0x938B,0xFF79,0xE6B8,0x33D6,0x02B4,0x0231,0x01AF,
0x01AE,0x01CF,0x018D,0x014C,0x018E,0x0A91,0x1354,0x0A92,0x010C,0x01AB,0x01CB,0x012A,0x012A,0x022E,0x0290,0x00EA,
0x0109,0x0109,0x018A,0x096A,0x4AAB,0x8C4C,0x21EA,0x014A,0x012A,0x0129,0x00E8,0x020C,0x022C,0x0109,0x016A,0x018B,
0x01EE,0x44B8,0x1331,0x016A,0x014A,0x0109,0x00E9,0x00E8,0x018A,0x02CD,0x01A9,0x0108,0x0108,0x0129,0x0109,0x0108,
0x0129,0x0129,0x0129,0x0129,0x192A,0x192A,0x214A,0x216A,0x098A,0x014A,0x094A,0x094A,0x096A,0x114A,0x0929,0x114A,
0x116A,0x194A,0x296A,0x398A,0x316A,0x316A,0x29CA,0x116A,0x112A,0x192A,0x194A,0x196A,0x196A,0x196A,0x196A,0x216A,
0x2949,0x416A,0x416A,0x3969,0x4989,0x4989,0x4989,0x4169,0x3969,0x4189,0x59E9,0x49EA,0x49EA,0x41AA,0x41A9,0x41A9,
0x498A,0x498A,0x396A,0x59EA,0x6A0B,0x498A,0x51AB,0x826A,0xA2CA,0xAACA,0x620A,0x92AB,0x7A4A,0x5A0A,0x51EA,0x59EA,
0x5A0A,0x620A,0x59EA,0x620A,0x61EA,0x620A,0x6A2A,0x59EA,0x722B,0x826B,0x9AAC,0xB34D,0xB32C,0x7A2B,0x69EA,0x8A2A,
0x9A8A,0x824A,0x720B,0xAAEB,0xDBAB,0xEC89,0xFD48,0xC38C,0xB34C,0xA32D,0xAB4D,0xC3AE,0xCBCF,0xB3B0,0x8330,0x7311,
0x1083,0x29AB,0x322F,0x10E6,0x3A0D,0x4AB1,0x298A,0x0842,0x29AB,0x3A2E,0x10C5,0x0000,0x0000,0x0000,0x0021,0x0041,
0x0042,0x0041,0x0021,0x0020,0x0041,0x0061,0x0000,0x0000,0x0021,0x0062,0x0021,0x5A22,0x5242,0x0AC1,0x2220,0x18E2,
0x0020,0x1860,0x0A2C,0x020D,0x01ED,0x01CC,0x01CC,0x016B,0x0129,0x018A,0x0108,0x0128,0x0107,0x00C6,0x00E6,0x0127,
0x0167,0x01C9,0x0168,0x01A9,0x01CA,0x020B,0x12CD,0x12AD,0x12CE,0x0AEE,0x0AEE,0x0ACD,0x026D,0x01CC,0x0109,0x00A7,
0x00C7,0x00A7,0x00C7,0x00E8,0x00E7,0x00E8,0x00E8,0x0149,0x01EB,0x01EA,0x01EA,0x0128,0x00C8,0x016A,0x01CA,0x01CA,
0x014A,0x0109,0x0109,0x0129,0x0109,0x0109,0x0129,0x0129,0x012A,0x012A,0x0129,0x0129,0x0129,0x0109,0x0109,0x0109,
0x0109,0x0109,0x012A,0x012A,0x012A,0x0109,0x01CC,0x02EF,0x014A,0x0149,0x0189,0x0169,0x01CB,0x024E,0x2C58,0x2CD9,
0x02F1,0x026E,0x01CA,0x01EB,0x0B6F,0x0AAC,0x020B,0x01AB,0x11CB,0x21EA,0x6B6C,0xA58D,0x3B29,0x09CA,0x01CB,0x014A,
0x00E9,0x018C,0x01EE,0x012A,0x0109,0x014A,0x01CC,0x010B,0x018F,0x2356,0x2397,0x0A73,0x01AF,0x01CF,0x01CF,0x01D0,
0x01F1,0x0252,0x0949,0x0231,0x0295,0x69AA,0x7166,0x3126,0x198B,0x014A,0x0841,0x10A3,0x0001,0x4881,0x51C9,0x3988,
0x2820,0x2042,0x20A1,0x31CE,0x092B,0x2149,0x30C4,0x2905,0x116B,0x41EA,0x2A4E,0x2A8F,0x0211,0x0211,0x01F0,0x01CF,
0x018E,0x018E,0x01CF,0x0AB3,0x13B6,0x0B76,0x01F0,0x012C,0x012B,0x016B,0x016A,0x012A,0x0270,0x024F,0x014B,0x014B,
0x014B,0x014B,0x098B,0x52CC,0x944D,0x2A0B,0x014A,0x014A,0x014A,0x012A,0x09EC,0x028E,0x014B,0x016B,0x11CD,0x01CE,
0x23B5,0x2BF6,0x01AD,0x018B,0x014B,0x094A,0x014A,0x014A,0x02AF,0x020D,0x016A,0x0129,0x012A,0x012A,0x012A,0x0129,
0x094A,0x094A,0x096A,0x216B,0x296B,0x296B,0x318B,0x31AB,0x118B,0x116B,0x196A,0x196A,0x196B,0x194A,0x216A,0x216A,
0x216A,0x318A,0x398A,0x318A,0x318B,0x41CB,0x39CB,0x298B,0x216B,0x296B,0x216B,0x218B,0x298B,0x298B,0x298B,0x49EB,
0x59CA,0x396A,0x51CA,0x620A,0x7209,0x51AA,0x416A,0x49AA,0x61EA,0x622A,0x6A6A,0x49AA,0x51C9,0x6A29,0x49A9,0x51C9,
0x6A0A,0x59CA,0x51CA,0x51AB,0x59CB,0x61EB,0x59EB,0x61EB,0x6A0B,0x61CA,0x61EA,0x722A,0x69EA,0x6A0A,0x6A0A,0x6A0A,
0x722A,0x722A,0x7A4A,0x8249,0x8229,0x7A2A,0xA2E9,0xB349,0x928A,0x8A4B,0xE48A,0xF449,0xBAEA,0xAAAA,0xCB2A,0xEBEA,
0xCB4A,0xA28B,0x8A4B,0xDBEA,0xE4AB,0xED0C,0xDC8D,0xCC4E,0xCC2D,0xCC0E,0xA390,0x9B90,0x9370,0x8B50,0x8350,0x8330,
0x0000,0x1040,0x3967,0x0000,0x2107,0x41AB,0x1061,0x0000,0x0881,0x0060,0x0040,0x0040,0x0040,0x0063,0x0083,0x0041,
0x0021,0x0041,0x0041,0x0041,0x0021,0x00C4,0x0083,0x0082,0x0061,0x0041,0x0041,0x28C2,0x69A2,0x2181,0x2281,0x0020,
0x0020,0x30E0,0x32CD,0x02B1,0x01EC,0x022D,0x024E,0x020D,0x09CC,0x11CC,0x0169,0x00E7,0x00A5,0x00A5,0x0085,0x00A5,
0x0107,0x0169,0x00E7,0x00E6,0x00C6,0x0128,0x016A,0x220D,0x224D,0x11CC,0x11EC,0x1A2D,0x120C,0x0A0D,0x09AB,0x0108,
0x00C7,0x00C7,0x00C7,0x00C7,0x0908,0x0909,0x00C7,0x0129,0x016A,0x01AB,0x018B,0x014A,0x012A,0x014A,0x016A,0x01CB,
0x01AB,0x014A,0x014A,0x012A,0x014A,0x014A,0x016B,0x098B,0x016B,0x016B,0x016B,0x098B,0x018B,0x016B,0x014A,0x014A,
0x014A,0x012A,0x010A,0x012A,0x094B,0x094B,0x014B,0x02AF,0x01ED,0x00E9,0x0109,0x0109,0x018C,0x0A0E,0x0293,0x453C,
0x1398,0x0211,0x120F,0x1A0E,0x1A0E,0x3372,0x19EC,0x014B,0x016B,0x19AB,0x21AA,0x7B6C,0x9C4E,0x31EB,0x098B,0x014A,
0x014A,0x010A,0x014B,0x020F,0x016C,0x012B,0x014B,0x012B,0x014C,0x014E,0x0A94,0x1B97,0x02B4,0x0231,0x01D0,0x01AF,
0x01F1,0x01EF,0x0969,0x01F0,0x01AF,0xB42E,0x8B2F,0x38A4,0x2270,0x098C,0x19CB,0x2923,0x1883,0x5821,0x1863,0x724A,
0x6185,0x38C4,0x08E6,0x2106,0x1107,0x3904,0x218C,0x5187,0x29AB,0x426D,0x01CE,0x21ED,0x0232,0x01CF,0x018E,0x018F,
0x0210,0x0292,0x02B4,0x1335,0x0A72,0x01AF,0x014C,0x014C,0x014C,0x014B,0x020E,0x0AF2,0x020F,0x014B,0x018C,0x016B,
0x098C,0x11AD,0x52CC,0x9C6E,0x3A2C,0x096B,0x016B,0x016B,0x014B,0x09AC,0x12D0,0x018C,0x016B,0x01AD,0x09CF,0x1314,
0x44DA,0x0251,0x09CC,0x198C,0x196C,0x198C,0x196B,0x126E,0x0AB0,0x116B,0x118B,0x196B,0x198B,0x116B,0x194B,0x196B,
0x218B,0x116B,0x218C,0x216B,0x092A,0x094B,0x216B,0x31AC,0x31AC,0x318C,0x318B,0x318B,0x318B,0x39AB,0x31CB,0x31AB,
0x39AB,0x318B,0x214A,0x316A,0x398B,0x41CB,0x41EC,0x49AB,0x398B,0x318B,0x318B,0x398B,0x39AC,0x41AB,0x41CC,0x51EB,
0x49AB,0x398B,0x51CA,0x6A0A,0x6A0A,0x722B,0x61CB,0x61EB,0x6A0B,0x6A2B,0x722A,0x61EA,0x61CA,0x7229,0x6A09,0x6A0A,
0x6A0B,0x61EB,0x69EB,0x6A0A,0x722B,0x7A4B,0x7A4B,0x826B,0x720B,0x61CA,0x69EA,0x722A,0x824A,0x824A,0x824A,0x8A4A,
0x824A,0x824A,0x824A,0xB2CA,0xAACA,0xAACA,0xB2C9,0xAAC9,0x8A4A,0x8A0A,0xCBC8,0xFD48,0xFC68,0xFCA9,0xDBCA,0xB32A,
0xDBAA,0xDB69,0xE409,0xE48A,0xBB2B,0xEC6B,0xF50D,0xED0E,0xBC10,0x9371,0x9370,0x9370,0x9370,0x9370,0x8B50,0x8B50,
0x0000,0x0820,0x1060,0x0020,0x0000,0x0000,0x0062,0x0061,0x0880,0x0880,0x0020,0x0020,0x0062,0x0062,0x0061,0x0042,
0x00A4,0x0000,0x0000,0x0000,0x00C4,0x0063,0x0063,0x0063,0x0021,0x0082,0x1081,0x61C2,0x28A0,0x38E1,0x5242,0x0860,
0x0000,0x3180,0x2184,0x00A4,0x0020,0x2125,0x0A4D,0x01EC,0x01EC,0x120D,0x19ED,0x0109,0x0929,0x00C7,0x00A6,0x00C7,
0x00A6,0x00A6,0x00A6,0x00A6,0x00C6,0x0129,0x016A,0x11CB,0x11CC,0x0109,0x0109,0x21EC,0x2A6E,0x224E,0x2A6E,0x096B,
0x0109,0x00E8,0x0108,0x00E7,0x0108,0x094B,0x0109,0x00E8,0x00E8,0x0129,0x00E8,0x00C7,0x00E8,0x0129,0x014A,0x018B,
0x19AC,0x19AC,0x19AC,0x096B,0x016B,0x016A,0x016B,0x19AC,0x19AC,0x118C,0x118C,0x118C,0x19CD,0x09AD,0x018C,0x014B,
0x014B,0x118C,0x118C,0x014A,0x116B,0x218C,0x116C,0x098C,0x02B0,0x098C,0x096B,0x014B,0x09AC,0x1A2F,0x1230,0x1357,
0x553E,0x0AB5,0x1231,0x11CE,0x220F,0x222F,0x0A2E,0x014B,0x016B,0x096B,0x21AC,0x21AB,0x632D,0x8C2E,0x322C,0x11AC,
0x018C,0x016C,0x012B,0x016C,0x020F,0x018D,0x010A,0x010A,0x012B,0x016C,0x018E,0x018F,0x0231,0x02D4,0x0335,0x02D5,
0x0274,0x01F0,0x0108,0x0232,0x09F0,0xAB2E,0x4A4E,0x3883,0x320D,0x096B,0x53B3,0x4963,0x1820,0x60A3,0x3081,0x9A25,
0x59A5,0x2880,0x41E8,0x21EE,0x28C4,0x70E5,0x196E,0x5145,0x51A8,0x2A4F,0x01D0,0x1A2E,0x0212,0x0252,0x02D3,0x0314,
0x0AF4,0x0A72,0x09D0,0x11AF,0x09AE,0x018D,0x096C,0x116D,0x096D,0x0250,0x0AD3,0x09F0,0x016D,0x018C,0x016C,0x11CD,
0x21CD,0x5AED,0x83EE,0x320D,0x198C,0x096C,0x016B,0x116C,0x11AD,0x0AF2,0x19CE,0x198D,0x11AD,0x19EF,0x1294,0x4D1C,
0x1B57,0x1230,0x19CD,0x198C,0x218C,0x218C,0x198C,0x12F1,0x21AD,0x218C,0x218C,0x218C,0x198C,0x198C,0x114B,0x114B,
0x216B,0x196B,0x218C,0x296B,0x216B,0x216B,0x39AB,0x39CC,0x31AC,0x41AB,0x41AB,0x41AB,0x49CB,0x41CB,0x39CB,0x39CB,
0x41CB,0x39AB,0x398B,0x418B,0x41AB,0x5A0C,0x49EC,0x41AC,0x398B,0x39AB,0x39AB,0x41AC,0x49CC,0x49CC,0x49CC,0x49AB,
0x41AB,0x418B,0x418A,0x51CA,0x59EA,0x8A6B,0x7A4B,0x59CB,0x59CA,0x61EA,0x7A4A,0x7A4A,0x7A2A,0x7A2A,0x722A,0x6A0B,
0x720B,0x7A2A,0x824A,0x8A6B,0x8A6B,0x824B,0x824B,0x8A6B,0x8A4B,0x824B,0x8A4A,0x8A6A,0xA2AA,0xAAA9,0x924A,0xA28A,
0xA2AA,0xA28A,0xBAC9,0xE3E8,0xEBC8,0xF448,0xE409,0xD368,0xC2C8,0xCB09,0xC34A,0xC3AA,0xC409,0xB34A,0xC3AA,0xE4AA,
0xFDAB,0xFE89,0xFE4A,0xE50C,0xE4ED,0xE4ED,0xD4AE,0xBC10,0xABD1,0xABF0,0xABD0,0xABD0,0x9B70,0x9B90,0xB3D0,0xBBCF,
0x0041,0x0021,0x0041,0x0020,0x0000,0x0021,0x0041,0x0041,0x0000,0x00C3,0x1185,0x2120,0x08A0,0x00C0,0x0182,0x1203,
0x0141,0x0040,0x0000,0x0020,0x0021,0x0000,0x0041,0x08A2,0x0902,0x0080,0x2901,0xA304,0x61C1,0x20A0,0x69C2,0x1860,
0x0840,0x2900,0x0040,0x0040,0x0020,0x3080,0x2A8C,0x026F,0x0A2C,0x01EC,0x09CC,0x19CC,0x2A2E,0x220D,0x016A,0x016B,
0x0929,0x08E7,0x00A6,0x00C6,0x00E7,0x0108,0x0108,0x0129,0x0129,0x014A,0x114A,0x29AB,0x2A0C,0x222D,0x19CC,0x21ED,
0x21ED,0x012A,0x118B,0x0109,0x00E8,0x198C,0x116B,0x0109,0x00C8,0x00C8,0x00C8,0x00C7,0x00A7,0x00C8,0x00E9,0x016B,
0x014A,0x092A,0x198C,0x21CD,0x198C,0x198B,0x118C,0x098C,0x19AC,0x21AD,0x21CD,0x21AD,0x21CD,0x29EE,0x19CD,0x11CD,
0x098C,0x19AD,0x29CD,0x29CD,0x29CD,0x29CD,0x29CD,0x218C,0x1A0E,0x22B1,0x21AD,0x016B,0x012A,0x19CD,0x2A2F,0x2294,
0x4C7D,0x54FD,0x0A75,0x018D,0x016C,0x014B,0x0A0F,0x0A70,0x016C,0x016C,0x098C,0x19AC,0x218C,0x5AED,0x944F,0x4A6D,
0x21CD,0x11CD,0x016C,0x016C,0x014B,0x01AE,0x01EE,0x016C,0x094C,0x016C,0x016D,0x09AE,0x11CF,0x19D0,0x1252,0x0AD3,
0x1B56,0x22B2,0x19EC,0x1B58,0x3A0E,0x80E5,0x2906,0x21CE,0x4127,0x38A3,0x522A,0x10A3,0x1021,0x8881,0x4882,0x8BAC,
0x3144,0x1082,0x6121,0x622C,0x4929,0x7165,0x632F,0x71E5,0x31EB,0x2376,0x3374,0x4B30,0x2BD7,0x1355,0x12F4,0x1252,
0x09AF,0x016D,0x09AE,0x19CE,0x19CE,0x198E,0x218E,0x2A30,0x1291,0x01EE,0x016D,0x096D,0x118D,0x198D,0x19AE,0x320F,
0x7B8E,0x83CE,0x31ED,0x198D,0x096C,0x116D,0x196D,0x198D,0x12B1,0x09EF,0x198E,0x21EF,0x3231,0x22B6,0x54FD,0x3C1A,
0x2252,0x322F,0x31EE,0x29CD,0x29AC,0x298C,0x22B0,0x324F,0x39AD,0x39CD,0x31AC,0x31AC,0x318C,0x296B,0x196B,0x218B,
0x31AC,0x39AC,0x39CC,0x39AC,0x318C,0x41AC,0x59EC,0x5A0C,0x5A0C,0x6A2C,0x51EC,0x49CC,0x41CC,0x41CC,0x49EC,0x51EB,
0x51EC,0x49EC,0x51EC,0x51EC,0x49CC,0x49EC,0x41CC,0x39AC,0x49CC,0x51EC,0x620C,0x6A2C,0x6A2B,0x722C,0x6A0C,0x51CC,
0x49AC,0x51AB,0x49AB,0x51CB,0x49AB,0x7A4B,0x928B,0x7A2A,0x720A,0x6A0B,0x7A2B,0x7A2B,0x826B,0x928B,0x822A,0x926A,
0xA2AB,0xAACB,0x9AAA,0x928A,0x8A4A,0x824B,0x8A4A,0x926A,0xA2AB,0xAACA,0xAACA,0xB2EA,0xC32A,0xAAA9,0xBB09,0xE468,
0xDBC9,0xDB48,0xFD08,0xFDC6,0xFE26,0xF547,0xDBA8,0xE3C8,0xFCE8,0xE3A9,0xA24A,0xCBCA,0xCBCA,0xAAAB,0xDC0C,0xDC6E,
0xCC2F,0xDCCE,0xD48F,0xBBF0,0xB3F0,0xBBF0,0xBC11,0xC451,0xC451,0xC430,0xB3B0,0xA390,0x7AEF,0x82EF,0x92ED,0x92AC,
0x0000,0x0000,0x0000,0x0000,0x0000,0x0082,0x0020,0x0040,0x0082,0x0105,0x00C4,0x08C1,0x0923,0x0983,0x0123,0x7302,
0x4200,0x0140,0x00E0,0x0080,0x0020,0x0040,0x0000,0x08C2,0x1163,0x00C2,0x3102,0x69A2,0x5181,0x18A0,0x38E0,0x38E0,
0x0840,0x1040,0x0000,0x10A0,0x1080,0x2080,0x49E5,0x0969,0x2A8F,0x1A4E,0x120D,0x222E,0x2A2E,0x1A0D,0x11CB,0x19CC,
0x118B,0x198B,0x0149,0x0108,0x00E8,0x00E7,0x00C6,0x00C7,0x00E8,0x0129,0x198B,0x39AB,0x31CB,0x29CB,0x00E8,0x116B,
0x322F,0x3A0E,0x29CD,0x114B,0x00C7,0x194B,0x420E,0x118C,0x21AC,0x422E,0x08E8,0x00A7,0x00C8,0x00C8,0x00C8,0x0109,
0x012A,0x0109,0x0909,0x218B,0x29CD,0x320E,0x320D,0x324D,0x29ED,0x116B,0x19AC,0x31ED,0x31ED,0x320E,0x118C,0x19AC,
0x19CC,0x21AD,0x21AD,0x21CD,0x118C,0x096B,0x19AC,0x29AC,0x31CD,0x2B12,0x2AD2,0x116B,0x096A,0x096B,0x21ED,0x3270,
0x32D5,0x5CFE,0x447D,0x2AD5,0x2A51,0x19EE,0x2A0F,0x2270,0x3313,0x29EF,0x014C,0x098C,0x21AD,0x218C,0x52AD,0x942F,
0x52AE,0x21AE,0x11AD,0x09AD,0x01AD,0x018D,0x01AD,0x0A30,0x0A0F,0x01AD,0x09AD,0x018D,0x018D,0x09AE,0x19EF,0x19AC,
0x2A2E,0x218A,0x19CA,0x4396,0xABD3,0x8000,0x2905,0x3A0E,0x0821,0x2020,0x4126,0x328F,0x08A5,0x7105,0x21CF,0x7B49,
0x4A08,0x4185,0x5921,0x4925,0x4A2B,0xD5D2,0xFEF2,0xF4ED,0x6414,0x33B7,0x2AD0,0x31EA,0x0A93,0x09F0,0x09D0,0x11F0,
0x11CE,0x118D,0x016C,0x096D,0x19AE,0x2230,0x32D3,0x2292,0x19AF,0x096D,0x018D,0x11AE,0x21CE,0x29AE,0x424F,0x83F0,
0x736F,0x31CE,0x198D,0x096C,0x014C,0x116D,0x21AE,0x2AD2,0x2A10,0x196D,0x19AE,0x3A50,0x3295,0x5CDD,0x64DD,0x3295,
0x3A50,0x3A2F,0x21EE,0x29CE,0x318C,0x19EE,0x2270,0x39CD,0x420E,0x41ED,0x41ED,0x41CC,0x41CC,0x41CD,0x41CD,0x39CD,
0x49CD,0x624D,0x522E,0x39CD,0x398C,0x61CB,0x620C,0x7A4C,0x6A4C,0x520D,0x5A4D,0x5A4D,0x522D,0x5A2D,0x624D,0x6A4C,
0x520C,0x318B,0x49CB,0x51CB,0x51CC,0x5A2C,0x5A2D,0x624D,0x624D,0x724D,0x8A6C,0x824B,0x7A2B,0x826B,0x6A2C,0x6A0C,
0x820B,0x822B,0x7A2B,0x720B,0x59CB,0x6A0B,0x8A6B,0x9AAB,0x7A4C,0x722B,0x722B,0x7A4B,0x824B,0x826B,0xC309,0xCB49,
0xB30A,0xAAEB,0xAAEB,0x926A,0xAAEA,0xA28A,0xA2AA,0x926A,0x926A,0xB2CA,0xBAE9,0xD3AA,0xC30A,0xB2C9,0xC2E9,0xF4A7,
0xE387,0xEC08,0xFDE9,0xFE49,0xF5EB,0xED0B,0xED4C,0xFEAB,0xFDC9,0xECE9,0xF56B,0xFF0C,0xFDAB,0xF4ED,0xE4AF,0xE4AF,
0xDC6F,0xD410,0xD450,0xDCAF,0xD490,0xCC50,0xC3CF,0xAB6F,0xECEF,0xDC90,0xC430,0xA36F,0x724D,0x826D,0x824D,0x724D,
0x0021,0x0021,0x0000,0x0000,0x0062,0x00C3,0x0061,0x00C4,0x0042,0x0020,0x0020,0x0145,0x0104,0x0062,0x0042,0x18C1,
0x61E1,0x3141,0x3941,0x08A0,0x0060,0x0020,0x0000,0x0041,0x0063,0x0064,0x1862,0x69C2,0x9244,0x7182,0x7A21,0x59A0,
0x0000,0x0840,0x0000,0x28A0,0x4100,0x28A0,0x40E0,0x0000,0x3A0A,0x3AF0,0x326E,0x326D,0x3A6D,0x2A6D,0x3A6E,0x3A6E,
0x428D,0x324D,0x19EC,0x11CB,0x09AB,0x11AB,0x198A,0x1129,0x0108,0x00E8,0x0108,0x0108,0x1129,0x298B,0x094B,0x194B,
0x218B,0x31AC,0x218C,0x39ED,0x114A,0x196B,0x31CD,0x094B,0x012A,0x6A8F,0x72D0,0x114A,0x0109,0x08E8,0x00C7,0x00C8,
0x0109,0x0109,0x112A,0x214A,0x090A,0x19CD,0x3A6E,0x3A4E,0x322E,0x21AC,0x21AC,0x322E,0x326F,0x324F,0x2A2E,0x2A0E,
0x3A2E,0x3A0E,0x21CD,0x320E,0x21ED,0x21ED,0x21EE,0x31EE,0x39ED,0x29CC,0x2290,0x19AD,0x118C,0x3A4F,0x19ED,0x014B,
0x3271,0x1295,0x655E,0x3C1C,0x2AD6,0x42D3,0x42B2,0x4A91,0x4B34,0x2A92,0x010A,0x012A,0x19AD,0x29EE,0x29CE,0x426F,
0x7BF0,0x6B50,0x3A0F,0x31EF,0x19CE,0x016C,0x014C,0x096C,0x11CF,0x1210,0x1A10,0x19EF,0x09AE,0x098E,0x1A0F,0x2A50,
0x3290,0x2988,0x28E4,0x4253,0x79AF,0x6020,0x3146,0x3188,0x1906,0x0020,0x40A3,0x4A6E,0x2106,0x3107,0x294C,0x6922,
0x4924,0x8A44,0x1906,0x21AC,0x73D0,0xFF37,0xF5EF,0xF50E,0xD4D0,0x0A32,0x010A,0x31C9,0x2252,0x1A51,0x1A10,0x11CE,
0x11AE,0x21AE,0x29CE,0x1230,0x12B2,0x1A72,0x2211,0x19AF,0x118E,0x118D,0x098D,0x198E,0x218E,0x5ACF,0x7BD0,0x52AF,
0x218E,0x198D,0x014C,0x014C,0x012C,0x018E,0x1272,0x2A12,0x21D0,0x09B0,0x19F1,0x11F3,0x2358,0x4C7C,0x2A95,0x4272,
0x3A50,0x29EF,0x21AD,0x318D,0x39EE,0x11CF,0x198D,0x218D,0x520D,0x5A2E,0x4A2E,0x524E,0x5A2D,0x49ED,0x41CD,0x31AD,
0x41ED,0x420D,0x39ED,0x520D,0x520D,0x5A2E,0x4A0E,0x6A4E,0x624D,0x622D,0x724D,0x7A8D,0x726D,0x6A6D,0x626E,0x6A6D,
0x5A0C,0x5A0C,0x6A2C,0x724C,0x724C,0x724C,0x622C,0x620C,0x722B,0x722C,0x722C,0x6A2C,0x722B,0x722C,0x724C,0x7A2C,
0x8A4B,0x7A4B,0x722C,0x8A8B,0xAA8A,0x8A4B,0x7A4B,0x8A8B,0x826B,0x826B,0x824B,0x8A6B,0x8A6B,0x9AAB,0xA2CA,0x8A4A,
0x8A4A,0x8A2A,0x9A4A,0xAAAA,0xC32A,0xB2CA,0xBAEA,0xC2E9,0xB289,0xC309,0xCB09,0xCAE9,0xDB28,0xF409,0xEC49,0xFDAB,
0xFD4A,0xFE8D,0xFE6E,0xFE2E,0xF4AD,0xF4AD,0xF4CE,0xFE4F,0xFEAF,0xFE4E,0xF58E,0xF58C,0xFE6E,0xFE6F,0xFDCF,0xE48F,
0xE4EF,0xF52F,0xECF0,0xE4AF,0xDC6F,0xA32E,0x92AD,0x9AED,0xC3AD,0xAB4E,0xAB2E,0x92CE,0x8AAE,0x8AAE,0x828D,0x7A6D,
0x0021,0x0000,0x0000,0x0000,0x0061,0x0020,0x00E4,0x0082,0x0021,0x0061,0x00C4,0x0125,0x0000,0x0021,0x0042,0x0020,
0x0020,0x0000,0x4143,0x61E3,0x2161,0x0080,0x0020,0x0020,0x0000,0x0021,0x0000,0x4942,0x8223,0xAA64,0x7182,0x4900,
0x30C0,0x0020,0x0000,0x2060,0x5961,0x2080,0x5121,0x1860,0x28E3,0x428E,0x4AEF,0x42AF,0x3A8E,0x326D,0x2A2D,0x2A0C,
0x3A4D,0x4A6D,0x526D,0x528D,0x424D,0x424D,0x526E,0x3A0C,0x21AB,0x196A,0x31AB,0x29AB,0x198B,0x196B,0x0909,0x0909,
0x294A,0x398C,0x39ED,0x4A2E,0x31ED,0x29ED,0x4A2E,0x3A0E,0x4A0D,0x626F,0x7AF1,0x3A2E,0x114B,0x218C,0x00C8,0x00E8,
0x00E8,0x0109,0x012A,0x216B,0x296B,0x196B,0x3A2E,0x426F,0x3A4E,0x426E,0x3A2E,0x3A2E,0x324E,0x324F,0x3A6F,0x3A6F,
0x4A8F,0x4A8F,0x4270,0x3A4F,0x3A2F,0x426F,0x4A6F,0x424F,0x3A2E,0x29CD,0x29CC,0x2A6F,0x19CD,0x322E,0x324F,0x19EE,
0x2A50,0x32B3,0x4BFA,0x657F,0x33FC,0x4B77,0x32B2,0x3292,0x1A10,0x2AB2,0x1A71,0x118D,0x11AD,0x220F,0x11CE,0x3A2F,
0x422F,0x83B1,0x8C12,0x5290,0x31EF,0x21AD,0x098D,0x018D,0x19AE,0x21CE,0x19EF,0x1251,0x1A51,0x2A51,0x3271,0x326F,
0x326F,0xA492,0x82A7,0x420D,0x30A4,0x28E7,0x0862,0x31AB,0x3A2F,0x10A3,0x2926,0x30E5,0x40C5,0x3104,0x3820,0x5020,
0x3986,0x28A2,0x1082,0x424C,0x9CF5,0xFF9A,0xEDB0,0xECAD,0xFD90,0x5B51,0x098F,0x5ACD,0x31EF,0x21CF,0x21AF,0x19CF,
0x0A10,0x0A51,0x1AD2,0x2271,0x21CF,0x198E,0x098E,0x098E,0x118D,0x31CE,0x31AE,0x424F,0x7BD2,0x7BB1,0x4230,0x21AF,
0x21AE,0x198E,0x118E,0x094D,0x01CF,0x0251,0x09AF,0x098E,0x11AF,0x2A12,0x2215,0x2B3A,0x445D,0x0A15,0x11D0,0x2A10,
0x118D,0x014C,0x092B,0x194C,0x3AD2,0x4270,0x424F,0x196C,0x216C,0x298C,0x422E,0x420E,0x39AC,0x51EC,0x722D,0x622D,
0x520D,0x59ED,0x824D,0x722D,0x49ED,0x218D,0x298D,0x626F,0x72AF,0x82AE,0x8A8E,0x7A8D,0x726D,0x6A4E,0x6A4E,0x726D,
0x7A8D,0x828D,0x828D,0x826C,0xAAAC,0x9ACC,0x928C,0x7A4C,0x6A2C,0x724C,0x724C,0x724C,0x722C,0x7A6C,0x8A8D,0x826C,
0x828C,0x828C,0x92AC,0x9AAB,0x9AAB,0x9AAB,0x8A6B,0xAB0A,0xE449,0xCB69,0xCB69,0xBAC9,0x9229,0xA28A,0xB2EA,0xBAEA,
0xC2EA,0xBAA9,0xDBA8,0xDBA9,0xCB29,0xDBA9,0xEC6A,0xF4E9,0xF4C9,0xD369,0xC2C9,0xE408,0xFE8B,0xFE0C,0xFEED,0xFEED,
0xFECD,0xFDAD,0xFD6D,0xFD8E,0xFDAE,0xFD8E,0xFD6D,0xFD2D,0xE3EC,0xCB0B,0xC2EB,0xE48D,0xF4AC,0xDBEC,0xCB8D,0xCBAD,
0xE4AD,0xED2D,0xE46E,0xC34D,0xAAEC,0xA2CC,0x9ACD,0xA2ED,0x928D,0x928D,0x8A8D,0x92AD,0x92AD,0x8AAD,0x8AAE,0x92AD,
0x0000,0x0000,0x0041,0x00A3,0x0081,0x0081,0x0020,0x0000,0x0925,0x0145,0x0062,0x0041,0x0000,0x0000,0x0000,0x0000,
0x0000,0x0063,0x39A7,0x4965,0x5181,0x1080,0x0020,0x0000,0x0021,0x0041,0x0020,0x0820,0x1040,0x28A0,0x9245,0x9224,
0x8A02,0x4100,0x2080,0x1060,0x2080,0x40E0,0x6121,0x2080,0x0000,0x524B,0x4AAE,0x3A8E,0x328E,0x324D,0x2A0C,0x2A0C,
0x320C,0x3A0C,0x4A4D,0x526D,0x3A2C,0x4A4C,0x628D,0x62AE,0x5A8E,0x4A4D,0x4A6D,0x526E,0x526E,0x528E,0x4A4E,0x422D,
0x31AB,0x298B,0x31CC,0x4A2D,0x524E,0x6ACF,0x7AF0,0x72D0,0x7AD0,0x82F0,0x6A6F,0x526F,0x524F,0x3A0E,0x29CC,0x3A0D,
0x29CC,0x218B,0x218B,0x194B,0x114B,0x194B,0x39AC,0x29CD,0x012A,0x422D,0x528F,0x4A6E,0x4A6E,0x424E,0x4A6F,0x4A6F,
0x52AF,0x52AF,0x4A8F,0x4A8F,0x4A6F,0x4A6F,0x4A6F,0x426F,0x426E,0x424E,0x526F,0x5B11,0x4B31,0x4A8F,0x52B0,0x52F1,
0x5B11,0x6373,0x63B7,0x8D3D,0xA67F,0x647C,0x4B36,0x19EF,0x11CE,0x2A0F,0x32B2,0x6BD6,0x3A71,0x11AD,0x018D,0x11AD,
0x526F,0x5A70,0x8BB2,0xA495,0x7BB5,0x5A71,0x29EF,0x09CE,0x11CE,0x21CE,0x31EF,0x4230,0x3A51,0x3AD2,0x2A6F,0x326F,
0x29ED,0xCD30,0x82C8,0x18E7,0x18A3,0x218B,0x20E5,0x3989,0x3A4F,0x10C4,0x18C4,0x00A4,0x30C5,0x58E5,0x48C4,0x4840,
0x526A,0x1082,0x0840,0x28E4,0x8BEE,0xFFBC,0xDDB3,0xE550,0xFE13,0x9433,0x29F0,0x4A29,0x4291,0x2AB3,0x3334,0x3B34,
0x32D3,0x2A31,0x31EF,0x29AE,0x21AE,0x29EF,0x29EF,0x29EF,0x31F0,0x4211,0x7374,0xACD5,0x7392,0x4210,0x29CF,0x11AE,
0x118E,0x116E,0x196E,0x1210,0x0231,0x016E,0x018F,0x09D1,0x11F2,0x2A16,0x537C,0x5C7E,0x1A36,0x19D0,0x198F,0x198E,
0x198D,0x198D,0x196C,0x396C,0x298D,0x31EE,0x298C,0x214B,0x112B,0x194C,0x216C,0x216C,0x51CC,0x6A0D,0x8A8D,0x7A8E,
0x828E,0x7A4D,0x6A0D,0x39AD,0x318D,0x194C,0x214C,0x61ED,0x7A8E,0x620E,0x398C,0x720B,0x928C,0x724E,0x7A6E,0x828D,
0x92AD,0x92CE,0x9ACD,0xAAED,0x9ACD,0x92AD,0x9AAC,0x8A8D,0x7A6D,0x828D,0x828D,0x8AAD,0x9ACC,0xA2CB,0xA2CC,0x9ACD,
0x9AAC,0xA2EC,0xB32C,0xB30B,0xB30C,0xBAEC,0xC2EC,0xCB0A,0xFD08,0xFD08,0xFD88,0xF529,0xE469,0xEC8A,0xDB69,0xF4CB,
0xFDEB,0xFE2B,0xFE0B,0xDBA9,0xCB0A,0xCB09,0xD349,0xDB88,0xDB68,0xDB48,0xF489,0xFDEB,0xFCEA,0xEB48,0xF469,0xFD6B,
0xFD2B,0xE329,0xE40B,0xF4CB,0xF4EB,0xFDAC,0xF4EC,0xF4EB,0xE3EA,0xDB8A,0xDB8B,0xDB8B,0xE40B,0xE3CB,0xDBEC,0xDBCC,
0xC32C,0xC32C,0xB2EC,0xB2EC,0xAACC,0xA2CC,0xA2CC,0xA2CC,0xA2AC,0xA2CD,0xA2ED,0xA30D,0xA2ED,0xA2CD,0xB32D,0xC32D,
0x0021,0x0021,0x0021,0x0040,0x0020,0x0061,0x0000,0x00A3,0x0105,0x0062,0x0000,0x0000,0x0000,0x0000,0x0000,0x0020,
0x0021,0x0064,0x3124,0x3945,0x20C2,0x2144,0x00C3,0x00A2,0x0021,0x0000,0x0000,0x0000,0x1040,0x4102,0x8A24,0xA266,
0xAAA6,0x4920,0x30C0,0x4100,0x1860,0x28A0,0x30A0,0x2880,0x0800,0x51A6,0x18C4,0x31A8,0x52EF,0x4A8D,0x4AAD,0x4A8D,
0x424C,0x424C,0x424C,0x422C,0x422C,0x4A4C,0x526D,0x62AD,0x5A6D,0x526D,0x526D,0x4A4D,0x524D,0x524D,0x5A4D,0x5A8E,
0x62AF,0x62B0,0x5A8F,0x5A8E,0x5A6E,0x5A6E,0x7ACF,0x8AF0,0x9B10,0x8AEF,0xB370,0x930F,0x5A8F,0x628E,0x528E,0x5AAF,
0x52AF,0x528F,0x62AF,0x528E,0x31ED,0x4A2D,0x422D,0x320D,0x21CC,0x31CC,0x4A4E,0x52CF,0x5A8E,0x5A6E,0x5A6E,0x5A6E,
0x526E,0x5A8F,0x526E,0x5AAF,0x5AAF,0x5AD0,0x4A8F,0x2A0D,0x29ED,0x39EC,0x5A8E,0x62D0,0x6331,0x6372,0x62CF,0x62F0,
0x6B31,0x7372,0x83F5,0x8418,0x9D7D,0xA63F,0x8CBB,0x8417,0x7375,0x5B13,0x6B12,0x7BD5,0x5BF7,0x5313,0x62F1,0x322F,
0x11AD,0x62D1,0x6AB1,0x7312,0x7C36,0x43D7,0x4AD3,0x5A50,0x522F,0x11CE,0x1210,0x3A50,0x4250,0x5251,0x21ED,0x222D,
0x216A,0x3944,0x28C1,0x2906,0x20A3,0x20A4,0x520C,0x41A9,0x18C4,0x2125,0x3188,0x0841,0x1862,0x7061,0x4061,0x4000,
0x30A3,0x10A3,0x0841,0x2881,0x71E4,0xFFBC,0xF718,0xF614,0xFE34,0xA452,0x420F,0x526A,0x5333,0x3292,0x2A50,0x31F0,
0x39CF,0x39EF,0x31EF,0x31EF,0x4A51,0x5A72,0x5A52,0x6293,0x5B36,0x43B8,0x5356,0x5A91,0x4210,0x420F,0x29CF,0x118F,
0x096E,0x018F,0x1AB3,0x1232,0x118F,0x19B0,0x19D2,0x1214,0x2A38,0x535C,0x6CDF,0x3AB8,0x31F1,0x29CF,0x218E,0x29AE,
0x41CE,0x196D,0x39AD,0x318D,0x194C,0x192B,0x192B,0x214C,0x318D,0x41AD,0x41AD,0x49CD,0x5A2E,0x624E,0x49ED,0x39AD,
0x41CE,0x41AD,0x318C,0x298D,0x49CD,0x296D,0x314C,0x418C,0x316C,0x214C,0x41AC,0x720C,0x61EB,0x926B,0xA28C,0x722C,
0x9A8C,0xA2CD,0x9ACD,0x92CD,0x92CD,0xBB2C,0xA2CC,0x8AAD,0x9ACD,0xAB0D,0xA2CD,0x9AAD,0xA2CD,0xB30C,0xAAEC,0x9A8C,
0xCB6A,0xD3AC,0xB2CC,0xC2EB,0xE3C9,0xF429,0xF40A,0xF4CB,0xEC4B,0xF54A,0xFE2C,0xFDAE,0xFDCE,0xFD4C,0xF48B,0xEC4B,
0xEBEA,0xEC2A,0xF44A,0xE349,0xEB89,0xF369,0xF388,0xF388,0xF3A8,0xFBE7,0xFBE7,0xFBE7,0xFBC7,0xFBC8,0xFBC7,0xFC48,
0xFBE8,0xF389,0xEB49,0xF428,0xF489,0xE3A9,0xE32A,0xEC6A,0xFD0B,0xF44B,0xEC6B,0xEC8C,0xDB4B,0xDB4A,0xCB0B,0xC2EB,
0xC2EB,0xC2EB,0xC30C,0xBB0C,0xC32C,0xBB0C,0xBB0C,0xBACC,0xC32B,0xBB2C,0xBB6C,0xCB6C,0xCB8C,0xE44B,0xD36B,0xC32C,
0x0020,0x0000,0x0021,0x0062,0x0041,0x0000,0x0083,0x00A3,0x0041,0x0020,0x0000,0x0000,0x0000,0x0000,0x0041,0x0083,
0x0000,0x0000,0x1082,0x4986,0x4186,0x0042,0x0082,0x0145,0x0082,0x0000,0x0020,0x0000,0x0000,0x6163,0x4922,0x5942,
0x5963,0x5142,0x5941,0x4100,0x5140,0x30C0,0x2880,0x0000,0x0800,0x30C1,0x1020,0x4166,0x6351,0x5AEF,0x5ACE,0x52AE,
0x5ACD,0x528C,0x526C,0x5A8D,0x526C,0x526C,0x524C,0x524C,0x526C,0x628D,0x5A8D,0x5A6D,0x5A8E,0x628E,0x628E,0x5A8E,
0x39CB,0x3189,0x524D,0x62D0,0x5A6E,0x41ED,0x41ED,0x39ED,0x520D,0x4A0D,0x726E,0x8ACD,0x9B0F,0x9B2F,0x72EE,0x72CF,
0x730F,0x6AEF,0x62CF,0x62CF,0x62EF,0x62EF,0x62EF,0x62EF,0x6AEF,0x62CF,0x5AAF,0x5AAF,0x628E,0x628E,0x628E,0x62CF,
0x62AF,0x62AF,0x5AAF,0x62CF,0x6AF0,0x62F0,0x62CF,0x6AEF,0x6B10,0x6B10,0x62AF,0x5A6E,0x6A8E,0x6B10,0x7351,0x6AD0,
0x4A6F,0x5AD0,0x3270,0x6353,0x5B36,0x951C,0x8DBF,0x84DD,0x9479,0x42F4,0x5B33,0x7B93,0x7394,0x74B8,0x8456,0x7B12,
0x2A0F,0x21EE,0x4A90,0x5AD1,0x7332,0x6374,0x5C17,0x7C77,0x8BD5,0x62B1,0x4A50,0x4A2F,0x4250,0x5A92,0x31EC,0x29CB,
0x31AA,0x0000,0x1021,0x3946,0x18A3,0x4904,0x51EB,0x2147,0x1082,0x3187,0x2966,0x0041,0x1062,0x4042,0x28A3,0x1820,
0x1083,0x10A3,0x1083,0x426D,0x5900,0xD5B3,0xFFFE,0xF634,0xFE96,0x62CD,0x3A32,0x62CE,0x5A8F,0x31AF,0x29CF,0x21CF,
0x3210,0x3A30,0x3210,0x5272,0x62D4,0x5357,0x5BF9,0x9D3D,0x8CBC,0x52B5,0x3A12,0x3A12,0x31F0,0x4210,0x5A51,0x5A31,
0x4A93,0x4376,0x52D5,0x31F1,0x19D1,0x4A12,0x6275,0x4A59,0x6BDD,0x7CFF,0x5B1A,0x72B4,0x82D2,0x72B1,0x626F,0x7A4E,
0x49CD,0x318C,0x59AC,0x61ED,0x61CD,0x61ED,0x59CC,0x59CC,0x59ED,0x620D,0x61ED,0x722D,0xA28D,0x7A8E,0x5A4E,0x5A4F,
0x7A6E,0x7A2D,0x318C,0x316C,0x398C,0x396C,0x398C,0x398C,0x41AC,0x51AC,0x498C,0x418B,0x59CC,0xC2CA,0xEB69,0xD36B,
0xCB4D,0xC36D,0xB32C,0x92AD,0x9AED,0xB32D,0xA30D,0xBB2D,0xA2CD,0x9AAD,0xAACC,0xB2CC,0xA2AC,0xC34C,0xA28C,0xBB0B,
0xE3C9,0xEBEA,0xD36A,0xDBA9,0xE3C9,0xFCEA,0xFDEB,0xF50C,0xF4AE,0xF4AE,0xF48D,0xFD4D,0xF50D,0xEBCB,0xF40B,0xF3CA,
0xF42A,0xF409,0xF3C8,0xF388,0xFBA8,0xFC08,0xFC87,0xFC47,0xFCA7,0xFC67,0xFC67,0xFCC7,0xFD27,0xFCA7,0xFC66,0xFC87,
0xFC27,0xFC28,0xFC88,0xFCE9,0xFC69,0xFC69,0xFC69,0xFC6A,0xFBEA,0xFBCA,0xF3AA,0xEB6A,0xE36A,0xE34A,0xE32B,0xDB2B,
0xD32B,0xD34B,0xDB8B,0xD36B,0xCB2C,0xC30B,0xBAAB,0xC2AB,0xCB0B,0xC30B,0xCB2B,0xEC0B,0xFCAA,0xFC89,0xFC6A,0xFC8A,
0x0000,0x0000,0x0041,0x0082,0x0000,0x0000,0x00C4,0x0062,0x0000,0x0000,0x0000,0x0000,0x0000,0x0000,0x0041,0x00A3,
0x0061,0x0082,0x0020,0x1082,0x3103,0x38E1,0x1860,0x00C4,0x00A3,0x2925,0x49A5,0x2082,0x1861,0x40E2,0x5963,0x50E1,
0x0000,0x30C1,0x71C3,0x8203,0x5942,0x2080,0x5161,0x1040,0x0820,0x0820,0x0820,0x20C2,0x2104,0x31E9,0x326E,0x29EB,
0x320A,0x2987,0x18C3,0x526C,0x62AD,0x6ACD,0x62AD,0x62AD,0x62AD,0x5A6C,0x62AD,0x6ACE,0x39A9,0x41A9,0x2106,0x10A5,
0x0002,0x0821,0x1882,0x622A,0x6AD0,0x626F,0x5A4E,0x522E,0x4A0D,0x39CC,0x31AC,0x41ED,0x6A8E,0x728E,0x7AAE,0x7ACE,
0x932F,0x8B2F,0x832F,0x7B2F,0x7B2F,0x7B2F,0x7B2F,0x7B2F,0x7B0F,0x730F,0x7B2F,0x7B2F,0x7B30,0x7B30,0x7B2F,0x7B30,
0x7B30,0x7310,0x730F,0x7B30,0x7B30,0x6ACF,0x62AE,0x7B70,0x7B70,0x7350,0x732F,0x6ACE,0x72EF,0x7B0F,0x7B71,0x6B71,
0x62AF,0x62AF,0x3A4F,0x52B0,0x4AB1,0x4AF4,0x4BB9,0x4CBD,0x749C,0x6377,0x52F4,0x52B2,0x6AF2,0x9BD4,0x9D18,0x9475,
0x8372,0x5290,0x4AB0,0x4A90,0x7331,0x9BD3,0x9BB3,0xA4B7,0x9518,0x5B95,0x83B4,0x7B32,0x8312,0xA393,0x41EB,0x218A,
0x2927,0x2820,0x38C2,0x30E4,0x2000,0x2062,0x28C4,0x2126,0x0863,0x2946,0x30E3,0x2881,0x1925,0x2187,0x1905,0x10C4,
0x4120,0x69C1,0x2060,0x3187,0x3101,0x69E2,0xC574,0xF6B7,0xC555,0x624A,0x6A4D,0x49C9,0x7ACF,0x62D3,0x62B2,0x6291,
0x72F3,0x7B34,0x83B6,0x7C18,0x7CDB,0x853C,0x7459,0x73B8,0x7B36,0x7AF3,0x6AD3,0x6AB2,0x5272,0x5231,0x5A72,0x6B95,
0x7375,0x6AB5,0x6A94,0x3A32,0x19F2,0x4A75,0x9B9B,0xB55F,0xADBF,0x8BFB,0x9335,0x82F2,0x8AF1,0x92F0,0x92F0,0x92EF,
0x92EF,0xA2EE,0xA2AD,0x9AAE,0x826E,0x92CE,0xAAEE,0xCACC,0xBA8B,0xA2AC,0x92AD,0xBB0D,0xFB6C,0xDB2D,0x9AEE,0xAAED,
0xE32D,0x92AD,0x51CD,0x39AD,0x61CC,0x89EA,0x59AB,0x598C,0x71CB,0xCA8A,0xDAEA,0xAA8B,0xBAEC,0xCB6D,0xDBAD,0xCB8D,
0xAB2E,0xCB8D,0xBB6E,0xB34E,0xB34E,0xB36E,0xB32D,0x926C,0x8A6C,0x8A4C,0xB2AB,0xBAAB,0xD32B,0xF44A,0xF4AB,0xFD0B,
0xFD6B,0xFCEC,0xF48D,0xFCEC,0xFD0D,0xFCAC,0xF44B,0xF48C,0xF46D,0xF4CE,0xE3EB,0xE38A,0xF3CA,0xF3CA,0xFC0A,0xFC29,
0xFD69,0xFE0A,0xFC08,0xFC07,0xFC27,0xFCA8,0xFD48,0xFD27,0xFD06,0xFCE6,0xFD46,0xFDC7,0xFE69,0xFDC8,0xFE0A,0xFDC8,
0xFDEA,0xFE4A,0xFDE9,0xFDCA,0xFDA9,0xFD49,0xFCC9,0xFC89,0xFC49,0xFC29,0xFBE9,0xFBCA,0xF3CA,0xF3AA,0xF3EA,0xF3EA,
0xEC0A,0xF40A,0xE30A,0xDB2B,0xE38A,0xF3CA,0xE3EB,0xEC4B,0xF4EA,0xFD4B,0xFD8C,0xFE4C,0xFDAC,0xFD2C,0xFD2C,0xFD2C,
0x0000,0x0020,0x0080,0x0040,0x0040,0x0021,0x0040,0x0020,0x0000,0x0000,0x0000,0x0000,0x0061,0x0061,0x0040,0x00C1,
0x0040,0x0040,0x0020,0x0040,0x08A1,0x59C4,0x59C3,0x0882,0x08C4,0x3945,0x5165,0x5984,0x28A1,0x1040,0x2081,0x6163,
0x40E1,0x1041,0x0841,0x4923,0x69A4,0x4921,0x4101,0x5120,0x2080,0x0800,0x0000,0x0000,0x0000,0x18E1,0x0188,0x0129,
0x0107,0x0063,0x0000,0x0107,0x19AA,0x29EB,0x1969,0x422C,0x41C9,0x1063,0x3989,0x2926,0x0001,0x0001,0x0022,0x0022,
0x0022,0x1883,0x28A3,0x5903,0x59E9,0x624C,0x626D,0x9331,0x82D0,0x7ACF,0x7ACF,0x728F,0x6A6E,0x624E,0x6A6E,0x5A4E,
0x5A2E,0x624E,0x6A8E,0x8B2F,0x9B6F,0x9B6F,0x936F,0x8B6F,0x936F,0x936F,0x936F,0x936F,0x8B90,0x8B90,0x8B90,0x9390,
0x936F,0x8B90,0x8BB0,0x8B90,0x8B90,0x8B90,0x8BD0,0x8BD1,0x8BB0,0x8B90,0x93D1,0x93D1,0x8BB0,0x8B90,0x93B1,0x9433,
0x9C53,0xA412,0x9C12,0xA3F2,0xAC32,0xA413,0xAC55,0xBD7B,0xCEDF,0xCE1E,0xBCDA,0xAC36,0xA3D4,0xA3F3,0xA3F3,0xACB5,
0xB557,0xB4B5,0xBC53,0xB453,0xAC33,0xAC12,0xAC13,0xB433,0x9BD3,0x83D4,0xAD58,0xAD58,0xB517,0xCCD7,0x8310,0x10E6,
0x40C1,0x4040,0x8A4A,0xCA6B,0x7040,0x30E3,0x3924,0x1082,0x0000,0x0000,0x1000,0x0800,0x0882,0x3ACD,0x29C9,0x29A8,
0x1860,0x2080,0x1020,0x4901,0x30A1,0x4103,0x5145,0x3103,0x7A47,0x7229,0x51A7,0x3924,0x828D,0x9B74,0x9395,0x8BD6,
0x8418,0x84DB,0x955C,0xA51A,0x9C78,0x9BF6,0x9374,0x9353,0x9332,0x8B12,0x8B33,0x9332,0x8AF2,0x83B5,0x9497,0x9C15,
0xA333,0x9B33,0x9B54,0xA375,0x9358,0x9BFC,0xBDBF,0xC5BF,0xAC3B,0xB3F6,0xAB93,0xA352,0xA330,0x9B10,0x9B0F,0xA32F,
0xAB2F,0xB34F,0xB34F,0xAB2E,0xB32E,0xBB4E,0xB34E,0xB32E,0xC34E,0xC32E,0xC34E,0xC34E,0x9ACE,0x928E,0x724E,0xAAAC,
0x7A2C,0x924B,0x922B,0xAA4B,0xD2AA,0xEB2A,0xCB2B,0xDB2A,0xE36B,0xDB6C,0xE3AD,0xE3EE,0xDBEE,0xD3CE,0xC3AF,0xA2ED,
0x9ACD,0xAACC,0x9A8C,0xB2EB,0xAAEC,0xA2CD,0xAACD,0xB2CB,0xAA8B,0xBACC,0xDB4B,0xDB6B,0xD36B,0xD36B,0xDB8B,0xD34B,
0xDB8C,0xF46B,0xFCEB,0xF48B,0xE40C,0xE38B,0xE36A,0xF42A,0xEBEA,0xEB8A,0xEB69,0xF3A9,0xFBA9,0xFC69,0xFC48,0xFC68,
0xFBE8,0xFBC8,0xFCE9,0xFD49,0xFD28,0xFDA9,0xFDA9,0xFEAB,0xFECC,0xFECC,0xFE8B,0xFF0E,0xFF0D,0xFF0D,0xFF0C,0xFE8A,
0xFE49,0xFDE7,0xFD87,0xFD87,0xFD68,0xFD28,0xFD28,0xFD49,0xFC88,0xFC29,0xFCC9,0xFCE9,0xFC89,0xFBE9,0xFCA9,0xFCC9,
0xFBE9,0xFC49,0xFD0A,0xFCEB,0xFCEA,0xFDCB,0xFE4B,0xFE2C,0xFDEC,0xFCEB,0xFD4C,0xFD2D,0xFD2D,0xFD2D,0xFCED,0xFCCD,
0x0041,0x00A2,0x0081,0x0040,0x0020,0x0020,0x0060,0x0040,0x0000,0x0000,0x0000,0x0000,0x0020,0x0000,0x10A0,0x18C0,
0x0080,0x00C0,0x0080,0x0020,0x0020,0x18A1,0x3922,0x0000,0x0000,0x18A0,0x4122,0x4923,0x2881,0x0000,0x0000,0x1821,
0x40E2,0x40E2,0x0800,0x0000,0x1840,0x38C0,0x5941,0x30A0,0x1840,0x0800,0x0000,0x0000,0x0020,0x1040,0x18E1,0x0905,
0x00C4,0x0000,0x0000,0x00C4,0x0107,0x0084,0x0043,0x0042,0x0000,0x0001,0x0022,0x0001,0x0022,0x0063,0x0063,0x0042,
0x0043,0x0022,0x4924,0x4104,0x28A3,0x0021,0x3968,0x726D,0x726E,0x7AD0,0x522D,0x728E,0x8B10,0x8B10,0x5A2D,0x8ACF,
0xA350,0xA371,0x8331,0x422E,0x7AEE,0x82EE,0xA38F,0xABD0,0xABD0,0xABD0,0xABD0,0xA38F,0x936F,0x936F,0x9BB0,0x9BB0,
0x9BB0,0x9BD0,0xA3F0,0xA3F0,0xA3F0,0xA3F0,0x9BF0,0xA3F0,0xA3D0,0xA3F0,0xA410,0xA410,0x9BD0,0x8B6F,0x8B4F,0x9BD0,
0xA472,0xA472,0xAC52,0xA412,0xA412,0x9BF3,0xA414,0xA456,0xC59B,0xE6FF,0xCE5E,0xC51A,0xC4B7,0xC474,0xCC74,0xA3F3,
0xBC94,0xD5B7,0xC576,0xC4B3,0xBC52,0xBBF1,0x9B90,0x9BF2,0xCCD4,0xD4D3,0xCC73,0xB413,0xC4D5,0xCD37,0xD558,0x830D,
0x3923,0x7269,0xCB70,0xFC8C,0xD1C0,0xA248,0x6A28,0x6208,0x6228,0x3965,0x5206,0x49A4,0x0862,0x328C,0x4B70,0x5B0D,
0x72C7,0x4184,0x2861,0x9208,0xC3B1,0x4945,0x7A49,0x5164,0x9287,0x930E,0xCC55,0x9B90,0x9B6F,0xC53B,0xB59C,0xADBD,
0x9CDB,0x9C38,0x9BD6,0x9B73,0x8B32,0x8B32,0x9372,0x8B32,0x9B52,0xAB92,0xB3B2,0xB435,0xB4B7,0xC4B6,0xC455,0xB3D4,
0xB3B3,0xBB93,0xBBB4,0xC418,0xCCFD,0xDE5F,0xCD3E,0xBBD9,0xC3F5,0xC3D3,0xB351,0xAB30,0xC34F,0xCB6F,0xBB6F,0xC36F,
0xD3AE,0xC36F,0xBB6F,0xC38F,0xC36E,0xB32E,0xBB2E,0xB32E,0xAB2E,0xA2EE,0x8A8D,0x822C,0x9A4C,0x8A4D,0x9A8D,0xB30D,
0xB30D,0xD32C,0xD32C,0xE34B,0xDB8C,0xDC0E,0xE40D,0xE40D,0xE40E,0xDBEE,0xDBEE,0xDBCE,0xAB0D,0xCB2C,0xCB0B,0xBAAB,
0xBAAB,0xD32A,0xC2CB,0xDB4A,0xEB8A,0xE3AB,0xEBAB,0xEB6B,0xDB2B,0xE36A,0xDB4A,0xBACB,0xBAAB,0xCB2B,0xCB0B,0xCB0B,
0xDB6B,0xF3CA,0xEB49,0xEB49,0xDB09,0xE38A,0xF3C9,0xF3A9,0xFCA8,0xFCE8,0xFD09,0xFC29,0xFC89,0xFDCA,0xFDCA,0xFE0A,
0xFDAA,0xFDEA,0xFE8A,0xFEEB,0xFECB,0xFE8A,0xFECC,0xFEEB,0xFEEA,0xFEEA,0xFF0B,0xFF4D,0xFF4D,0xFEEB,0xFECB,0xFEAB,
0xFE6A,0xFE6A,0xFE69,0xFE48,0xFDC8,0xFE0A,0xFD89,0xFD69,0xFD48,0xFCE9,0xFD29,0xFE2A,0xFE0A,0xFDCA,0xFD0A,0xFD4A,
0xFD2A,0xFDCB,0xFE8C,0xFDEB,0xFD4B,0xFD6C,0xFD8B,0xFD4B,0xFD4C,0xFD2C,0xFD2C,0xFD2C,0xFD0C,0xFCEC,0xFCAD,0xEC6D,
0x0020,0x0061,0x0020,0x0000,0x0020,0x0040,0x0000,0x0000,0x0860,0x0860,0x1920,0x1940,0x31C0,0x21E0,0x1A00,0x8C41,
0x5B60,0x2AA0,0x2AA0,0x2200,0x21C0,0x21A0,0x1980,0x1920,0x10E0,0x1940,0x42A0,0x2161,0x00A0,0x0080,0x0080,0x2900,
0x20C0,0x1040,0x3100,0x18E0,0x10A0,0x1060,0x4180,0x39A0,0x2900,0x1860,0x0020,0x0020,0x0000,0x0000,0x1880,0x1060,
0x0020,0x0000,0x0000,0x0820,0x0042,0x0000,0x0000,0x0021,0x0042,0x0063,0x0043,0x0022,0x0043,0x0084,0x0064,0x0043,
0x0064,0x0044,0x3905,0x28E5,0x1083,0x1042,0x0001,0x0000,0x30C5,0x118E,0x014D,0x092B,0x116C,0x094C,0x112B,0x49AC,
0x8AAF,0x5A8F,0x19AD,0x012B,0x012A,0x0909,0x5A0D,0x6A8E,0x420C,0x628D,0x82EE,0xA34F,0x9B4F,0x932F,0x932F,0x8B0F,
0x830F,0x8B2F,0x8B2F,0x8B4F,0x936F,0x936F,0xABCF,0xABF0,0xBC30,0xBC50,0xC450,0xC450,0xB430,0xB430,0xBC51,0xC471,
0xBC50,0xBC92,0xBCB2,0xBC92,0xBC92,0xBC52,0xBC32,0xB413,0xB436,0xD4D9,0xD61D,0xC61E,0xC51B,0xA437,0x8353,0x5292,
0x62D2,0xABF2,0xCCF5,0xCD76,0xC4F5,0x9BB1,0x6AAF,0x39EF,0x6AD0,0xB412,0xABD1,0xBBB0,0xDC31,0xDC72,0xECF4,0xE4B3,
0x51A6,0x930B,0xE42F,0xFF76,0xFDAB,0x9AA9,0x51C6,0xB36C,0x7269,0x51A6,0x4985,0x28E2,0x10E5,0x31C8,0x3209,0x8C30,
0x8308,0x62A8,0x4103,0x81E7,0xBB0D,0x5144,0xAAC8,0x9B0A,0x9AC9,0xA30C,0xE516,0x72AA,0xAC70,0xE5FC,0xCD19,0xC4B8,
0xBBF5,0xBBB4,0xBBD3,0xB3D2,0xA372,0x9B52,0xAB71,0xB371,0xBBB3,0xB455,0xB517,0xA497,0xA3B4,0xB393,0xB3B4,0xBBB3,
0xC3D3,0xCC15,0xD459,0xCD5E,0xD63F,0xD51D,0xCC17,0xCBD4,0xC392,0xBB71,0xBB30,0xBB2F,0xA2CF,0xCB0D,0xC2ED,0xE34E,
0xF3AC,0xB30D,0xC32E,0xCB4D,0xD34D,0xAACD,0xAACD,0xC32E,0xBB2E,0xB30D,0xAACD,0xB2CD,0xD34D,0xCB4D,0xD38D,0xE3AD,
0xDBCE,0xDBAE,0xDBCD,0xEBED,0xEC2D,0xEC0D,0xEC0D,0xE3ED,0xE3AD,0xEBAC,0xF3CC,0xEBAC,0xEBAC,0xEBAD,0xE3AD,0xDB6C,
0xE34B,0xE34B,0xDB6C,0xE36C,0xE36B,0xEB6B,0xF3CB,0xDB4B,0xDB8A,0xF44A,0xF4CB,0xF4CB,0xF4EB,0xFD6B,0xFD0A,0xF4AB,
0xFD6B,0xFCAB,0xF42B,0xFD4A,0xFDAB,0xFDCB,0xFDEB,0xFDCA,0xFE0A,0xFDEA,0xFE4B,0xFE4B,0xFE6B,0xFE0A,0xFE0A,0xFE4A,
0xFE09,0xFE09,0xFDE8,0xFE49,0xFE69,0xFEAA,0xFEEA,0xFF0C,0xFF6F,0xFFB2,0xFFB4,0xFFD7,0xFFF9,0xFFB5,0xFFB4,0xFF91,
0xFF6F,0xFF6F,0xFF90,0xFF6F,0xFEED,0xFF4E,0xFEED,0xFE6C,0xFE8C,0xFE8C,0xFE4B,0xFE8C,0xFE8C,0xFE6B,0xFE6B,0xFE4B,
0xFE2B,0xFE0B,0xFDEB,0xFDEB,0xFDCB,0xFDAB,0xFD8B,0xFD6B,0xFD4B,0xFD2B,0xFCEC,0xF4AC,0xF48C,0xF46C,0xFC4B,0xE3AB,
0x0000,0x0000,0x0000,0x0000,0x0000,0x0041,0x0040,0x0060,0x08C0,0x0060,0x10E0,0x1940,0x3200,0x21A0,0x1980,0x6341,
0x5300,0x3240,0x29E0,0x29C0,0x2A20,0x29E0,0x29E0,0x21C0,0x1940,0x10E0,0x1100,0x0920,0x00A0,0x00A0,0x00A0,0x1920,
0x18E0,0x0860,0x2100,0x2160,0x1900,0x0860,0x2140,0x3220,0x2980,0x18A0,0x0840,0x0040,0x0000,0x0000,0x1080,0x18A0,
0x0020,0x0020,0x0000,0x0820,0x0020,0x0020,0x0042,0x0042,0x0020,0x1081,0x0022,0x0043,0x0063,0x0043,0x0043,0x0064,
0x00A5,0x0064,0x1063,0x5965,0x0863,0x1883,0x0021,0x1883,0x4903,0x49AA,0x11AE,0x018E,0x018D,0x014C,0x116C,0x194C,
0x39AD,0x4A0E,0x196C,0x114C,0x012A,0x010A,0x294C,0x316C,0x00EA,0x014B,0x216C,0x722E,0x930F,0xAB90,0xAB90,0xC3D0,
0xBBB0,0xBB8F,0xAB6F,0xA34F,0x930F,0x82AE,0x8ACF,0x82F0,0x82F0,0xB390,0x932F,0x72AE,0xA3B0,0xABD0,0x7B0F,0x6ACE,
0xB3B0,0xC3D1,0xCC11,0xCC32,0xC411,0xB3D1,0x9B71,0x9B71,0x7AF3,0x8334,0x7B56,0x745A,0x9D3D,0x8BF9,0x72D5,0x7AD3,
0x6AB1,0x72D1,0x8B10,0xA371,0xBC95,0xA496,0x9BF3,0x9B10,0x92CF,0x8B10,0x8310,0x8B0F,0xCC11,0xDC51,0xEC71,0xD3EF,
0x7248,0xDBCD,0xE3EF,0xF4EE,0xE3EA,0x7A89,0x59E6,0xDC0D,0x6A47,0xD44E,0x6A27,0x2123,0x39E9,0x424A,0x52CB,0x7C10,
0x69E4,0x69E5,0x28A2,0x9AEA,0xFC91,0x79C6,0x9A06,0xB34C,0xBB4C,0xEC31,0xF535,0xBBEF,0xB3CE,0xE4B5,0xCC13,0xCC13,
0xC413,0xC3F3,0xB392,0xB371,0xC3B1,0xCBD2,0xD433,0xC4B6,0xC579,0xBCF7,0xBBD4,0x9AD2,0x82B2,0x82F4,0x72B4,0x7AB4,
0x9316,0xA3FB,0xBD7F,0x94BD,0x937A,0x9B37,0xA353,0xA311,0x92B0,0xBB2F,0xAB2F,0x92CF,0xAB0F,0xD36F,0xC32E,0xC32E,
0xC32E,0xC32E,0xCB2D,0xCB2D,0xD34D,0xDB4D,0xDB4D,0xDB4D,0xDB6D,0xDB8D,0xDB6D,0xE36D,0xDB8D,0xDBAD,0xDBAD,0xDB8D,
0xDBAC,0xDB8C,0xE3AC,0xEBCC,0xE3AC,0xEBAC,0xEBAC,0xE38C,0xE36C,0xE34C,0xEB4C,0xEB6C,0xEB6C,0xE36C,0xEB8C,0xEB8C,
0xE3AC,0xEBCC,0xE3CB,0xF40B,0xFC4B,0xFC4A,0xFCCB,0xFCAB,0xFCCB,0xFCCB,0xFCAB,0xFCAB,0xFC8B,0xFCAA,0xFD0A,0xFD0A,
0xFD2A,0xFD4A,0xFD8A,0xFDAB,0xFDAB,0xFDAB,0xFDCB,0xFDCA,0xFDAB,0xFDCA,0xFDEA,0xFE0A,0xFE0A,0xFE2A,0xFE4A,0xFE8B,
0xFEEC,0xFF0C,0xFF0C,0xFF4E,0xFF6E,0xFF8F,0xFFB1,0xFFB2,0xFFD4,0xFFD6,0xFFD6,0xFFF7,0xFFD6,0xFFD6,0xFFD3,0xFF90,
0xFF8F,0xFF8F,0xFF6F,0xFF2D,0xFF2C,0xFEEB,0xFEEC,0xFF0C,0xFEEB,0xFECB,0xFECB,0xFEAB,0xFE8A,0xFE6B,0xFE2A,0xFE2B,
0xFE2B,0xFDEB,0xFDEA,0xFD8A,0xFD6A,0xFD4A,0xF4AA,0xF46A,0xEC0B,0xF46B,0xEC0B,0xE3CB,0xE3EB,0xE3EB,0xEBCA,0xEBAA,
0x0000,0x0000,0x0000,0x0021,0x0041,0x0020,0x0040,0x0040,0x0020,0x1160,0x19A1,0x0020,0x0000,0x0000,0x0020,0x0000,
0x0040,0x0000,0x0000,0x0000,0x0000,0x0000,0x0000,0x0060,0x0000,0x0000,0x0000,0x0000,0x0060,0x0000,0x0020,0x0000,
0x0000,0x0000,0x0820,0x0000,0x0000,0x0820,0x1060,0x1040,0x0840,0x0820,0x20C0,0x0000,0x0000,0x0840,0x0000,0x1880,
0x0840,0x0000,0x0000,0x0000,0x0000,0x0000,0x0040,0x0001,0x0020,0x0861,0x0883,0x0043,0x0063,0x0821,0x0883,0x00A5,
0x0084,0x0064,0x10A4,0x4925,0x5925,0x0863,0x0002,0x30A3,0x28A2,0x40E3,0x0863,0x18C5,0x1129,0x014C,0x018E,0x198D,
0x196D,0x49EE,0x49EE,0x520F,0x31EF,0x19CF,0x098E,0x5A0F,0x39AD,0x196B,0x216C,0x41AE,0x51CD,0x096D,0x116D,0x7AD0,
0x62D0,0x62B0,0x8B50,0x8B0F,0x524D,0x6AAE,0x7AAF,0x420E,0x116D,0x196D,0x012B,0x010C,0x118D,0x116D,0x012C,0x00EB,
0x218D,0x5A4F,0x4A2E,0x8310,0xB3D1,0xBBD1,0xCBF2,0xC3F2,0xBBB2,0xB372,0xAB93,0xB3F5,0xC4F8,0xD5BB,0xCCD9,0xCBD4,
0xCC13,0xBBD2,0xB371,0xBB71,0xCBB1,0xDC32,0xECD5,0xED15,0xF515,0xECB3,0xE431,0xD3F0,0xD410,0xD3D0,0xDBF0,0xC34D,
0x8A89,0xDC0F,0xD34D,0xAA27,0x8A48,0x7A68,0x59C5,0xC3EC,0x7268,0xD42E,0x59E6,0x18A2,0x10E6,0x634E,0x42AC,0x9D15,
0xAC8F,0x9A85,0x48C2,0xA30B,0xE450,0x9247,0x8A06,0xB30B,0xB2EA,0xEBAE,0xEC10,0xCBD0,0x8AAB,0xC3D3,0xAB51,0xAB51,
0xAB72,0xB371,0xA2F0,0x9AD0,0xB393,0xAC15,0xAC76,0xAC77,0xA3B4,0x9B11,0x9AF1,0xA311,0xB353,0xC3D4,0xC3B6,0xBBB9,
0xC4FD,0xCDDF,0xBCDB,0xB3B6,0xAB53,0xA332,0xAB51,0xAB30,0xAB0F,0xBB2F,0xBB4F,0xBB4E,0xC34E,0xC32E,0xBB2E,0xC34E,
0xBB2E,0xBB2E,0xBB0E,0xC30D,0xCB4E,0xD34E,0xDB6D,0xEB8D,0xEB8D,0xE38D,0xEBAD,0xEB8D,0xEBAD,0xEBAC,0xEBAC,0xEB8C,
0xE36C,0xE36C,0xE36C,0xEB8C,0xEB8C,0xE36C,0xE36C,0xE36C,0xEB6B,0xEBEB,0xF42B,0xFC4B,0xFC6B,0xFC4B,0xFC8B,0xFC4B,
0xFC2B,0xFC4B,0xFC8B,0xFC4B,0xFC6B,0xFC6B,0xFC6B,0xFC8B,0xFC8B,0xFC8B,0xFC6B,0xFCAA,0xFCCA,0xFD0A,0xFD6A,0xFD8A,
0xFD69,0xFDAA,0xFD8A,0xFDCA,0xFDEA,0xFE0A,0xFE0B,0xFE2B,0xFE6B,0xFE6B,0xFE8A,0xFEAB,0xFEEB,0xFEEB,0xFF0B,0xFF0C,
0xFF2C,0xFF4D,0xFF6E,0xFFAF,0xFFB0,0xFFB1,0xFFB1,0xFFB2,0xFFD4,0xFFD6,0xFFF9,0xFFFD,0xFFFC,0xFFF9,0xFFB5,0xFFB5,
0xFFD1,0xFFAF,0xFFAE,0xFF8E,0xFF4C,0xFF0B,0xFECA,0xFE8A,0xFE4A,0xFDC9,0xFD89,0xFD89,0xFD0A,0xF44A,0xF4AA,0xF44A,
0xF4CA,0xF449,0xEC29,0xE3C9,0xEC0A,0xEC29,0xEC29,0xEC49,0xF449,0xF489,0xF489,0xF469,0xF469,0xF489,0xF469,0xFC8A,
0x0000,0x0000,0x0000,0x0041,0x0000,0x0000,0x0020,0x0060,0x2180,0x9F05,0xAFC6,0x3281,0x0000,0x0040,0x0020,0x0040,
0x0020,0x2A21,0x4BA3,0x4B84,0x21C1,0x21A1,0x42E3,0x0060,0x3AE3,0x0040,0x29E2,0x4323,0x0900,0x4303,0x0000,0x21C2,
0x3262,0x2A02,0x29E1,0x6443,0x5C24,0x10E1,0x1040,0x1080,0x0860,0x4B42,0x18E0,0x42E2,0x2161,0x1900,0x5BC4,0x08A0,
0x0020,0x1101,0x4B83,0x0000,0x21C1,0x3B23,0x0060,0x3AC2,0x0040,0x0860,0x20A2,0x0084,0x0021,0x0041,0x18A3,0x00A5,
0x0063,0x0042,0x20C3,0x0865,0x5966,0x5145,0x1063,0x1884,0x1884,0x0023,0x0002,0x0842,0x2882,0x2928,0x11AD,0x09CE,
0x018D,0x098D,0x19AE,0x31EE,0x6A50,0x6A70,0x4A30,0x6A4F,0x724F,0x218E,0x196E,0x31AE,0x5A0F,0x31AE,0x198E,0x29AF,
0x01B0,0x018F,0x018E,0x016D,0x012C,0x012C,0x012C,0x010C,0x012C,0x012C,0x014C,0x096D,0x014D,0x014D,0x014D,0x092C,
0x216D,0x114D,0x096E,0x198F,0x218E,0x31CD,0x82CF,0x4A2E,0x420E,0xC3B1,0xEC33,0xEC74,0xFC54,0xFC54,0xFD99,0xFDDA,
0xF4D5,0xF453,0xF432,0xDBD1,0xA391,0xA391,0x8310,0x3A4F,0xA3B2,0xDD15,0xB433,0xDBF1,0xF451,0xE410,0xFC71,0xC36D,
0x61A5,0xE3EE,0xD38D,0x8A49,0x51A5,0xAB4B,0x82A9,0xA34B,0x932B,0x9B6B,0x51A4,0x4164,0x08E5,0x63AF,0x4B2E,0x8CB3,
0xC4AF,0x71C4,0x5923,0x9AA8,0xB2E9,0xD3EC,0xCB6B,0xA268,0x91E6,0xDB6C,0xFC71,0xCBCF,0x8A6A,0xF3F1,0xEBF1,0xEBF1,
0xD3D1,0x9BB3,0xABF4,0xD4D5,0xC496,0xCC34,0xD3D2,0xCB91,0xD3B1,0xCB91,0xC371,0xCBB3,0xDC36,0xF4B8,0xFD7B,0xFE3E,
0xF63E,0xED1B,0xF455,0xE3F3,0xD391,0xCB71,0xC350,0xC36F,0xCB6F,0xD38F,0xD34E,0xE38E,0xF3AD,0xE36D,0xD36E,0xCB2E,
0xDB4D,0xEB8D,0xF3AD,0xEB6C,0xEB6D,0xEB8D,0xE3AE,0xAB0E,0x6A2D,0x7A4D,0xB30D,0xEBAC,0xE38C,0xFBCC,0xFBCC,0xFBCB,
0xFBCB,0xFC0B,0xFC0C,0xDBCD,0xC34C,0xFBCB,0xFBEB,0xFBEA,0xFC0A,0xFC2B,0xFC4B,0xFC4B,0xFC2B,0xFC0B,0xFC2A,0xFC6A,
0xFC4A,0xFC4A,0xFC8A,0xFC6A,0xFC4A,0xFCAA,0xFC8A,0xFCEA,0xFD0A,0xFD4A,0xFD4A,0xFD4A,0xFD8A,0xFE09,0xFE0A,0xFDC9,
0xFDA9,0xFE09,0xFDC9,0xFE29,0xFE29,0xFE4A,0xFE6A,0xFE8A,0xFE8A,0xFECA,0xFECA,0xFEEA,0xFECA,0xFEAB,0xFE6A,0xFEAB,
0xFEED,0xFDCB,0xFEAC,0xFE8C,0xFEAD,0xFEAD,0xFF93,0xFF96,0xFFF9,0xFFFC,0xFFFF,0xFFFF,0xFFFF,0xFFFE,0xFFDB,0xFF97,
0xFF52,0xFEEF,0xFE4B,0xFE8C,0xFD09,0xFD08,0xFD08,0xFC07,0xFC27,0xFC68,0xFC28,0xFC88,0xF489,0xFCC9,0xFD09,0xFD09,
0xFD49,0xFD48,0xFD28,0xFD68,0xFD48,0xFD48,0xFD68,0xFD69,0xFD49,0xFCE9,0xFCCA,0xFD09,0xFD09,0xFD09,0xFD29,0xFCE9,
0x0000,0x0000,0x0000,0x0000,0x0000,0x0000,0x0040,0x0860,0x3A61,0xAFE5,0xB7E6,0x53E2,0x0000,0x0040,0x0000,0x0000,
0x1961,0x7565,0x6CE5,0x7546,0x64C5,0x4BE4,0xBFEA,0x32E2,0x75A6,0x00A0,0x64E5,0x9687,0x08E0,0x7DA5,0x10E0,0x6D05,
0x4BC3,0x5CA4,0x5C63,0x64A4,0x64A5,0x64C5,0x0000,0x0040,0x0000,0x4343,0x7DE6,0x7565,0x08A0,0x4323,0xAF69,0x3AE3,
0x0000,0x53E4,0xA727,0x1961,0x3AE2,0xB7E8,0x2241,0x7D86,0x08A0,0x0020,0x0840,0x0020,0x0000,0x0000,0x0000,0x0000,
0x0040,0x0000,0x4900,0x28C4,0x2907,0x4167,0x10C5,0x20C5,0x0064,0x0022,0x0022,0x0023,0x4905,0x30C3,0x1083,0x196B,
0x09CE,0x014B,0x01AF,0x09CF,0x29AD,0x21AD,0x196C,0x520E,0x7AB1,0x5230,0x4210,0x29EF,0x21AE,0x39CF,0x3A10,0x31F0,
0x2A10,0x09CF,0x01AE,0x018E,0x016D,0x016E,0x016D,0x014D,0x014D,0x014D,0x016D,0x016E,0x096D,0x016D,0x016D,0x096E,
0x4210,0x39EF,0x21AE,0x198D,0x114C,0x010B,0x090C,0x112C,0x012D,0x198E,0x3A2F,0x4250,0x7AF1,0x82F2,0xB394,0x9478,
0xA53A,0x9BF6,0x7312,0x2230,0x01AF,0x018F,0x018E,0x016D,0x096D,0x39EF,0x19CE,0x422F,0x9352,0x6AF1,0x8B93,0x72AD,
0x20A3,0xBB8F,0x8A8B,0x5166,0x3924,0xD452,0x932E,0x3965,0x4165,0x3124,0x7286,0x8265,0x1148,0x3AAE,0x220A,0x8C91,
0xAAEA,0x4063,0x58E2,0x6143,0x79C8,0x9B0D,0xC34E,0x8A0B,0x6901,0xCBB0,0x9350,0x5A2B,0x7A6A,0xBC13,0x6374,0x5B74,
0x4334,0x1AB4,0x2A53,0x4292,0x3211,0x4A30,0x5A91,0x5AB2,0xA372,0x9353,0xC3B4,0xEC97,0xFDDB,0xBDDD,0x9D3D,0xDD3A,
0xFCD7,0xE434,0xA351,0xCB91,0xDBD1,0xAB0F,0xDB4F,0xF38E,0xDB6E,0xEBAF,0xD34F,0x8AAE,0xAAED,0xEB8E,0xEBAE,0xE36D,
0xF38D,0xB2ED,0x828D,0xAACD,0x41CD,0x31CD,0x21AD,0x012D,0x010C,0x396E,0x294E,0x59CE,0x218D,0x51ED,0x51CD,0x51EC,
0x6A4D,0x6A6C,0x5A2D,0x218D,0x194D,0x51EC,0x726C,0x7A6C,0xAB0B,0xDBCB,0xBB4B,0x8A8C,0xCB6C,0xF40B,0xE44C,0xDC2C,
0xFC8A,0xFC89,0xFCCA,0xFCEA,0xFCC9,0xFCE9,0xFD09,0xFD09,0xE46B,0xCC0B,0xAB6B,0x7A6C,0x8AAC,0xB3AB,0xAB2B,0xA2CB,
0xB30B,0xCBEA,0xDCC9,0xD489,0xC38A,0xE46A,0xF569,0xF509,0xFD88,0xFD69,0xFDA8,0xF5E9,0xF5C9,0xFE69,0xFE69,0xFEA9,
0xFE6A,0xFE89,0xFE89,0xFE8A,0xFE6B,0xFE4B,0xFF2F,0xFF12,0xFF54,0xFEF1,0xFF75,0xFFDC,0xFFB8,0xFF74,0xFF30,0xFF0E,
0xFEAD,0xFE8C,0xFE6B,0xFE2A,0xFE4A,0xFE4A,0xFDE9,0xFE69,0xFE89,0xFEC9,0xFE69,0xFE29,0xFE68,0xFDC9,0xFDA9,0xFDE9,
0xF54A,0xF549,0xFD69,0xF509,0xFCE9,0xFCE9,0xF4A9,0xF4AA,0xF46A,0xF44B,0xFC8B,0xEC6B,0xD40C,0xB38D,0xBBCC,0x92ED,
0x0020,0x0000,0x0000,0x0000,0x0000,0x0020,0x08A0,0x10C0,0x0020,0x64C3,0x7DC4,0x0880,0x0880,0x0880,0x0040,0x0020,
0x21A1,0x6D25,0x64A5,0x7DA7,0x6545,0x4C44,0x64E5,0x7E26,0x6565,0x2242,0x8647,0x7E26,0x32A2,0x3AC3,0x64C5,0x5C64,
0x1981,0x5484,0x5444,0x21E2,0x1981,0x6505,0x0000,0x0040,0x0000,0x08C0,0xB7E9,0x43A3,0x0000,0x8606,0x75C5,0x7586,
0x0060,0x8E47,0x75A6,0x5C45,0x2A41,0x6D65,0x6DA6,0x75A6,0x08C0,0x0000,0x0020,0x0020,0x0000,0x0000,0x0000,0x0000,
0x0000,0x0000,0x30A0,0x30A1,0x2924,0x08E7,0x00A6,0x18C5,0x4146,0x10A5,0x0043,0x0043,0x4105,0x30C4,0x0842,0x0863,
0x0084,0x0022,0x10E7,0x21EF,0x11CF,0x098D,0x094B,0x092B,0x114B,0x218D,0x096D,0x012A,0x00A6,0x08E9,0x112B,0x194C,
0x094C,0x118E,0x11CF,0x0A11,0x0A31,0x0211,0x09F0,0x09F0,0x09CF,0x01D0,0x01D0,0x01AF,0x018E,0x016E,0x016D,0x014D,
0x016D,0x29AE,0x116C,0x012C,0x012B,0x012B,0x094C,0x196D,0x218E,0x196E,0x014D,0x014D,0x014D,0x018E,0x09D0,0x01F1,
0x0232,0x0AF4,0x0B16,0x0273,0x09D0,0x11CF,0x01AE,0x018E,0x09CE,0x11AE,0x11AE,0x19EF,0x21CF,0x3210,0x3252,0x196B,
0x298B,0x42F4,0x2A30,0x1083,0x1908,0x2A32,0x21CF,0x08A5,0x0000,0x3944,0xAB89,0x79E4,0x2147,0x41E9,0x28E5,0xA308,
0xBAE7,0x8A47,0x69A3,0x89C3,0x724A,0x4967,0x6A4D,0x49D0,0x6901,0x624E,0x1232,0x1A31,0x31C9,0x22D3,0x0274,0x0A32,
0x01D0,0x09CF,0x11F0,0x19F0,0x2210,0x19F0,0x2211,0x2A33,0x1A14,0x1A35,0x2B18,0x5C5C,0x5C9C,0x335A,0x2A96,0x3274,
0x62B3,0x4251,0x19D0,0x3211,0x4231,0x29D1,0x6251,0x7291,0x5251,0x7AB1,0x5A93,0x4233,0x4A32,0x5A30,0x39CE,0x39CD,
0x29AD,0x012D,0x012E,0x014E,0x014E,0x012D,0x012D,0x014D,0x014D,0x194D,0x316E,0x214D,0x114D,0x114E,0x114E,0x092E,
0x092E,0x094E,0x112E,0x194D,0x194D,0x316E,0x316E,0x214E,0x214D,0x316D,0x214C,0x110C,0x212C,0x51ED,0x622E,0x51EF,
0x726E,0x828D,0x726D,0xA36E,0xBBCD,0xB38D,0xA36D,0x82AD,0x6A2E,0x59CE,0x59CD,0x61ED,0x69ED,0x69ED,0x79EC,0x820C,
0x8A0B,0x8A0B,0x920B,0x920A,0xA22A,0xBA8A,0xD2CA,0xD2AA,0xE309,0xE2E9,0xE309,0xD2E9,0xDB09,0xF3E8,0xFC48,0xFCC9,
0xFC49,0xFCAA,0xFCC9,0xFCEA,0xFD6A,0xFDCB,0xFDCA,0xFE0A,0xFE89,0xFEEA,0xFF4C,0xFFB1,0xFF8E,0xFF09,0xFE27,0xFE0A,
0xFDAA,0xFD6A,0xFD6A,0xFCC9,0xFCC9,0xFC89,0xF3E9,0xF42A,0xEC0A,0xEC0A,0xE36A,0xDB4B,0xDBAB,0xD32C,0xC30C,0xC32C,
0xBAEC,0xBB0C,0xC32C,0xBB0D,0xBB2D,0xB30D,0xAACD,0xA2CD,0x9ACD,0x9ACD,0x9ACD,0x826E,0x722E,0x722F,0x6A0F,0x620E,
0x0000,0x0000,0x0000,0x0000,0x0081,0x0061,0x0040,0x0060,0x5403,0x8EA6,0x96C6,0x6D24,0x1940,0x0080,0x0040,0x0020,
0x1961,0x7DA6,0x6CE5,0x7586,0x4383,0x4BC4,0x3B03,0x4BA4,0x8667,0x5464,0x6D25,0x5404,0x6D25,0x08C0,0xA7A8,0x32C2,
0x1961,0x6525,0x5464,0x7586,0x6D66,0x4383,0x0000,0x0040,0x0000,0x7525,0x4BE4,0x7546,0x3B42,0x7DC5,0x4322,0x7566,
0x5C44,0x7565,0x4363,0x7DC6,0x5C64,0x4363,0x43A4,0x8EE7,0x0040,0x0020,0x0000,0x0000,0x0000,0x0000,0x0000,0x0000,
0x0000,0x0000,0x2081,0x4101,0x6181,0x30E2,0x1105,0x0907,0x3967,0x3147,0x08C6,0x1063,0x0043,0x0864,0x1863,0x0022,
0x0063,0x0063,0x1042,0x3928,0x29AD,0x218D,0x19AE,0x010A,0x00E9,0x0909,0x00E9,0x00C7,0x00A6,0x10E8,0x10E8,0x00A7,
0x00A7,0x08C8,0x1909,0x196C,0x29EE,0x2A2F,0x3272,0x3271,0x3AB3,0x3AD4,0x1A32,0x018F,0x014D,0x014C,0x014C,0x014C,
0x116D,0x116D,0x014C,0x096D,0x014D,0x012C,0x012C,0x012C,0x094C,0x218E,0x198D,0x016C,0x016C,0x118D,0x19AE,0x018D,
0x016D,0x11AF,0x2272,0x3355,0x22F4,0x11F0,0x09F0,0x09CF,0x09CF,0x11AE,0x19CF,0x1A10,0x19EF,0x21EF,0x2A31,0x21AC,
0x19CD,0x2292,0x2A93,0x1021,0x08A5,0x08A5,0x0862,0x0840,0x0820,0x28C1,0x7202,0x5101,0x0820,0x5080,0x3800,0xC304,
0xC246,0x58E2,0x38E1,0x7940,0x7143,0x8161,0x71E8,0x61EB,0x7100,0x620A,0x1253,0x0A52,0x29EA,0x2A4F,0x1211,0x1A11,
0x1211,0x0211,0x0A31,0x0A11,0x1A11,0x2233,0x2254,0x3317,0x3BB9,0x2B79,0x4C1B,0x335A,0x2256,0x3274,0x3A73,0x3232,
0x3232,0x3232,0x3211,0x2A12,0x2A12,0x29F1,0x29F1,0x3A33,0x3A32,0x3212,0x3A32,0x31F0,0x31F0,0x098F,0x014E,0x012C,
0x114D,0x116D,0x096D,0x014D,0x016E,0x094D,0x094D,0x012D,0x012D,0x094D,0x114D,0x116D,0x116E,0x116E,0x116D,0x218E,
0x196E,0x196E,0x196E,0x196E,0x114E,0x31AE,0x318E,0x216D,0x298E,0x318E,0x316E,0x398E,0x316D,0x294D,0x316D,0x316C,
0x39AD,0x398D,0x314C,0x396D,0x49CE,0x520F,0x520F,0x6230,0x624F,0x622F,0x6A4F,0x6A2E,0x724E,0x722D,0x7A2D,0x7A2C,
0x824C,0x8A2B,0x8A2B,0x9A4B,0xA26B,0xA28B,0xAA8B,0xB28A,0xB28A,0xC2AA,0xCACA,0xD2EA,0xDB0A,0xE30A,0xDAEA,0xDACA,
0xDB0A,0xDB0A,0xEB4A,0xF369,0xFBA8,0xFBC8,0xFC47,0xFD07,0xFDA8,0xFE28,0xFECA,0xFF2B,0xFE89,0xFE28,0xFD87,0xFD07,
0xFCC8,0xFC48,0xFBE9,0xFBC9,0xFBCA,0xFBCA,0xF38B,0xEB4B,0xE34B,0xE34B,0xDB4C,0xD34C,0xD34D,0xD34D,0xCB4D,0xCB2E,
0xCB2E,0xC30E,0xBAEE,0xB2EE,0xA2CE,0x928E,0x8A6E,0x824E,0x7A2E,0x720E,0x69EE,0x6A0E,0x61ED,0x59ED,0x51CE,0x51CD,
0x0000,0x0000,0x0000,0x0041,0x0061,0x0020,0x0000,0x3AC1,0xC7E6,0xAFE6,0xAFE6,0xC7E7,0x5423,0x0000,0x0020,0x0020,
0x0040,0x3AE3,0x4BC3,0x4363,0x0080,0x0900,0x0920,0x0040,0x1121,0x1120,0x0020,0x0000,0x1941,0x0060,0x1981,0x0080,
0x0880,0x1161,0x1140,0x2A62,0x21E2,0x0880,0x4BC2,0x5C83,0x3B62,0x19A1,0x0040,0x1120,0x21A1,0x0880,0x0000,0x08C0,
0x21C1,0x0080,0x0000,0x1161,0x19A1,0x0900,0x0060,0x1941,0x0020,0x0000,0x0000,0x0020,0x0040,0x0020,0x0000,0x0000,
0x0000,0x0000,0x0000,0x4902,0x8A02,0x6140,0x5141,0x0063,0x0041,0x28C2,0x08C6,0x20C4,0x1083,0x0022,0x0042,0x0022,
0x0043,0x20C5,0x10A3,0x0021,0x0001,0x0884,0x094A,0x014C,0x016D,0x016C,0x012A,0x012A,0x0909,0x396B,0x398C,0x316B,
0x0908,0x08E8,0x1929,0x1909,0x18E9,0x1909,0x194A,0x0109,0x096C,0x19AE,0x016D,0x018E,0x01AF,0x018E,0x016D,0x016D,
0x016D,0x016D,0x016D,0x018D,0x016D,0x016D,0x014D,0x014C,0x014C,0x014C,0x218D,0x198D,0x014C,0x016D,0x09AE,0x11AE,
0x096D,0x018D,0x018E,0x19CF,0x2252,0x1A52,0x4BB5,0x32D3,0x1A31,0x19CF,0x19AE,0x2210,0x2230,0x2231,0x2231,0x19EE,
0x1A93,0x1A30,0x2A51,0x1800,0x116B,0x1A32,0x116A,0x0042,0x1041,0x6964,0x934D,0x4A0A,0x0800,0x1800,0x4020,0xB2A4,
0xB1A7,0x1846,0x1820,0x4128,0x1887,0x5883,0x418F,0x2990,0x5061,0x51EC,0x0296,0x0A74,0x19EC,0x3A6F,0x1232,0x1A52,
0x1A52,0x1A52,0x2253,0x1A74,0x22D6,0x2B9A,0x345C,0x3CDD,0x2BD9,0x1A95,0x2275,0x2A74,0x2A52,0x2A32,0x2211,0x2211,
0x2A11,0x21D0,0x118E,0x118E,0x094D,0x012C,0x014C,0x014D,0x014C,0x014D,0x014C,0x012C,0x014D,0x094D,0x012C,0x094C,
0x196D,0x39AF,0x118E,0x39CF,0x29AF,0x198F,0x096E,0x012D,0x014D,0x014D,0x014D,0x116E,0x198E,0x116E,0x118E,0x218E,
0x198E,0x118E,0x196E,0x116E,0x196E,0x116E,0x196E,0x196E,0x216E,0x298E,0x218E,0x318E,0x318E,0x41AE,0x41AE,0x41AE,
0x41AE,0x49CD,0x49CD,0x418D,0x418C,0x49AD,0x41AC,0x51ED,0x5A0E,0x6A4F,0x7AB0,0x82D0,0x82D0,0x82AF,0x828F,0x8A8E,
0x8A8E,0x926D,0x926C,0x9A8C,0xA28C,0xA28C,0xA28C,0xA28B,0xAA8B,0xAA8B,0xB28B,0xB2AB,0xBAAA,0xBACA,0xC2EA,0xCB0A,
0xD32B,0xE36B,0xEB8A,0xF3AA,0xFBE9,0xFC29,0xFCA9,0xFCC8,0xFCE8,0xFD48,0xFE08,0xFE49,0xFDE8,0xFD48,0xFD48,0xFD29,
0xFCCA,0xFCAA,0xFC8B,0xFC4B,0xFC2B,0xFC2C,0xFC2C,0xFC2C,0xFC4D,0xFC2D,0xFC0D,0xEBCD,0xE3CE,0xDB8D,0xCB4E,0xBAED,
0xAACD,0xA28D,0x9A6D,0x8A4D,0x8A6D,0x824E,0x824E,0x7A2E,0x722E,0x6A2E,0x620E,0x61EE,0x59EE,0x51CE,0x49CE,0x41CE,
0x0000,0x0020,0x0000,0x0020,0x0000,0x0000,0x0000,0x1960,0x4322,0x3B22,0x3B22,0x3B21,0x21E1,0x0000,0x0000,0x0000,
0x0000,0x0000,0x0000,0x0000,0x0000,0x0000,0x0000,0x0000,0x0000,0x0000,0x0000,0x0000,0x0000,0x0000,0x0000,0x0000,
0x0000,0x0000,0x0000,0x0000,0x0000,0x0000,0x0080,0x00A0,0x0060,0x0000,0x0000,0x0000,0x0000,0x0000,0x0000,0x0000,
0x0000,0x0020,0x0020,0x0000,0x0000,0x0000,0x0000,0x0000,0x0000,0x0000,0x0000,0x0060,0x0000,0x0000,0x0000,0x0040,
0x0000,0x0000,0x0000,0x5923,0x5942,0x6962,0x7181,0x2040,0x0000,0x2880,0x20E2,0x0085,0x20C3,0x18A2,0x0083,0x0042,
0x0022,0x1083,0x3904,0x1883,0x1063,0x1063,0x2882,0x0042,0x08A5,0x116B,0x1A10,0x09EF,0x11EF,0x41CE,0x318D,0x114B,
0x114B,0x214B,0x094A,0x092A,0x214A,0x1909,0x08E9,0x092A,0x012B,0x00E9,0x0109,0x00E9,0x014B,0x096C,0x11AE,0x09CF,
0x09CF,0x01CF,0x01AE,0x01AE,0x09AE,0x098D,0x018D,0x018E,0x018E,0x018E,0x018D,0x19AE,0x21AE,0x098D,0x016D,0x118D,
0x198E,0x198E,0x11AE,0x09AE,0x19AF,0x2A10,0x2272,0x22B3,0x1272,0x1A51,0x2A92,0x2A72,0x2A52,0x2A72,0x2A51,0x19CD,
0x1A30,0x1AB4,0x31EE,0x2884,0x39AB,0x2252,0x1928,0x1169,0x1927,0x6988,0x9B2D,0x4A6E,0x0000,0x3945,0x48A3,0x9A43,
0xA945,0x5884,0x68C2,0x3A95,0x214B,0x5906,0x6148,0x61ED,0x418A,0x69AA,0x0338,0x0AD6,0x11ED,0x42D1,0x1AB6,0x2295,
0x1A95,0x12D5,0x1316,0x0B78,0x247B,0x1C3A,0x1379,0x1295,0x1233,0x1231,0x0A11,0x0A11,0x0A10,0x09CF,0x09CE,0x09CF,
0x016D,0x012B,0x010B,0x010B,0x012C,0x012C,0x012B,0x012C,0x014C,0x014D,0x014C,0x014C,0x116D,0x216E,0x116D,0x016D,
0x216E,0x51CF,0x31CF,0x41F0,0x39F0,0x1990,0x096E,0x096E,0x016E,0x118E,0x098F,0x09AF,0x19B0,0x018F,0x01AF,0x11CF,
0x19D0,0x19AF,0x11AF,0x118F,0x118E,0x118E,0x118E,0x19AF,0x29AF,0x21AF,0x21AF,0x298F,0x29AF,0x39CF,0x41EF,0x49EF,
0x49EF,0x520F,0x5A2F,0x5A2F,0x5A0F,0x5A2F,0x622F,0x620E,0x59ED,0x59CD,0x620E,0x724F,0x8290,0x8AAF,0x82AF,0x8AD0,
0x8ACF,0x9ACF,0xAAEE,0xAAEE,0xAACE,0xAACD,0xB2CD,0xB2ED,0xBAED,0xBAEC,0xC2EC,0xCAEC,0xCB0B,0xCB0B,0xDB2B,0xEB8B,
0xF3CC,0xF3CB,0xEBAB,0xF40A,0xFC8A,0xFD0A,0xFCCA,0xFCCA,0xFD4A,0xFD8A,0xFE4B,0xFE6B,0xFE2A,0xFDEA,0xFDAA,0xFDAB,
0xFD6C,0xFD2C,0xFCCC,0xFC8C,0xFC8C,0xEBEC,0xE3AB,0xDB8B,0xCB2B,0xC30B,0xB2AB,0x9A4B,0x9A6B,0x924B,0x8A2C,0x79EB,
0x79EC,0x71EC,0x71EC,0x69EC,0x61CC,0x61CD,0x61CD,0x59CD,0x59EE,0x620F,0x59EE,0x51EE,0x49EF,0x41EF,0x39CF,0x39CE,
0x0000,0x0021,0x0021,0x0000,0x0000,0x0000,0x0000,0x0000,0x0000,0x0000,0x0000,0x0000,0x0000,0x0020,0x0000,0x0860,
0x2180,0x1100,0x1140,0x1120,0x1920,0x21A1,0x29A1,0x21A1,0x21C1,0x21C1,0x21A0,0x2180,0x2180,0x2180,0x1980,0x1960,
0x2180,0x21A0,0x21A0,0x21A0,0x29E1,0x21A0,0x1960,0x2160,0x2140,0x2980,0x2980,0x29A0,0x31C0,0x31C0,0x29A0,0x21A0,
0x29C0,0x29A0,0x21A0,0x2180,0x29A0,0x29C0,0x31C0,0x29A0,0x2940,0x4200,0x9460,0x8C00,0x9420,0x8BE0,0x39C0,0x10A0,
0x0860,0x0020,0x0000,0x1040,0x0820,0x4902,0x7982,0x2060,0x0000,0x2040,0x30E0,0x0063,0x0822,0x3125,0x00C4,0x0083,
0x08A4,0x08A4,0x18A4,0x10A4,0x0043,0x0022,0x1063,0x28A3,0x30C3,0x18A4,0x2128,0x218B,0x1129,0x620E,0x4A30,0x198D,
0x096D,0x21AD,0x41CD,0x31CD,0x31AC,0x31AC,0x094B,0x014B,0x21CD,0x21AC,0x094B,0x014B,0x0109,0x0109,0x012A,0x098D,
0x2231,0x11EF,0x01AE,0x09EF,0x11EF,0x21EF,0x4230,0x2A30,0x1210,0x1210,0x01CF,0x09CF,0x19CF,0x29EF,0x19AE,0x19AE,
0x19AE,0x19AF,0x11AE,0x11AE,0x11AE,0x11CE,0x11CE,0x11EF,0x1A10,0x1A51,0x2B35,0x2376,0x2B36,0x2AF5,0x2271,0x19CC,
0x2A93,0x3356,0x39CB,0x2929,0x4A30,0x3969,0x3147,0x324F,0x21ED,0x39CD,0x59CA,0x28A2,0x0800,0x6166,0x4000,0xB2A5,
0x9229,0x7881,0x48A1,0x2A30,0x6128,0x6169,0x98E2,0x7A70,0x1A13,0x71A8,0x0BDA,0x0BFA,0x0B13,0x4394,0x2CBD,0x24BC,
0x24BC,0x145B,0x0B57,0x1316,0x0AB6,0x0274,0x0A53,0x1A73,0x1252,0x0A31,0x0A52,0x1252,0x1210,0x11CE,0x09AD,0x098D,
0x012C,0x014C,0x014C,0x014C,0x014D,0x012C,0x014C,0x014D,0x014C,0x014C,0x012B,0x094C,0x216D,0x298E,0x118E,0x19AF,
0x5231,0x5231,0x5A30,0x49F0,0x4211,0x29D0,0x31D0,0x4211,0x29F0,0x29F0,0x21F0,0x1A11,0x2210,0x21F0,0x11F0,0x11F0,
0x1A11,0x2211,0x3231,0x2210,0x3211,0x4231,0x3231,0x3251,0x4251,0x3A51,0x29F0,0x21AE,0x31CF,0x29AE,0x29AE,0x298D,
0x194C,0x214C,0x112B,0x398C,0x39AD,0x296B,0x49CD,0x51ED,0x51ED,0x6A2E,0x49AC,0x49AC,0x418C,0x416A,0x496B,0x59AC,
0x59CC,0x59AB,0x69EC,0x722C,0x822C,0x9A6D,0xA2AD,0xAACD,0xB2ED,0xBAED,0xC30C,0xD34C,0xE36C,0xEBAC,0xF3CC,0xEBAD,
0xE38C,0xEBAC,0xFC8B,0xFCAB,0xFD0C,0xF48B,0xF42A,0xFCAA,0xFD0B,0xFD4A,0xFE2C,0xFE2C,0xFD8B,0xFD4B,0xFC8A,0xFC29,
0xF409,0xF3A9,0xE34A,0xDB2B,0xD2EA,0xCAAA,0xBA8A,0xAA6A,0xA22A,0x920A,0x8A0A,0x820B,0x81EB,0x71EB,0x69CB,0x69CB,
0x61CC,0x61CC,0x59CC,0x59AC,0x51AC,0x51AC,0x51AD,0x51AD,0x51CE,0x51EE,0x49CE,0x49EF,0x49EF,0x41EF,0x420F,0x39CF,
0x0000,0x0000,0x0000,0x0000,0x0000,0x0000,0x0040,0x0060,0x0040,0x0020,0x0020,0x0000,0x0060,0x0020,0x0020,0x0880,
0x2160,0x10E0,0x10E0,0x10E0,0x1100,0x2181,0x21C1,0x21C1,0x2241,0x23C2,0x2281,0x2160,0x2180,0x1960,0x1940,0x1960,
0x2180,0x2180,0x2180,0x1960,0x21C1,0x2180,0x2180,0x29C0,0x2160,0x2160,0x2160,0x29A0,0x29A0,0x31C0,0x29A0,0x21C0,
0x21C0,0x21A0,0x1940,0x2180,0x3220,0x29A0,0x29C0,0x4220,0x83C0,0x62E0,0x39E0,0x39C0,0x3180,0x7BC0,0xB500,0x5A80,
0x10A0,0x0840,0x0000,0x0000,0x1040,0x38A1,0xA244,0x30A1,0x0000,0x1020,0x2880,0x0020,0x0000,0x1861,0x20A1,0x18E4,
0x08E7,0x1907,0x08A6,0x0084,0x0063,0x0062,0x1083,0x1883,0x0883,0x0022,0x0021,0x0001,0x0000,0x28A4,0x3128,0x0885,
0x10C6,0x216B,0x31EF,0x31CE,0x39EF,0x39EF,0x4A4F,0x216A,0x198C,0x31AC,0x29AC,0x320E,0x11CF,0x11EF,0x09AD,0x018C,
0x018D,0x098C,0x016B,0x018C,0x09CE,0x1A0F,0x2A0F,0x3230,0x4292,0x3271,0x3292,0x3272,0x3271,0x3271,0x3A51,0x3A51,
0x3251,0x3231,0x2A10,0x21EF,0x2A0F,0x220F,0x2210,0x1A30,0x220F,0x2A72,0x32B4,0x32F4,0x3335,0x33B7,0x32F1,0x326F,
0x4398,0x3B77,0x3168,0x214A,0x3274,0x2881,0x4A50,0x322F,0x2A2F,0x3A0E,0x49CC,0x2840,0x0800,0x6000,0x4000,0xBA84,
0x71A6,0x9964,0x4123,0x7186,0xA185,0x9B0F,0x8166,0xB2EC,0x8C95,0x9228,0x5DDE,0x361E,0x0BF4,0x3BD3,0x459F,0x347C,
0x33BA,0x3337,0x32F5,0x32D5,0x2AB4,0x2AB4,0x2AB4,0x2A93,0x2272,0x2271,0x2A72,0x09CF,0x018E,0x016D,0x018D,0x018D,
0x018D,0x016D,0x018D,0x018E,0x016D,0x096D,0x016D,0x014C,0x014D,0x016D,0x016D,0x016D,0x118E,0x116E,0x014D,0x118E,
0x21D0,0x29F0,0x3211,0x39F0,0x39F0,0x3A11,0x5231,0x72B3,0x62B3,0x4252,0x4272,0x3A93,0x4A72,0x4251,0x4272,0x5292,
0x4272,0x52B2,0x5292,0x3251,0x4A71,0x6A71,0x4A70,0x220F,0x21CE,0x19AE,0x016C,0x014C,0x010B,0x010A,0x012B,0x010A,
0x0109,0x0109,0x010A,0x110A,0x08E9,0x10EA,0x10E9,0x2109,0x1909,0x212A,0x212A,0x294A,0x314A,0x312A,0x3129,0x3929,
0x414A,0x414A,0x496A,0x518A,0x69AA,0x79CA,0x71CB,0x71CA,0x79EA,0x7A0B,0x9A8B,0xB2EB,0x9A4A,0x9A49,0x9A49,0xAAAA,
0xAA89,0xC2E9,0xC309,0xC289,0xCAC9,0xD2C9,0xE309,0xEB49,0xF368,0xF389,0xFCC9,0xFC48,0xFBE8,0xFBC8,0xFB69,0xF369,
0xEB09,0xEB4A,0xE34A,0xD2EA,0xCACB,0xC2AB,0xC2AB,0xBAAB,0xB2AC,0xA26C,0x9A4C,0x924C,0x8A2C,0x820C,0x7A0D,0x720D,
0x69ED,0x61CD,0x61CD,0x59CD,0x51CD,0x51AD,0x51AE,0x51CE,0x49CE,0x49CE,0x41AE,0x41AE,0x41AE,0x39AE,0x318E,0x296D,
0x0000,0x0000,0x0000,0x0000,0x0020,0x0060,0x00A0,0x6444,0x3AE2,0x0040,0x0000,0x1961,0x5C44,0x08E0,0x0020,0x0000,
0x0000,0x0000,0x0000,0x0000,0x0000,0x0000,0x0000,0x0000,0x0000,0x0000,0x0000,0x0000,0x0000,0x0040,0x0020,0x0000,
0x0000,0x0000,0x0000,0x0000,0x0000,0x0000,0x0000,0x0000,0x0020,0x0000,0x0000,0x0000,0x0040,0x0020,0x0000,0x0000,
0x0000,0x0000,0x0000,0x0000,0x0000,0x0000,0x0000,0x28E0,0x18C0,0x0000,0x0000,0x0000,0x0000,0x0820,0x6B00,0xACC0,
0x7B20,0x28E0,0x1080,0x0000,0x1020,0x30C1,0x6962,0x5902,0x0800,0x0000,0x4900,0x2880,0x0000,0x1840,0x2880,0x1860,
0x0041,0x1082,0x20E4,0x20E5,0x28E4,0x08A3,0x0082,0x0883,0x1083,0x0063,0x0042,0x0022,0x0022,0x0021,0x1042,0x0001,
0x0001,0x1042,0x18C5,0x08A6,0x194B,0x21AE,0x216B,0x2108,0x39EE,0x29CE,0x31CD,0x420E,0x3210,0x21EF,0x2A0F,0x2A0F,
0x21EF,0x2A0F,0x21EE,0x09AD,0x11AD,0x11EF,0x19EF,0x320F,0x3231,0x1A10,0x2230,0x3271,0x4AB2,0x3A71,0x3210,0x19EF,
0x19EF,0x4271,0x3A51,0x3251,0x52D3,0x6314,0x52F3,0x5314,0x52D2,0x5314,0x5315,0x5B55,0x5B56,0x6397,0x4270,0x4AF2,
0x6356,0x6356,0x4127,0x3948,0x29AB,0x1882,0x4359,0x29EE,0x3230,0x4271,0x51CB,0x48A3,0x2820,0x5021,0x4062,0x9A63,
0x58E4,0xB923,0x6123,0x51CC,0x8A6C,0xBB0E,0x4272,0xA1C5,0x7BB6,0x81A7,0x6C3B,0x3C7D,0x3356,0x5B11,0x5BB9,0x4B79,
0x5378,0x5357,0x5336,0x4B36,0x4B35,0x3AF4,0x3272,0x2A30,0x1A0F,0x01AE,0x09CE,0x09CE,0x19EF,0x11EF,0x09F0,0x01CF,
0x21CF,0x19CF,0x09AE,0x018E,0x016D,0x018D,0x018D,0x01AE,0x19F0,0x21F0,0x09F0,0x09F0,0x1210,0x11F0,0x018D,0x016D,
0x00E9,0x1109,0x08E9,0x0086,0x0086,0x08E9,0x10EA,0x1909,0x314B,0x196C,0x116C,0x090A,0x08C8,0x08EA,0x194C,0x296B,
0x39CB,0x29ED,0x09AD,0x09AD,0x018D,0x018D,0x01AE,0x11CF,0x11AE,0x096D,0x096D,0x098D,0x116D,0x094C,0x114C,0x114C,
0x092B,0x012B,0x092A,0x112A,0x294B,0x112B,0x192B,0x214A,0x394A,0x2109,0x292A,0x294A,0x396B,0x416A,0x598A,0x69CA,
0x69EA,0x71C9,0x79EA,0x69CA,0x494A,0x3929,0x3129,0x3908,0x4108,0x4108,0x4928,0x5968,0x5948,0x5948,0x6167,0x6967,
0x7187,0x7187,0x79A7,0x91E7,0x9A08,0xC2E8,0xBA88,0xBA68,0xCAA8,0xDAE8,0xFBA7,0xE2C7,0xE2C7,0xEB08,0xD2C9,0xD309,
0xC2A9,0xC2A9,0xBA89,0xAA29,0x9A09,0x9209,0x920A,0x8A0A,0x8A0B,0x820B,0x8A2B,0x922C,0x9A8C,0x928C,0x822D,0x71ED,
0x71ED,0x61CD,0x61EE,0x59EE,0x59EE,0x59EE,0x622F,0x624F,0x5A2F,0x5A2F,0x5A2F,0x41CE,0x31AE,0x298D,0x218D,0x21AE,
0x0020,0x0000,0x0000,0x0000,0x0060,0x0080,0x1A01,0x7D47,0x5C85,0x43C3,0x4BA4,0x4C03,0x6D45,0x2A82,0x0000,0x0020,
0x0020,0x64A5,0x6CE6,0x6D27,0x1981,0x0000,0x0020,0x0000,0x0000,0x0000,0x0020,0x1101,0x7567,0x6D06,0x4384,0x3B03,
0x6D45,0x6D46,0x32C3,0x0000,0x4BA4,0x5C85,0x1121,0x5404,0x0000,0x4BE4,0x2A82,0x64C6,0x6D07,0x4BE5,0x2A82,0x6506,
0x0020,0x53E4,0x08C0,0x0000,0x0020,0x0020,0x0000,0x0020,0x0000,0x0000,0x0000,0x0000,0x0000,0x1040,0x18A0,0x7BA0,
0xACA0,0x6AA0,0x28C0,0x20A0,0x1040,0x0000,0x3081,0x81C3,0x6121,0x40A0,0x48E1,0x40E1,0x2860,0x0820,0x1040,0x1860,
0x0000,0x0000,0x18C3,0x10E5,0x20A2,0x3124,0x18C3,0x0882,0x10A3,0x10C3,0x08A3,0x0883,0x0883,0x0042,0x0842,0x0022,
0x0022,0x0022,0x1862,0x1082,0x0863,0x0883,0x0864,0x20E5,0x4A4E,0x4250,0x5A91,0x4A4F,0x422F,0x29EF,0x21CE,0x3A2F,
0x4271,0x3A30,0x3251,0x3251,0x2A31,0x2210,0x220F,0x11EF,0x09CF,0x018E,0x19CE,0x09AD,0x01AE,0x018E,0x09AD,0x11CE,
0x11CE,0x19CF,0x320F,0x4230,0x3A30,0x220F,0x09CF,0x19CE,0x220E,0x42F4,0x52F4,0x4AD4,0x4AD4,0x5AF4,0x31EC,0x528F,
0x52D4,0x6356,0x40A4,0x416A,0x28E5,0x296A,0x4318,0x320E,0x3292,0x42F5,0x4127,0x3083,0x4000,0x30C4,0x58E7,0xAA63,
0x90E3,0xA104,0x3105,0x2231,0x41D0,0x7928,0x3294,0x60C5,0x494D,0x6127,0x6292,0x3338,0x2AD4,0x4AAF,0x42F3,0x3294,
0x32B3,0x22B3,0x2AB3,0x2292,0x32B3,0x4292,0x2A31,0x3A92,0x3A72,0x3A71,0x4292,0x4A71,0x4231,0x3231,0x2230,0x19EF,
0x19CE,0x3210,0x3A30,0x3A10,0x4230,0x3A10,0x3A50,0x3A51,0x5271,0x420F,0x31EF,0x31EF,0x198D,0x196B,0x08E9,0x0086,
0x0066,0x10E8,0x10A6,0x0065,0x0087,0x0066,0x0045,0x0045,0x0045,0x0087,0x0087,0x0087,0x00A7,0x0087,0x0067,0x0087,
0x0086,0x0066,0x00A8,0x00A7,0x10C7,0x1109,0x092A,0x094B,0x198D,0x218D,0x298D,0x31AD,0x29AE,0x198D,0x218D,0x29AE,
0x218D,0x218D,0x194C,0x214C,0x318C,0x296C,0x214B,0x192B,0x396B,0x416B,0x394B,0x314A,0x312A,0x314A,0x394A,0x498A,
0x59CA,0x720A,0x518A,0x3929,0x3929,0x3929,0x3929,0x3929,0x4129,0x4128,0x4128,0x5148,0x5148,0x5148,0x5948,0x6968,
0x71A8,0x6988,0x71A8,0x79A7,0x91E7,0xAA47,0xBAA7,0xCAC7,0xD2C7,0xE308,0xFBA8,0xCA67,0xD2A8,0xEB28,0xC289,0xC268,
0xC288,0xBA69,0xAA89,0xAA89,0x9A69,0x89E9,0x8A09,0x79C9,0x718A,0x71AA,0x71CA,0x71CA,0x7A0B,0x69EB,0x598B,0x516B,
0x516B,0x496B,0x518B,0x498C,0x498C,0x49AD,0x51ED,0x520E,0x49EE,0x5A4F,0x6270,0x4A10,0x4A30,0x4230,0x420F,0x214B,
0x0000,0x0000,0x0000,0x0020,0x0080,0x0080,0x19E1,0x7D66,0x5464,0x6D05,0x8607,0x4402,0x6524,0x2A42,0x0000,0x0020,
0x0080,0x8648,0x43C4,0x8609,0x3B44,0x4BA5,0x1101,0x4384,0x3AC3,0x3AC3,0x0000,0x1161,0x8EA9,0x4C04,0x19A2,0x5C45,
0x4BE4,0x4C25,0x6547,0x19C2,0x7627,0x6526,0x19C1,0x8668,0x32A3,0x75A6,0x4363,0x8E88,0x4BC4,0x2222,0x32E3,0xAFEA,
0x3323,0x6D67,0x1141,0x0000,0x0000,0x0000,0x0000,0x0000,0x0000,0x0000,0x0000,0x0000,0x0000,0x1840,0x1860,0x20C0,
0x83E0,0x9C60,0x5A40,0x2880,0x20A0,0x1040,0x0820,0x40E2,0x5921,0x30A0,0x6142,0x38C1,0x40E1,0x3081,0x1020,0x1860,
0x0820,0x0000,0x28A0,0x0021,0x0021,0x10C4,0x28C2,0x2903,0x1903,0x2103,0x18C3,0x1082,0x18E3,0x10A3,0x1062,0x0842,
0x0022,0x0023,0x0043,0x1083,0x1083,0x18C4,0x20C4,0x1841,0x3925,0x20E4,0x10E7,0x114A,0x21CD,0x3230,0x10A4,0x218B,
0x3292,0x3272,0x2A0E,0x29EF,0x3A71,0x42B3,0x42B2,0x3250,0x220F,0x2A0F,0x220F,0x2A30,0x3230,0x2A10,0x19EF,0x19EF,
0x11CE,0x31EE,0x420E,0x21CE,0x29CE,0x21CE,0x19CF,0x198D,0x09AE,0x1A0F,0x2A0E,0x11F1,0x19CF,0x118E,0x08C6,0x2231,
0x1A96,0x2231,0x40C5,0x218A,0x2107,0x42B5,0x42B3,0x29CC,0x198C,0x21CD,0x38C4,0x1841,0x4800,0x6947,0x7189,0xC306,
0xFAA9,0x48A4,0x0043,0x51A9,0x59CF,0x396B,0x49AD,0x29CF,0x70E5,0x70E5,0x518C,0x0214,0x09F0,0x2A0D,0x3270,0x1211,
0x1210,0x0A31,0x1232,0x1A30,0x21EE,0x21CE,0x19AD,0x118D,0x116D,0x31AD,0x420D,0x41ED,0x19AE,0x4A2E,0x39ED,0x39CD,
0x4A0E,0x6A6E,0x526E,0x422D,0x21AC,0x218C,0x194C,0x192A,0x112A,0x00C8,0x00A8,0x00A8,0x00A8,0x00A8,0x00A8,0x00A8,
0x00A8,0x0087,0x0067,0x0087,0x0087,0x0087,0x0066,0x00A7,0x00C9,0x00A8,0x00A8,0x00A8,0x00A7,0x0087,0x0087,0x00A8,
0x00A7,0x00A7,0x00C9,0x00A8,0x00C8,0x08E8,0x00A7,0x00C7,0x08C8,0x10E8,0x10C7,0x08C8,0x2129,0x524C,0x218B,0x216B,
0x216B,0x192A,0x318C,0x4A0D,0x39AC,0x49CB,0x398B,0x5A4D,0x5A2D,0x6A6D,0x726C,0x724C,0x7A8C,0x726D,0x6A2C,0x7A4B,
0x61EB,0x416B,0x498B,0x498B,0x414A,0x394A,0x392A,0x3929,0x3929,0x3929,0x4949,0x4949,0x4928,0x4948,0x5148,0x5968,
0x6168,0x7188,0x79A8,0x79A8,0x89C8,0x91E8,0x99E8,0xAA28,0xBA48,0xDAC7,0xEBC9,0xC2A9,0xD328,0xE348,0xD2C8,0xB248,
0xBA69,0xB269,0xA269,0x9A29,0x89E9,0x79C9,0x71CA,0x71AA,0x69AA,0x618A,0x598A,0x59AB,0x598B,0x598B,0x518B,0x59AB,
0x59AC,0x59AC,0x518C,0x51CD,0x61ED,0x59EE,0x59EF,0x5A0F,0x520F,0x41CD,0x292A,0x292A,0x296B,0x294B,0x1909,0x0066,
0x0000,0x0000,0x0000,0x0000,0x0020,0x0060,0x00A0,0x5C24,0x1A21,0x5444,0x7585,0x0940,0x4BE2,0x08C0,0x0000,0x0000,
0x0060,0x8628,0x4BC4,0x75A7,0x3B83,0x7588,0x2282,0x75E7,0x00E0,0x08C0,0x0000,0x10E1,0x7E28,0x4BA4,0x1981,0x5425,
0x7E48,0x6547,0x2AA3,0x7E67,0x6DA7,0x8689,0x3343,0x8689,0x4BC4,0x7647,0x19C1,0x32A3,0x5405,0x6DA7,0x4BE4,0x5CA5,
0x75C8,0x8EA9,0x08E0,0x0000,0x0000,0x0000,0x0000,0x0000,0x0000,0x0000,0x0000,0x0000,0x0000,0x1860,0x1060,0x1060,
0x20E0,0x83E0,0x9460,0x51E0,0x2880,0x30C0,0x2880,0x0820,0x1860,0x38C1,0x6163,0x2860,0x1840,0x2881,0x1040,0x0820,
0x0820,0x2061,0x28A0,0x1860,0x0000,0x0021,0x0000,0x10C3,0x10C2,0x10C3,0x2104,0x10C3,0x18E3,0x10A3,0x1904,0x20E3,
0x18A3,0x18A3,0x0862,0x0862,0x0043,0x0064,0x0085,0x0841,0x0883,0x0883,0x0883,0x18C3,0x08C6,0x0085,0x0000,0x1062,
0x31CB,0x198B,0x0063,0x0821,0x2906,0x2128,0x21CD,0x2231,0x2A0F,0x1A10,0x11F0,0x320F,0x6B11,0x7312,0x6AD1,0x628F,
0x3A0E,0x29EF,0x29EF,0x31F0,0x3A0F,0x21F0,0x21F1,0x31CE,0x2A10,0x3A2F,0x31ED,0x11D0,0x21CF,0x21CF,0x1107,0x21EE,
0x19F0,0x298B,0x4883,0x20E5,0x4A52,0x5294,0x52D4,0x216A,0x1927,0x42F5,0x3148,0x2840,0x2840,0xC1C6,0xB987,0xC264,
0xB082,0x4987,0x1883,0x4948,0x5A30,0x01F3,0x50C6,0x1A13,0x312C,0x7000,0x61CB,0x0212,0x018E,0x2149,0x39EC,0x0A11,
0x19EF,0x09AE,0x016D,0x014C,0x012B,0x010A,0x010A,0x010A,0x010A,0x00E9,0x092A,0x010A,0x010A,0x0109,0x010A,0x00E9,
0x090A,0x114B,0x010A,0x012A,0x010A,0x00E9,0x00EA,0x00EA,0x00EA,0x00EA,0x00EA,0x00EA,0x00E9,0x00C9,0x00C9,0x00A8,
0x00A8,0x00C9,0x00E9,0x00A8,0x0087,0x0066,0x0087,0x00C8,0x00A8,0x00A8,0x0087,0x0087,0x0087,0x00A8,0x0087,0x00A8,
0x00A7,0x00A7,0x00A8,0x00A7,0x00C8,0x08C8,0x00C8,0x00A7,0x08C8,0x08E8,0x00C8,0x00C8,0x00C7,0x2948,0x1108,0x00C7,
0x00C7,0x00A6,0x00E7,0x1129,0x1908,0x4188,0x3148,0x5A0A,0x49EB,0x7A6B,0x6A4A,0x5A0A,0x7A8D,0x5A0D,0x59EC,0x498A,
0x518A,0x498B,0x498B,0x414A,0x414A,0x498A,0x498A,0x5169,0x4128,0x4949,0x4929,0x5149,0x6189,0x69A9,0x6988,0x6188,
0x6988,0x6168,0x79C8,0x89E8,0x89E8,0x91E8,0x99E8,0xAA08,0xAA08,0xDAA8,0xEB28,0xC288,0xC2A8,0xCAA8,0xB227,0xB248,
0xA208,0x99E9,0x91E9,0x81A9,0x79A9,0x79A9,0x71AA,0x71AA,0x71CA,0x69AA,0x69CB,0x69CC,0x69EC,0x7A2D,0x8A6D,0x7A2D,
0x826D,0x7A6F,0x7A6F,0x6A2E,0x59CD,0x51AC,0x416B,0x2909,0x18C7,0x1086,0x0886,0x1086,0x0886,0x0887,0x0086,0x0086,
0x0000,0x0000,0x0000,0x0020,0x0040,0x0060,0x0080,0x0080,0x0080,0x7546,0x7DC6,0x1141,0x0040,0x0060,0x0020,0x0000,
0x0020,0x7D87,0x64E6,0x7DC8,0x2A62,0x5445,0x7DA7,0x6D87,0x3AE3,0x3AA3,0x0000,0x0901,0x7E07,0x64A5,0x3B43,0x4C04,
0x32E3,0x0000,0x0040,0x2222,0x3B64,0x6D87,0x2A62,0x5CA5,0x0000,0x5445,0x3303,0x64A6,0x64C6,0x5C85,0x4364,0x4343,
0x2A63,0x8EE9,0x00A0,0x0000,0x0000,0x0000,0x0020,0x0000,0x0000,0x0000,0x0000,0x0000,0x0000,0x0000,0x0000,0x1040,
0x2080,0x3940,0x9C80,0xA4C0,0x49C0,0x30E0,0x30E0,0x30A0,0x1040,0x0840,0x5143,0x6984,0x5923,0x30A2,0x0000,0x0000,
0x0000,0x48C2,0x5902,0x38A1,0x1040,0x0840,0x0000,0x1081,0x0861,0x0861,0x10A2,0x2103,0x2923,0x3164,0x18E3,0x18E3,
0x18E4,0x2924,0x10A3,0x10A3,0x3104,0x3925,0x0062,0x0000,0x08A3,0x0084,0x0063,0x0841,0x0000,0x0000,0x0000,0x0841,
0x1881,0x0021,0x0841,0x0000,0x0000,0x0000,0x0820,0x2149,0x08A6,0x3A0E,0x31CD,0x29AE,0x29EE,0x2A10,0x3A30,0x424F,
0x5290,0x62D2,0x7B11,0x6291,0x6291,0x72D1,0x6AF3,0x41CA,0x5A8E,0x5AD2,0x5A91,0x5B15,0x6AF3,0x4A50,0x2148,0x5A4C,
0x4251,0x41AC,0x2800,0x41CB,0x7AF3,0x7A4D,0x7313,0x3148,0x49CA,0x6334,0x2905,0x1861,0x5921,0xB1E1,0x8000,0xBA64,
0xC284,0xA245,0x69C4,0x49C8,0x7A28,0x3AB1,0x6AA9,0x6A8B,0x320E,0x6080,0x8185,0x424A,0x11AC,0x094B,0x1948,0x018E,
0x098D,0x016D,0x014C,0x014B,0x012B,0x010A,0x010A,0x0109,0x010A,0x012B,0x012B,0x010A,0x00E9,0x00E9,0x00E9,0x010A,
0x010A,0x00EA,0x00E9,0x00E9,0x00EA,0x010B,0x012B,0x010B,0x010B,0x010B,0x00EB,0x010A,0x010B,0x00EA,0x010A,0x00C9,
0x00C9,0x010B,0x00E9,0x00A8,0x00A8,0x00A8,0x00A8,0x00C8,0x00C9,0x00A8,0x00A8,0x00A8,0x00A8,0x00A8,0x00A8,0x00A8,
0x00A7,0x00A8,0x0087,0x00A7,0x00A8,0x08C9,0x00E9,0x00C8,0x00C8,0x00E8,0x00C7,0x00C7,0x00C7,0x00C7,0x10E8,0x1929,
0x318A,0x2128,0x1908,0x10E8,0x4189,0x61C9,0x59C9,0x3128,0x08A8,0x18C7,0x10C7,0x1908,0x2949,0x2929,0x3948,0x3928,
0x4949,0x416A,0x418A,0x518A,0x722A,0x92AA,0x720A,0x598A,0x7209,0x7A29,0x69CA,0x69A9,0x79EA,0x69A9,0x69A9,0x71A9,
0x71A9,0x7189,0x71A9,0x81C9,0x89C9,0x91E8,0xB288,0xC2E8,0xCB29,0xFCAB,0xFD0B,0xCAC9,0xBA89,0xCB09,0xC2C8,0xDB8A,
0xD38A,0xBACA,0xA24A,0xA2AA,0x922A,0xA26B,0x8A2A,0x820B,0x822B,0x79EB,0x8A4C,0x8A4C,0x7A2C,0x7A29,0x59A9,0x51A9,
0x59E7,0x59C8,0x6208,0x20C6,0x18A6,0x28C7,0x28E8,0x18C7,0x18A6,0x20E8,0x18A6,0x1086,0x10A6,0x0043,0x0022,0x0022,
0x0000,0x0000,0x0000,0x0020,0x0020,0x0040,0x0060,0x0000,0x4342,0x8EC6,0x7E45,0x64C5,0x0000,0x0060,0x0000,0x0000,
0x0000,0x08A0,0x1161,0x08E0,0x0000,0x4BE4,0x7E07,0x5C85,0x0880,0x0880,0x0000,0x0020,0x08E0,0x1161,0x08E0,0x0060,
0x0060,0x0020,0x0020,0x0000,0x0000,0x0060,0x0000,0x0080,0x0040,0x08A0,0x0060,0x1141,0x1961,0x0020,0x0040,0x00A0,
0x0040,0x00C0,0x0040,0x0000,0x0000,0x0040,0x0040,0x0060,0x0000,0x0000,0x0000,0x0000,0x0000,0x0000,0x0000,0x0000,
0x0020,0x1060,0x3140,0xAD20,0x83C0,0x1880,0x2920,0x18A0,0x1880,0x1040,0x0000,0x30E2,0x28A2,0x1840,0x30A2,0x28A2,
0x0000,0x1821,0x3882,0x2881,0x1040,0x0820,0x2880,0x0840,0x0840,0x0020,0x1020,0x28E2,0x10C3,0x08C4,0x0841,0x1061,
0x3144,0x2944,0x2103,0x10C4,0x10C4,0x2904,0x0820,0x0000,0x18A2,0x0883,0x0042,0x0001,0x0000,0x0000,0x0000,0x0021,
0x0021,0x0021,0x1041,0x0000,0x0000,0x0821,0x2081,0x2880,0x0021,0x1883,0x0842,0x1109,0x10E8,0x092B,0x2A0E,0x116B,
0x19CE,0x3A50,0x526F,0x21CD,0x2A0F,0x4270,0x4A70,0x4A0D,0x49EC,0x420C,0x4A2E,0x52B1,0x522E,0x3948,0x20C4,0x49A9,
0x418A,0x28A4,0x2061,0x4904,0x7164,0x99A3,0x8122,0xA1C2,0x8163,0x50E3,0x28A3,0x28A3,0x40E1,0x1000,0x1000,0x7962,
0xB366,0x8A84,0x7AA4,0x6A42,0x92C4,0xB427,0x9BA9,0xB365,0x9367,0x7283,0x8161,0x8AC8,0x5A48,0x19CD,0x422B,0x01EF,
0x09AE,0x01AE,0x018D,0x016C,0x014C,0x012B,0x012B,0x012B,0x014B,0x012B,0x010A,0x010A,0x010A,0x010A,0x012B,0x012B,
0x012B,0x010A,0x010A,0x010A,0x012B,0x012C,0x010B,0x010A,0x010A,0x00EA,0x010A,0x014B,0x016B,0x014B,0x010A,0x00EA,
0x010A,0x00EA,0x00E9,0x00C8,0x00C9,0x00E9,0x00E9,0x00E9,0x00E9,0x00E9,0x00E9,0x00E9,0x00E9,0x00C8,0x00C8,0x00C9,
0x00C8,0x00C8,0x00A8,0x00C8,0x00C8,0x00A8,0x00C8,0x00E8,0x00C8,0x00C8,0x00E8,0x0909,0x0909,0x00E8,0x00E8,0x1129,
0x318A,0x1909,0x1908,0x2928,0x3947,0x2928,0x3148,0x18E7,0x2108,0x1908,0x1908,0x2108,0x10E8,0x10E8,0x18E8,0x18E8,
0x2108,0x2108,0x2909,0x3149,0x3949,0x4988,0x4968,0x4129,0x6A09,0x71E9,0x71C9,0x92AA,0x822A,0x7A0A,0x824A,0x71A9,
0x79AA,0x79CA,0x81A9,0x91E8,0x9A29,0xB2A8,0xBB09,0xB2A9,0xB269,0xD2E9,0xCAC9,0xAA49,0xA208,0xA208,0xB289,0xB28A,
0xB289,0xAA69,0xAA69,0xBAC9,0xA24B,0x9A8C,0x926B,0x8209,0x8229,0x6189,0x4107,0x5147,0x38E6,0x20A5,0x18A5,0x2085,
0x1885,0x1885,0x1085,0x20C7,0x28E8,0x28E8,0x20C6,0x0843,0x0022,0x0843,0x0843,0x0022,0x0022,0x0022,0x0022,0x0023,
0x0000,0x0000,0x0020,0x0000,0x0000,0x0020,0x0020,0x0000,0x53E3,0x32A2,0x1981,0x5C44,0x08C0,0x0000,0x0000,0x0020,
0x0000,0x0000,0x0000,0x0000,0x0000,0x10E1,0x1121,0x0040,0x0000,0x0000,0x0000,0x0000,0x0000,0x0000,0x0000,0x0000,
0x0000,0x0000,0x0000,0x0000,0x0000,0x0000,0x0000,0x0000,0x0000,0x0000,0x0000,0x0000,0x0000,0x0000,0x0000,0x0000,
0x0000,0x0000,0x0000,0x08A0,0x0900,0x0000,0x0000,0x0040,0x00E0,0x0000,0x0000,0x0000,0x0000,0x0000,0x0000,0x0000,
0x0000,0x0000,0x0820,0x2940,0x8C00,0x5A80,0x41E0,0x39C0,0x2940,0x20E0,0x18A0,0x2080,0x0840,0x28A1,0x30A1,0x58E2,
0x2061,0x0000,0x2061,0x0000,0x0000,0x0000,0x38E2,0x6142,0x0000,0x0000,0x0820,0x3080,0x1840,0x0041,0x0000,0x0841,
0x1081,0x10E4,0x1126,0x4A05,0x49C5,0x18C3,0x0000,0x0000,0x1881,0x3166,0x0906,0x0063,0x0042,0x0001,0x0000,0x0000,
0x0001,0x0001,0x0000,0x0021,0x0042,0x0862,0x0841,0x1882,0x0022,0x0001,0x1062,0x1041,0x0000,0x18A4,0x2127,0x0023,
0x4A0C,0x49EB,0x010B,0x094B,0x21EE,0x11EF,0x11CE,0x19AE,0x19EF,0x18C5,0x1841,0x6962,0xC2E4,0x89A2,0x6125,0x4167,
0x20C5,0x30A3,0x3840,0x2820,0x8960,0xEB80,0xDB40,0xF3E0,0xAA01,0x7121,0x38A1,0x30A2,0x1800,0x8A41,0x6901,0x9A82,
0x6A01,0x0820,0x1000,0x3881,0x30E1,0x5183,0x58E1,0x48C4,0x18E5,0x2861,0x78C2,0x11CF,0x114A,0x09CE,0x424B,0x0A50,
0x01F0,0x01CF,0x01AE,0x018D,0x016C,0x098D,0x016C,0x014B,0x014B,0x012B,0x012B,0x094B,0x012B,0x012B,0x012B,0x012B,
0x012B,0x012B,0x012B,0x014C,0x014C,0x012B,0x014B,0x016C,0x016C,0x016D,0x018D,0x018D,0x018C,0x016C,0x016C,0x014B,
0x014B,0x012B,0x010A,0x010A,0x012B,0x016C,0x010A,0x00E9,0x010A,0x012A,0x0109,0x0109,0x0109,0x0109,0x00E9,0x00E9,
0x00E9,0x00E9,0x00E9,0x00E9,0x00E9,0x00E9,0x00C8,0x00C8,0x08E9,0x1129,0x00E8,0x092A,0x092A,0x0109,0x114A,0x1949,
0x2949,0x316A,0x10E8,0x10E7,0x3148,0x08C7,0x18E7,0x10E7,0x10E8,0x2129,0x2129,0x2108,0x3128,0x2928,0x2109,0x2109,
0x3129,0x3129,0x3949,0x3969,0x3949,0x3929,0x3929,0x4129,0x3909,0x4929,0x61A9,0x5149,0x6189,0x9269,0x8209,0x9248,
0xAAE8,0xA268,0xC369,0xBB09,0xA1E8,0xCAA7,0xB1C8,0xC248,0xC248,0xCA67,0xB228,0xAA49,0xAA28,0xB289,0xAA69,0xA269,
0xCBCA,0x9208,0x9248,0xAAC7,0x9268,0x5967,0x4906,0x38C5,0x28A5,0x30A5,0x30C5,0x30A6,0x28C6,0x28C6,0x28C6,0x28C6,
0x28E7,0x28E7,0x28E7,0x2908,0x20A6,0x1885,0x0822,0x0843,0x0843,0x0022,0x0022,0x0022,0x0022,0x0022,0x0022,0x0022,
0x0000,0x0000,0x0000,0x0020,0x0000,0x0000,0x0000,0x0000,0x0020,0x0000,0x0000,0x0020,0x0040,0x0000,0x0000,0x08A0,
0x2A40,0x1A00,0x1A00,0x1A00,0x11E0,0x1180,0x1160,0x1160,0x4344,0x6549,0x2B22,0x1A01,0x1A01,0x1A00,0x1A00,0x1A21,
0x1A61,0x1A41,0x1A61,0x1A41,0x1A21,0x1A41,0x1A21,0x1A21,0x1A21,0x1A21,0x1A21,0x2221,0x2221,0x1A21,0x1A21,0x1A21,
0x1A21,0x2B02,0x2322,0x4C83,0x3BA2,0x1A01,0x2221,0x2261,0x2360,0x1AA1,0x1A20,0x2A20,0x19E0,0x11E0,0x1A20,0x08E0,
0x0000,0x0000,0x0020,0x0860,0x2920,0x6300,0x9CA0,0xA520,0x9CA0,0x3180,0x2100,0x0840,0x1060,0x2060,0x3081,0x3081,
0x48C2,0x1020,0x0000,0x0820,0x0000,0x0000,0x1042,0x8A25,0x5102,0x1040,0x0000,0x0820,0x0820,0x0000,0x0000,0x0020,
0x0820,0x20A1,0x10A2,0x00A4,0x10E4,0x18A2,0x0000,0x0820,0x1040,0x3985,0x3186,0x29C7,0x1126,0x0083,0x0000,0x0000,
0x0021,0x0001,0x0001,0x0022,0x0021,0x0000,0x0001,0x0021,0x1881,0x1881,0x1882,0x1042,0x0021,0x2081,0x1861,0x0021,
0x3925,0x28C4,0x08C6,0x318A,0x7313,0x7B13,0x522E,0x3A2F,0x6334,0x49EC,0x4126,0xCBE7,0xFD24,0xF4C6,0xCB48,0x7A06,
0x51CA,0x7145,0x7900,0x8183,0xE362,0xFE07,0xFF34,0xFECC,0xE424,0xD2E5,0x69A4,0x4925,0x69C4,0x6182,0x8A23,0x9B04,
0x4181,0x50A0,0x9820,0x8A43,0x1820,0x2041,0x9264,0x6A29,0x7146,0x81A5,0x7102,0x3906,0x5965,0x2A92,0x4A0A,0x2A71,
0x2230,0x2A30,0x2A2F,0x1210,0x11CF,0x09AE,0x018E,0x01AE,0x014C,0x116B,0x116C,0x116C,0x014C,0x014C,0x012C,0x114C,
0x116C,0x014B,0x010B,0x012B,0x012B,0x012B,0x016C,0x018D,0x018D,0x01AD,0x01AD,0x09CE,0x11CE,0x01AD,0x01AD,0x018D,
0x016C,0x098C,0x012B,0x014C,0x018D,0x018C,0x010B,0x014B,0x016B,0x014B,0x0929,0x016A,0x014A,0x012A,0x0109,0x0109,
0x012A,0x012A,0x012A,0x014A,0x094A,0x0129,0x00E8,0x00E8,0x0909,0x216B,0x112A,0x114A,0x218B,0x39AB,0x1109,0x110A,
0x294A,0x61E9,0x71E9,0x61E8,0x4989,0x51C9,0x4988,0x2108,0x1109,0x2129,0x2929,0x3108,0x3948,0x28E8,0x3969,0x4989,
0x4169,0x4169,0x51AA,0x59AA,0x59A9,0x5169,0x4949,0x61CA,0x61A9,0x7A6A,0xBBEA,0x69A9,0x61AB,0x71CA,0x8A4A,0xA2CA,
0xC3AA,0xCB69,0xF58B,0xF5AB,0xE4EA,0xF60D,0xEC48,0xF489,0xE3C8,0xDBE7,0xC2A7,0xC2C8,0xC2E9,0xB289,0x9A29,0x6146,
0x6986,0x5126,0x4906,0x4905,0x40E5,0x30C5,0x30C5,0x30C5,0x30C5,0x38E6,0x38E6,0x38E7,0x30C6,0x28C6,0x28E7,0x28C6,
0x28E7,0x3108,0x3129,0x18A5,0x0822,0x0822,0x0843,0x0843,0x0843,0x0843,0x0022,0x0022,0x0043,0x0843,0x0022,0x0022,
0x0000,0x0000,0x0000,0x0000,0x0000,0x0000,0x0000,0x0020,0x0000,0x0060,0x00A0,0x0000,0x0020,0x0020,0x0000,0x0000,
0x0060,0x0040,0x0060,0x0060,0x0060,0x0060,0x0040,0x0040,0x0901,0x1182,0x00C0,0x0040,0x0020,0x0080,0x0060,0x00A0,
0x00E0,0x00A0,0x0080,0x0080,0x0080,0x0080,0x0080,0x0080,0x0060,0x0060,0x0060,0x0060,0x0080,0x00E0,0x0060,0x0040,
0x00A0,0x01A0,0x01A0,0x0000,0x0020,0x0060,0x0060,0x00C0,0x0140,0x0060,0x0060,0x0060,0x0060,0x0080,0x00A0,0x0060,
0x0000,0x0000,0x0020,0x0840,0x0860,0x0020,0x18E0,0x2140,0x8C20,0x7BA0,0x10C0,0x18C0,0x20C0,0x28A1,0x2881,0x0841,
0x1861,0x48E2,0x38A1,0x1041,0x0020,0x1020,0x0000,0x5943,0x6184,0x1040,0x38C1,0x0000,0x0000,0x0000,0x0000,0x0000,
0x0000,0x1020,0x0000,0x0000,0x0000,0x0000,0x0000,0x0000,0x1040,0x0861,0x0841,0x1946,0x10E4,0x08A3,0x0041,0x0000,
0x0001,0x0021,0x0022,0x0022,0x0021,0x0001,0x0000,0x0820,0x0820,0x1061,0x1881,0x0821,0x0001,0x0862,0x0042,0x0022,
0x1062,0x0042,0x0021,0x20A4,0x620B,0x41AB,0x2928,0x4A4F,0x7313,0x520C,0x4947,0xDD4A,0xFECF,0xFF54,0xF484,0xB2E8,
0x826A,0x8922,0x7942,0xAA44,0xF423,0xFF8D,0xFFFB,0xFFD2,0xF4A5,0xCB06,0x8206,0x6186,0x3082,0x7A23,0xC3C6,0x92C4,
0x2860,0x9A03,0xB9A1,0x9A64,0x5061,0x4820,0x7921,0xC225,0x92AE,0x8166,0x78E1,0x62AD,0x5989,0x7A70,0x49EB,0x4A91,
0x3A10,0x3A51,0x4250,0x2A51,0x1A10,0x09AE,0x19EF,0x11EF,0x19AC,0x198C,0x118C,0x218C,0x29AC,0x51CC,0x6A2C,0x31AC,
0x298C,0x116C,0x29CC,0x31ED,0x094B,0x198C,0x098E,0x11AD,0x39ED,0x29EE,0x3A2E,0x19CD,0x3A0E,0x11CD,0x09CD,0x09CD,
0x11CD,0x11CD,0x21ED,0x21ED,0x19CC,0x19AC,0x420B,0x3A2D,0x21CD,0x218C,0x218C,0x118C,0x016C,0x098C,0x0129,0x094A,
0x016B,0x118B,0x118B,0x096B,0x198C,0x096B,0x094B,0x39CB,0x49CB,0x294A,0x316B,0x412A,0x5169,0x5189,0x3948,0x3948,
0x59C9,0x6209,0x59C9,0x8268,0x5188,0x61E9,0x6A29,0x6A29,0x51C7,0x82C8,0x7AA8,0x4148,0x7A47,0xA326,0x7209,0x7A6A,
0xAB6A,0x8A6A,0xA30C,0xA32D,0xB32B,0xB30A,0xBB6B,0xCC2B,0x8A2A,0x69EA,0xCC4C,0x92AB,0x594B,0x9A8B,0xFD4C,0xFDED,
0xFD8C,0xFDAC,0xFE0C,0xFE2B,0xFE8C,0xFF2E,0xFF0C,0xFF6F,0xFF2C,0xFF8E,0xFFAF,0xF58B,0xC389,0x8A48,0x6967,0x5126,
0x4906,0x4906,0x40E6,0x40E6,0x38C6,0x30C6,0x30C5,0x30C5,0x30C6,0x30C6,0x28C6,0x30E7,0x30E7,0x28E7,0x2908,0x3108,
0x3108,0x2908,0x20A5,0x1863,0x0843,0x0843,0x0022,0x0022,0x0022,0x0843,0x0022,0x0022,0x0022,0x0022,0x0002,0x0022,
0x0000,0x0000,0x0000,0x0000,0x0000,0x0020,0x0040,0x0900,0x2A02,0x6D05,0x8E87,0x2A22,0x1981,0x0040,0x0020,0x0000,
0x0020,0x0880,0x0000,0x0000,0x0860,0x08C0,0x19A2,0x08C0,0x0000,0x0000,0x0000,0x1121,0x1121,0x0000,0x0000,0x0000,
0x0000,0x0000,0x0000,0x0000,0x0000,0x0000,0x0000,0x0000,0x0000,0x0000,0x0000,0x0000,0x0000,0x0000,0x1121,0x1961,
0x0000,0x0000,0x0860,0x1942,0x0000,0x0000,0x0000,0x0000,0x0020,0x0000,0x0000,0x0000,0x0000,0x0000,0x0020,0x0000,
0x0020,0x0040,0x0000,0x0000,0x0020,0x0020,0x0040,0x0860,0x0880,0x9460,0x6B80,0x1100,0x20E0,0x28C1,0x28C2,0x28C2,
0x0000,0x1040,0x40C2,0x2881,0x1061,0x0841,0x0820,0x2081,0x79A4,0x1861,0x5122,0x5101,0x0000,0x0000,0x0020,0x0000,
0x0820,0x1060,0x0000,0x0000,0x0000,0x0000,0x0000,0x0800,0x1020,0x1020,0x0820,0x0841,0x0001,0x0041,0x0062,0x0820,
0x0000,0x0001,0x0042,0x0021,0x0021,0x0021,0x0021,0x0841,0x0820,0x0000,0x1861,0x0840,0x0021,0x0842,0x0022,0x0022,
0x0042,0x0022,0x0862,0x0842,0x0822,0x0022,0x0842,0x10A5,0x2969,0x49CA,0x61CB,0xD529,0xF504,0xD321,0xD2E3,0x79A5,
0x6985,0x70C1,0x5903,0xB285,0xFC24,0xFE22,0xED63,0xFDA3,0xEBC5,0xD347,0x81E6,0x6186,0x50E3,0xCD51,0xA348,0xB384,
0x5141,0x60E1,0xCAC2,0xBAA6,0xA286,0x3040,0x9921,0xBA62,0x82AC,0x498A,0x80A1,0x728C,0x61E8,0x8167,0x3189,0x6A2A,
0x726D,0x7330,0x72ED,0x5AD2,0x3A92,0x3A92,0x6AF0,0x5250,0x7B0E,0x424E,0x420E,0x520D,0x720C,0xD2CB,0xF38C,0x826C,
0x724C,0x624D,0x92CD,0x522D,0x8ACC,0x624C,0x21CE,0x72ED,0xBBED,0x420D,0x628D,0x19AC,0x29CD,0x422D,0x6A4B,0x29AB,
0x3A2E,0x19CD,0x5A6D,0x726C,0x49EB,0x4A0B,0xB34B,0x5A6D,0x422D,0x5A2C,0x6A6D,0x522C,0x526E,0x5A6D,0x420C,0x522C,
0x4A2D,0x49EC,0x522C,0x522C,0x39AB,0x422D,0x5A8D,0x49EC,0x6A4B,0xBBCB,0x8A89,0x9AC8,0xE467,0xAAC7,0xA2E7,0x8A67,
0x92A8,0x7249,0x51C9,0x51C8,0x7247,0x5A07,0xBBE8,0x61E8,0x6A28,0xD489,0xD409,0x8A6B,0xD36A,0xF52A,0xF44D,0xFCCE,
0xFD2D,0xFCAE,0xFCCF,0xFC8F,0xFCCF,0xFCEE,0xFD4F,0xFD4E,0xF4AC,0xB2CB,0xFD2D,0xFD0D,0xD3CD,0xF4AD,0xFD4C,0xFDAD,
0xFD4C,0xFDAC,0xFDCC,0xFDCB,0xFE0B,0xFE6B,0xFE8C,0xFF0D,0xFF6D,0xF66E,0xBB28,0x9247,0x60E5,0x5926,0x5106,0x5126,
0x4906,0x4906,0x40E6,0x38C6,0x38C6,0x30C6,0x30C6,0x30C6,0x28A6,0x30C6,0x30E7,0x30E7,0x3108,0x3928,0x5189,0x3949,
0x18A5,0x0822,0x2084,0x2085,0x0843,0x0843,0x0022,0x0022,0x0042,0x0843,0x0023,0x0002,0x0022,0x0022,0x0022,0x0002,
0x0000,0x0000,0x0020,0x0000,0x0000,0x0040,0x0020,0x2201,0xBFEA,0x6525,0x4BE4,0xAFC9,0x4BE4,0x0000,0x0040,0x0000,
0x08C0,0x7DA8,0x0040,0x3AE3,0x4C04,0x6485,0x6D07,0x8609,0x1141,0x0020,0x32C3,0x7E08,0x6DC7,0x43C4,0x0000,0x0000,
0x0880,0x1961,0x1101,0x0000,0x1121,0x1981,0x0040,0x08C0,0x0040,0x0080,0x0040,0x08C0,0x0040,0x1141,0x96CA,0x5465,
0x0880,0x1121,0x2A02,0x4384,0x0060,0x1961,0x1100,0x1141,0x0080,0x08C0,0x0040,0x08E0,0x00A0,0x08E0,0x0080,0x19A1,
0x0900,0x00A0,0x1121,0x1121,0x00C0,0x21C2,0x08E0,0x0040,0x0880,0x10C0,0x9CE0,0x5320,0x00A0,0x18A1,0x1881,0x30C3,
0x28A2,0x1041,0x38C2,0x4903,0x1041,0x0841,0x28A3,0x0820,0x30A2,0x5923,0x6983,0x81E4,0x48E1,0x38E1,0x1063,0x0000,
0x1040,0x1881,0x0000,0x0020,0x0000,0x0000,0x0000,0x0000,0x0800,0x1840,0x1020,0x1060,0x0020,0x0000,0x0041,0x0882,
0x1061,0x0841,0x0001,0x0001,0x0821,0x0021,0x0021,0x0041,0x0821,0x1061,0x0001,0x0021,0x0062,0x1884,0x1863,0x0042,
0x0042,0x0842,0x1063,0x1883,0x0043,0x1063,0x0042,0x0043,0x0842,0x4147,0x4968,0xB385,0xC2C2,0x8120,0x91C4,0x5104,
0x30A2,0x3820,0x6164,0xA246,0xD325,0xDBE4,0xE383,0xE383,0xA244,0x9A67,0x69A5,0x5146,0x50A2,0xD550,0xBAE6,0xBB03,
0x92A1,0x8100,0xB141,0xDB68,0xAAC6,0x79C4,0x9A64,0x51C3,0x8244,0x7A46,0x79C3,0x7161,0x1020,0x1000,0x2020,0x3060,
0xBC6B,0xD52B,0xB40B,0xAC14,0xA3D5,0xABF5,0xA3D4,0x9B94,0xBC13,0xA3B3,0x9B53,0xA373,0xC2F0,0xF3CE,0xF40F,0xD351,
0xC372,0xB393,0xBBB3,0xB3B2,0xDBF2,0xB372,0x9B53,0xD3F2,0xE452,0x9B52,0x9310,0x324F,0x1A0F,0x120E,0x222F,0x09CE,
0x01AE,0x016C,0x096C,0x096C,0x014C,0x21AC,0x59EC,0x196C,0x012A,0x092B,0x198C,0x29AB,0x318B,0x012A,0x0129,0x016B,
0x118B,0x196B,0x196A,0x41AA,0x5A2A,0x82EA,0x7AAB,0x59EA,0x82A9,0x930A,0x6209,0xB308,0xFDEC,0xD3C9,0x9AC9,0x6A09,
0x92E7,0x6A68,0x3189,0x1109,0x1908,0x61E9,0xC38A,0x720C,0xD38D,0xF48E,0xF42E,0xEC0F,0xF40E,0xFCCE,0xFC4F,0xF42F,
0xF42F,0xE3EF,0xF40E,0xFC4E,0xFC6E,0xFCAE,0xF48E,0xEC4D,0xFCAD,0xFC6D,0xFCAD,0xFCAD,0xFD0D,0xFCED,0xFCCC,0xFCEC,
0xFCEB,0xFD0B,0xFD2B,0xFD0A,0xFDAA,0xFDEB,0xFE4C,0xF68D,0xC449,0x91E7,0x7106,0x6126,0x6166,0x5926,0x5106,0x4927,
0x4107,0x4907,0x4107,0x38E7,0x38E7,0x30E7,0x30E7,0x3108,0x3928,0x3108,0x30E7,0x3928,0x59EB,0x4147,0x1863,0x2084,
0x0822,0x0842,0x0843,0x0843,0x0843,0x0843,0x0022,0x0022,0x0022,0x0022,0x0022,0x0022,0x0023,0x0022,0x0022,0x0022,
0x0000,0x0000,0x0000,0x0061,0x0040,0x0040,0x0060,0x7547,0x7586,0x43C3,0x64A5,0x4BC4,0x8667,0x08C0,0x0020,0x0020,
0x0000,0x6506,0x2AC3,0x6D46,0x2202,0x08E0,0x4C45,0x8649,0x1121,0x0000,0x5465,0x32C3,0x1981,0x75A7,0x0000,0x0000,
0x6D28,0x7568,0x6DA8,0x2A43,0x75A7,0x7DC7,0x5C65,0x64A6,0x4384,0x75A8,0x3B44,0x4BA5,0x0000,0x2A83,0x9EEA,0x2AC3,
0x7567,0x6D26,0x3B84,0x43A5,0x5424,0x7DA6,0x7DE8,0x7DC8,0x5465,0x5C85,0x3B44,0x8649,0x4384,0x5485,0x5C65,0x7587,
0x7588,0x43A4,0x8E48,0x3B43,0x64E6,0x7DC7,0x7587,0x0020,0x0040,0x0060,0x10E0,0x94C0,0x3A40,0x0880,0x10A1,0x1862,
0x1061,0x28C2,0x20A2,0x4924,0x30E3,0x0841,0x1041,0x0821,0x0000,0x1841,0x28A1,0x0020,0x38C1,0xA241,0x6980,0x30C0,
0x20A1,0x1062,0x0000,0x0000,0x0000,0x0000,0x0000,0x0000,0x0820,0x2060,0x0820,0x0840,0x0020,0x0000,0x0001,0x0021,
0x0882,0x0062,0x0041,0x0041,0x1041,0x0021,0x0000,0x0021,0x0001,0x0001,0x0001,0x0001,0x0022,0x0864,0x2884,0x1063,
0x1063,0x0021,0x0043,0x1063,0x0863,0x0063,0x1062,0x0863,0x0842,0x3949,0x51CA,0xAA85,0x81A2,0x2060,0x2061,0x2861,
0x40A0,0x4081,0x5944,0x89E5,0x89A4,0xA244,0x81E3,0x81A3,0x6144,0x6986,0x5145,0x4946,0x3082,0x1800,0x6000,0x6020,
0x1800,0x4840,0x58E1,0xBB06,0xB3A6,0xA345,0xB3E8,0xAB86,0x7182,0xD4CB,0xB3C8,0x5942,0x2000,0x4080,0x60E1,0x7963,
0xEE31,0xFEF1,0xB46E,0xA3D4,0xAC15,0xA3B4,0x9B94,0xA394,0x9B53,0x9B52,0xA373,0xAB93,0x926E,0xDBAE,0xFCB1,0xC351,
0xA373,0xAB94,0x9B74,0x9B94,0x8B53,0x8B53,0x8B33,0x6AB1,0x8335,0x83B5,0x83D6,0x6B95,0x6375,0x5355,0x4335,0x3B34,
0x2AD3,0x1251,0x1210,0x11EF,0x0A10,0x3A71,0x3A31,0x19AE,0x098D,0x11CE,0x21EE,0x4A2D,0x5A4C,0x4A2C,0x5A8D,0x626D,
0x4A2E,0x39ED,0x196C,0x296A,0x298A,0x29AA,0x092A,0x1129,0x6A4C,0xB30D,0xBB2D,0xF44E,0xFDD1,0xDC30,0xDC70,0x92CF,
0x728F,0x41EC,0x298C,0x41CD,0x5A0E,0xCBB0,0xE3EE,0xBB50,0xA330,0x9B10,0xB36F,0xBB4F,0xA32F,0xC36F,0xCBAF,0xCBAF,
0xCBAF,0xCB8F,0xD38F,0xEC0E,0xF42D,0xEBCE,0xE3AD,0xDB8D,0xEBCD,0xE3CD,0xE3CD,0xEBED,0xEC0C,0xF42C,0xFC4B,0xFBEB,
0xFBEA,0xFC2A,0xFC6A,0xFCAA,0xFD0A,0xFD2A,0xECEA,0xEDCE,0x9227,0x6147,0x6986,0x6186,0x5967,0x5127,0x4907,0x4107,
0x4107,0x5968,0x4928,0x4108,0x4128,0x3928,0x3928,0x3928,0x3949,0x3108,0x3929,0x49AB,0x4148,0x1042,0x1063,0x1043,
0x0822,0x0822,0x0022,0x0843,0x0043,0x0843,0x0022,0x0022,0x0022,0x0023,0x0022,0x0022,0x0022,0x0022,0x0002,0x0022,
0x0000,0x0000,0x0000,0x0061,0x0020,0x0040,0x0080,0x7D67,0x6D06,0x4363,0x64C5,0x4BA4,0x8E87,0x08E0,0x0000,0x0020,
0x0000,0x2A22,0x8F09,0x6DA7,0x0060,0x2222,0x3B44,0x7E48,0x21C2,0x0880,0x64C7,0x4BE5,0x2AA3,0x75A8,0x0000,0x0000,
0x75C8,0x1161,0x5CE7,0x4C45,0x8628,0x5C85,0x3B23,0x5445,0x8F09,0x7608,0x8ECA,0x2202,0x0000,0x08C1,0x6D87,0x0020,
0x75E7,0x0060,0x2A83,0x5D27,0x64E6,0x2AA3,0x6D47,0x32E3,0x6D67,0x4BC5,0x970A,0x6587,0x86C8,0x32C3,0x85E8,0x6CE5,
0x5C86,0x5485,0x4404,0x0000,0x96A9,0x64C5,0x64C5,0x0060,0x0020,0x0060,0x0040,0x4A80,0x7C00,0x0060,0x10C0,0x1081,
0x20A3,0x20A2,0x2082,0x28A2,0x30C3,0x0841,0x0000,0x0041,0x0841,0x0020,0x0000,0x0000,0x1882,0x81E2,0x91E0,0x89E0,
0x6980,0x48E1,0x1041,0x1040,0x0821,0x0000,0x0000,0x0000,0x0000,0x2080,0x1040,0x0820,0x1860,0x1061,0x0000,0x0000,
0x0000,0x0001,0x0041,0x0061,0x0041,0x0001,0x0000,0x0000,0x0001,0x0000,0x0001,0x0841,0x0021,0x0042,0x38E5,0x1021,
0x2864,0x1062,0x0023,0x0043,0x0043,0x0043,0x0841,0x0022,0x0022,0x41AB,0x5A0C,0x79C7,0x48E3,0x0000,0x1020,0x1020,
0x40E3,0x7184,0x71A6,0x89E6,0x79A4,0x9A04,0x38A1,0x5102,0x79C6,0x71C7,0x61A7,0x5987,0x38A2,0x38C0,0x8121,0x8981,
0x5122,0x9223,0x79A3,0xE56B,0xFE0A,0xEE0D,0xFF2F,0xDD4A,0x58E1,0xB44A,0xEE30,0x6A65,0x2840,0x58E1,0x8983,0x81E5,
0xC4EC,0xA3E8,0xAC6D,0x39AE,0x7B55,0x62B0,0x6354,0x52F4,0x422F,0x29EE,0x4271,0x5270,0x39AD,0x69AE,0x922F,0x6A91,
0x52B2,0x2A30,0x19EF,0x120F,0x01F0,0x0231,0x0272,0x0231,0x1250,0x1A71,0x3314,0x3355,0x3335,0x32D2,0x42F3,0x42D3,
0x4AD3,0x4B34,0x5B95,0x6355,0x5AF3,0x62B1,0x8352,0x82F0,0xA390,0x93B1,0x5AD0,0x62CF,0x4A4F,0x3A0E,0x420F,0x21EE,
0x11CE,0x014C,0x014B,0x016C,0x09CD,0x220F,0x322F,0x62D1,0x9372,0xC3B1,0xC391,0xC3D2,0xD412,0xAB92,0x9B52,0x9B92,
0xA392,0x9372,0x8311,0x9311,0x9B52,0xA392,0xAB71,0x9B51,0x9B31,0x9331,0x9B30,0x9B30,0x9310,0x930F,0x92EF,0x9B0F,
0xA30F,0xA30F,0xAB0F,0xB32E,0xC34E,0xBB2E,0xC32D,0xCB4D,0xC34E,0xCB4E,0xC32D,0xC32D,0xCB4D,0xD34C,0xE38C,0xEBAB,
0xEB8A,0xF38A,0xFBAA,0xFBC9,0xFC09,0xFC28,0xFC28,0xFD89,0xFC88,0x91E7,0x4907,0x4927,0x5147,0x61A6,0x5987,0x5167,
0x5968,0x4928,0x496A,0x4129,0x4129,0x3928,0x3929,0x3949,0x416A,0x498B,0x51A9,0x20A5,0x0842,0x1863,0x1063,0x0842,
0x0843,0x0822,0x0022,0x0043,0x0023,0x0043,0x0022,0x0022,0x0022,0x0023,0x0022,0x0022,0x0022,0x0022,0x0001,0x0022,
0x0000,0x0000,0x0000,0x0000,0x0020,0x0040,0x0020,0x2201,0xBFEB,0x6505,0x4C04,0xBFEA,0x4BA4,0x0000,0x0040,0x0000,
0x0000,0x0020,0x75E8,0x3B44,0x0000,0x6CE6,0x6D07,0x5CA6,0x21E2,0x4384,0x21E2,0x7588,0x7588,0x3B44,0x0000,0x0000,
0x5446,0x1121,0x4BE6,0x2A83,0x64E6,0x6D27,0x19A1,0x2A22,0x6D67,0x2A63,0x7589,0x0040,0x0000,0x08A0,0x5C66,0x0080,
0x5CA5,0x08A0,0x21C2,0x43A4,0x4BA4,0x2262,0x5405,0x2A22,0x5405,0x19C2,0x7DE8,0x2222,0x75C7,0x00E0,0x5445,0x7D88,
0x3B04,0x32C3,0x3B23,0x0040,0x5CA6,0x7547,0x3B23,0x0000,0x0040,0x0060,0x0040,0x3A60,0xAD80,0x5BA0,0x00E0,0x0860,
0x0841,0x2082,0x28A2,0x30A2,0x1861,0x1861,0x1041,0x0020,0x0841,0x0862,0x0020,0x0022,0x1862,0x40E4,0x9201,0xAA40,
0x89E0,0x91E0,0x5920,0x1040,0x0022,0x0000,0x0000,0x0000,0x0000,0x1840,0x1860,0x1020,0x0820,0x1860,0x0000,0x0000,
0x0000,0x0000,0x0000,0x0000,0x0021,0x0021,0x0000,0x0000,0x0000,0x0000,0x0021,0x28A1,0x0000,0x0001,0x38E4,0x2082,
0x1062,0x3903,0x18A4,0x20C5,0x20E6,0x3126,0x30E3,0x3124,0x3123,0x51C9,0x49CA,0x4146,0x20A3,0x2061,0x2882,0x1041,
0x4104,0x6124,0x6966,0x71A6,0x5124,0x48E3,0x38A2,0x50E2,0x6165,0x69A7,0x5987,0x4946,0x2882,0x9A81,0xB221,0xBB03,
0xAB04,0x9A64,0x7163,0xF5AB,0xFE0B,0xF650,0xFF30,0xE5AB,0x6184,0x7225,0xFED2,0x8AE6,0x4880,0x58E1,0x8964,0x81E5,
0xDDF0,0xDE30,0xAC2C,0x18A6,0x192B,0x18E7,0x218A,0x11CF,0x39CB,0x422D,0x1A31,0x2231,0x29F0,0x498B,0x620B,0x220F,
0x01CE,0x016D,0x01AE,0x096B,0x098C,0x016C,0x09F0,0x01AE,0x016D,0x01EF,0x01AD,0x018D,0x016C,0x016C,0x19CD,0x4A2E,
0x5A2F,0x5270,0x7B32,0xC473,0xCC73,0xCC12,0xFD93,0xCC12,0x82F2,0x7333,0x2A72,0x2A71,0x2A51,0x2230,0x2A71,0x2A71,
0x3292,0x3AD2,0x32D2,0x52F2,0x6333,0x6354,0x5AF2,0x62F1,0x9392,0x9351,0x8B11,0x8B52,0x9B93,0x9B72,0x7B32,0x7311,
0x7B31,0x7B32,0x8B51,0xA390,0x8B31,0x8331,0x8331,0x7B11,0x8310,0x82F1,0x82F1,0x82F0,0x7AD0,0x7AD0,0x7AD0,0x82D0,
0x82AF,0x82AF,0x8AAF,0x8AAF,0x92CE,0x92CE,0x92AE,0xA2CD,0xA2CD,0xAACD,0xAACD,0xAACD,0xB2ED,0xB2CC,0xBAAC,0xBACB,
0xBACB,0xCAEB,0xDB2A,0xEB49,0xF349,0xFB68,0xFBE9,0xFC69,0xFBE8,0xEB08,0x91C8,0x5968,0x4928,0x4107,0x4947,0x5987,
0x7A07,0xA2E7,0x69C8,0x59A8,0x4149,0x4149,0x518A,0x51CB,0x51CB,0x4148,0x1863,0x1042,0x1043,0x1043,0x0843,0x0822,
0x0843,0x0822,0x0022,0x0022,0x0022,0x0022,0x0023,0x0022,0x0022,0x0002,0x0022,0x0022,0x0022,0x0022,0x0001,0x0001,
0x0000,0x0000,0x0000,0x0000,0x0020,0x0040,0x0040,0x1121,0x3282,0x75A6,0x96C7,0x32A2,0x1981,0x0020,0x0020,0x0020,
0x0020,0x0020,0x0000,0x0020,0x0040,0x0040,0x00A0,0x0020,0x0040,0x0040,0x0000,0x0020,0x0040,0x0000,0x0020,0x0020,
0x0020,0x0020,0x0040,0x0040,0x0060,0x00C0,0x0080,0x0040,0x0020,0x0020,0x0000,0x0000,0x0000,0x0020,0x0020,0x0040,
0x0060,0x0060,0x0040,0x0020,0x0020,0x0040,0x0060,0x0080,0x0060,0x0060,0x0060,0x0080,0x0080,0x00C0,0x0080,0x00E0,
0x00A0,0x0060,0x0060,0x00A0,0x0060,0x00C0,0x0080,0x0040,0x0060,0x00A0,0x00C0,0x0120,0x2A40,0x1980,0x0080,0x0040,
0x0020,0x1883,0x28C4,0x1882,0x2082,0x28A2,0x2082,0x0841,0x1061,0x1061,0x0821,0x0841,0x1862,0x28A3,0x38C1,0x9201,
0x9A20,0x81C0,0x9221,0x9220,0x5120,0x1880,0x0840,0x0820,0x0000,0x2060,0x2880,0x0820,0x0000,0x1860,0x0020,0x0820,
0x0020,0x0000,0x0000,0x0821,0x0841,0x0000,0x0000,0x0820,0x0000,0x08C5,0x1926,0x2947,0x82A8,0x9308,0x7226,0x4963,
0x2902,0x51A4,0x4184,0x59C6,0x4985,0x3944,0x20A2,0x4167,0x4146,0x51EB,0x39AA,0x1884,0x1063,0x1861,0x0820,0x0000,
0x2841,0x40A3,0x6187,0x71A7,0x6987,0x5946,0x48E4,0x6145,0x5946,0x6166,0x5146,0x5147,0x30A3,0x2020,0x5020,0xB344,
0x6982,0x89A2,0x9A44,0xF5CC,0xFE0B,0xE52A,0xFE8D,0xEDAB,0x71E5,0x6184,0xBBE9,0x8285,0x4840,0x50C1,0x7964,0x81C5,
0xDDAF,0xFF93,0xABE9,0x4923,0x2106,0x0865,0x1084,0x0066,0x18A3,0x4164,0x31C9,0x39CB,0x39AA,0x4144,0x4A6B,0x0211,
0x0107,0x0906,0x0211,0x0929,0x10A3,0x092A,0x012B,0x098D,0x09AD,0x11AD,0x016C,0x012A,0x194A,0x012A,0x014A,0x114B,
0x424E,0x6ACE,0x49CB,0xB36C,0x9B70,0x6A8F,0xA2EE,0x72D1,0x5291,0x4AD2,0x4AB2,0x52D2,0x52F2,0x4B14,0x4B14,0x4B34,
0x4B35,0x4B34,0x5335,0x5B54,0x5B54,0x5B34,0x42B1,0x52D1,0x8B94,0x7B53,0x7312,0x6312,0x62F2,0x72F1,0x62D1,0x6AF1,
0x7311,0x6AF1,0x72F0,0xABEF,0x8310,0x72F1,0x72F1,0x6AD1,0x6AD1,0x6AD1,0x6AD1,0x6AD0,0x72B0,0x6290,0x6290,0x6290,
0x6A90,0x728F,0x728F,0x728F,0x726E,0x7A6E,0x7A6E,0x7A4E,0x826E,0x8A6D,0x9A8D,0x928D,0x926D,0x926C,0x9A6C,0xA26C,
0xAA8B,0xAAAB,0xAAAA,0xC2EA,0xD2EA,0xD2E9,0xE349,0xF389,0xEB49,0xE309,0xCAA9,0x9A2A,0x69CA,0x598A,0x598A,0x69C9,
0x59A9,0x5989,0x4127,0x82A8,0x8AC8,0x4128,0x59A8,0x3106,0x1043,0x2063,0x1043,0x1063,0x1043,0x0843,0x0822,0x0822,
0x0022,0x0022,0x0022,0x0022,0x0022,0x0022,0x0022,0x0022,0x0002,0x0001,0x0002,0x0002,0x0022,0x0022,0x0001,0x0001,
0x0000,0x0000,0x0000,0x0000,0x0000,0x0020,0x0000,0x0000,0x0000,0x00C0,0x0900,0x0000,0x0020,0x0040,0x0060,0x0040,
0x0000,0x0000,0x0000,0x0000,0x0000,0x0000,0x0000,0x0000,0x0000,0x0000,0x0000,0x0000,0x0000,0x0000,0x0000,0x0000,
0x0000,0x0000,0x0000,0x0000,0x0000,0x0000,0x0000,0x0000,0x0000,0x0000,0x0000,0x0000,0x0000,0x0000,0x0000,0x0000,
0x0000,0x0000,0x0000,0x0000,0x0000,0x0000,0x0000,0x0060,0x0080,0x00E0,0x0180,0x0220,0x0280,0x0280,0x0AA0,0x0AA0,
0x12C0,0x1AE1,0x1AC1,0x1AE2,0x2322,0x1B42,0x1B22,0x1B02,0x22E3,0x01E0,0x0140,0x0100,0x00A0,0x0060,0x0040,0x0020,
0x0000,0x0841,0x1063,0x0862,0x1862,0x28C3,0x0800,0x2860,0x1881,0x1062,0x0020,0x1060,0x30E0,0x2080,0x0000,0x30E2,
0x7981,0xB220,0xA220,0x6140,0x81A0,0x5120,0x4900,0x30A0,0x2880,0x30A1,0x2060,0x0000,0x0000,0x2080,0x0820,0x0000,
0x0860,0x0020,0x0000,0x1882,0x3944,0x1882,0x1062,0x28A3,0x1041,0x08C5,0x00A6,0x2987,0xA307,0x7A25,0x7286,0x2080,
0x1860,0x38E2,0x59C6,0x39A8,0x2946,0x2988,0x20A2,0x49A9,0x4188,0x2907,0x49C9,0x30C2,0x28A2,0x2881,0x1020,0x0820,
0x4904,0x4904,0x5166,0x6187,0x6187,0x71C6,0x5925,0x6187,0x5946,0x5145,0x40E5,0x4947,0x3083,0x1020,0x68C1,0xB365,
0x2840,0xB2E5,0xB2E5,0xD52B,0xFE2C,0xE529,0xFE8D,0xD50A,0x8245,0x5964,0x6983,0x5983,0x6101,0x71A2,0x79A4,0x79C5,
0xCCED,0xEE2F,0x9348,0x5163,0x59A5,0x59C6,0x69E6,0x3987,0x4164,0x4962,0x3985,0x4165,0x51A4,0x61C3,0x51C7,0x21ED,
0x0000,0x18A2,0x21CC,0x0821,0x1000,0x3944,0x11CE,0x098D,0x11AD,0x1929,0x21AC,0x012B,0x298C,0x39CC,0x194B,0x090A,
0x298C,0x318C,0x418B,0x49CB,0x49CB,0x3149,0x726C,0x39CC,0x114B,0x424E,0x116B,0x116B,0x420C,0x322E,0x2A2F,0x3A4E,
0x4A91,0x7BF4,0x9452,0x5334,0x4AF2,0x5B13,0x6B54,0x5AB0,0x4A6F,0x4AB1,0x52D2,0x52F3,0x5B13,0x62F2,0x52D1,0x52D1,
0x6312,0x52D1,0x5AB1,0x6291,0x6290,0x6AD1,0x62B1,0x5AB1,0x5AB1,0x5AB1,0x5AB1,0x5AB1,0x5AB0,0x5290,0x5290,0x5290,
0x5A70,0x5A6F,0x5A6F,0x624F,0x624F,0x622E,0x6A2E,0x6A2E,0x6A2D,0x722D,0x722D,0x7A4D,0x7A4D,0x824D,0x8A6C,0x8A4C,
0x8A4C,0x9A4B,0xA24B,0xAA6B,0xB28A,0xBAAA,0xCB0A,0xCAE9,0xC2A9,0xC2AA,0xC2AA,0xBA8B,0xAA8D,0x9A8E,0x8A6F,0x71EB,
0x69CA,0x4949,0x3928,0x3107,0x3926,0x20A5,0x1042,0x0822,0x1843,0x1022,0x0842,0x0842,0x0843,0x0022,0x0822,0x0843,
0x0023,0x0022,0x0022,0x0022,0x0022,0x0022,0x0022,0x0022,0x0002,0x0022,0x0002,0x0001,0x0022,0x0002,0x0001,0x0001,
0x0000,0x0000,0x0000,0x0000,0x0020,0x0020,0x5362,0x21C0,0x0000,0x0000,0x0000,0x0020,0x0020,0x0040,0x0040,0x29E0,
0x5B40,0x4AC0,0x4AC0,0x4AA0,0x4AA0,0x4AA0,0x4A60,0x4A60,0x4A60,0x4A80,0x4260,0x4A60,0x4A60,0x4A60,0x4260,0x4280,
0x4AA0,0x4AA0,0x52A0,0x4A80,0x4A80,0x4A80,0x5280,0x5280,0x52A0,0x52A0,0x52A0,0x5280,0x5280,0x52A0,0x52A0,0x52A0,
0x52A0,0x5280,0x52A0,0x52A0,0x52A0,0x52C0,0x4AE0,0x4B20,0x4B60,0x4C21,0x4CC2,0x4D02,0x5563,0x55A4,0x55A4,0x5DC4,
0x65E5,0x6605,0x6E06,0x6E27,0x6E46,0x6E47,0x6E47,0x6E86,0x76A8,0x4504,0x8E69,0x4C24,0x0080,0x0080,0x0040,0x0000,
0x0000,0x0000,0x0021,0x0841,0x0841,0x18A2,0x0841,0x0000,0x0841,0x0000,0x0000,0x0021,0x28E1,0x5161,0x38E2,0x38E2,
0x0820,0x6941,0x89C0,0x9A00,0x89A0,0x9A20,0x79C0,0x40E0,0x30C0,0x4102,0x28A2,0x1041,0x1040,0x1040,0x0820,0x0000,
0x0000,0x1060,0x0000,0x1862,0x3924,0x1862,0x1042,0x1862,0x1020,0x08E7,0x00C7,0x3188,0x3923,0x7205,0x7A25,0x2080,
0x2081,0x40E2,0x6A27,0x4A2C,0x2107,0x116C,0x20C4,0x28E5,0x1883,0x10E7,0x4167,0x30C2,0x2882,0x3082,0x2061,0x2061,
0x5185,0x5164,0x5946,0x6186,0x6186,0x6184,0x79C6,0x79E7,0x5945,0x61E5,0x5186,0x5166,0x4102,0x4102,0x7943,0xA2E5,
0x69A2,0x9A85,0x9264,0x82E6,0xD54B,0xC489,0xD56B,0x9B87,0x7A04,0x61A4,0x5984,0x7266,0x5983,0x61A3,0x8246,0x5144,
0xCCEC,0xF5ED,0x9B88,0x4123,0x3945,0x18A5,0x5185,0x3146,0x4965,0x4943,0x28C3,0x18A2,0x2082,0x30E2,0x4901,0x30A1,
0x0020,0x0000,0x0821,0x0000,0x1020,0x6141,0x29CC,0x010A,0x0042,0x0800,0x3906,0x00E9,0x114B,0x41ED,0x82CE,0x9B6E,
0x7ACD,0x194D,0x628F,0x836E,0x31AB,0x39AB,0x41CC,0x7AF0,0x218C,0x198B,0x116A,0x31CA,0x31EB,0x31AB,0x31AB,0x194A,
0x5A0C,0x7ACD,0x8B29,0x5A0C,0x192A,0x218B,0x318A,0x1907,0x00A6,0x08E7,0x2169,0x526F,0x4A6F,0x6333,0x5B34,0x5313,
0x4290,0x4AF2,0x4AD2,0x422E,0x4A71,0x3A0E,0x39ED,0x5AD2,0x52B1,0x52B1,0x52B0,0x5AB1,0x52B1,0x52B0,0x5290,0x5290,
0x5290,0x5290,0x524F,0x524F,0x5A2E,0x5A2E,0x5A2E,0x5A2E,0x5A0E,0x59ED,0x620D,0x620E,0x6A2D,0x6A2D,0x720D,0x7A2D,
0x8A4C,0x8A4C,0x924B,0x9A4B,0xA26B,0xAA6A,0xB2AA,0xBAEA,0xCB2A,0xCB0B,0xBA8A,0x6988,0x79EA,0x59A9,0x92EB,0x30E6,
0x28E6,0x30E6,0x20A6,0x28C6,0x1885,0x1864,0x1022,0x1863,0x1043,0x0822,0x0021,0x0822,0x0822,0x0843,0x0843,0x0843,
0x0022,0x0022,0x0022,0x0022,0x0022,0x0002,0x0022,0x0022,0x0022,0x0022,0x0002,0x0002,0x0002,0x0001,0x0001,0x0001,
0x0000,0x0000,0x0000,0x0000,0x0000,0x0020,0x3AA1,0x3A80,0x3A00,0x4260,0x4280,0x4AC0,0x4AC0,0x52C0,0x4AC0,0x73E0,
0x9D00,0x94A0,0x94A0,0x94A0,0x7C00,0x73A0,0x73A0,0x6B80,0x5B20,0x6300,0x7360,0x52A0,0x5AE0,0x5B00,0x52A0,0x52A0,
0x5AE0,0x5AE0,0x52C0,0x52A0,0x4A80,0x4A80,0x52A0,0x4A80,0x4A60,0x4A60,0x4260,0x4240,0x4240,0x4240,0x4240,0x4240,
0x4240,0x4220,0x3A00,0x3A20,0x3A20,0x3A20,0x3A40,0x3A60,0x3AC0,0x3BA0,0x3BE1,0x33A1,0x3382,0x33A2,0x33C2,0x33E2,
0x3403,0x3403,0x33E3,0x3403,0x3403,0x3423,0x3462,0x2BC2,0x2BA2,0x33C3,0x5CE6,0x2B02,0x0080,0x0060,0x0060,0x0020,
0x0000,0x0000,0x0000,0x0020,0x1082,0x1082,0x0841,0x0000,0x0000,0x0020,0x0021,0x0021,0x0862,0x0862,0x1862,0x1882,
0x0000,0x30E3,0x38E2,0x89E3,0x79E3,0x81C0,0x81C0,0x81C0,0x5940,0x5120,0x79C0,0x40E1,0x1860,0x1060,0x0000,0x0000,
0x0000,0x1020,0x0020,0x18A2,0x28C2,0x0000,0x0000,0x1041,0x1040,0x08E6,0x00C7,0x2946,0x8204,0xAAC5,0x71A3,0x2081,
0x30E2,0x30C2,0x1820,0x1841,0x1062,0x2083,0x1841,0x1883,0x1861,0x0842,0x3944,0x1882,0x0000,0x0800,0x0000,0x0000,
0x5165,0x4124,0x4906,0x5167,0x5147,0x5966,0x5966,0x5126,0x48E5,0x61E6,0x4926,0x38E4,0x1841,0x1020,0x48A2,0xBC27,
0x8224,0x9224,0xB305,0xA3C7,0xFE0C,0xF56B,0xFE6D,0xCC89,0x69E4,0x38E2,0x61A4,0x8AE6,0x40C1,0x4902,0x61E6,0x40E3,
0xDD2C,0xFE2C,0x9B87,0x3902,0x5185,0x18A3,0x3903,0x28C3,0x20A2,0x4122,0x4123,0x38E2,0x4123,0x4122,0x3922,0x0000,
0x0000,0x0000,0x0000,0x0000,0x1840,0x1840,0x28A2,0x28A1,0x0000,0x1840,0x7164,0x6A4C,0x3A2E,0x21AE,0x524E,0xA38E,
0x7A6B,0x318C,0x6A6B,0x8AC9,0x4A72,0x3210,0x21CE,0x522D,0x520E,0x29AC,0x6A8F,0x21AD,0x014C,0x218B,0x314A,0x114B,
0x118D,0x094C,0x194C,0x296B,0x00A8,0x08E8,0x1928,0x00C7,0x00C8,0x31AA,0x0908,0x1907,0x3968,0x21AC,0x322E,0x3A90,
0x318B,0x5A90,0x10E7,0x10C6,0x39CB,0x0065,0x10E7,0x4AB1,0x4A91,0x5B13,0x6313,0x4A6F,0x5AB0,0x5AD1,0x5AB1,0x52B1,
0x4A90,0x5291,0x5290,0x5A8F,0x5A4F,0x4A70,0x4A70,0x4A50,0x5250,0x524F,0x5A4F,0x5A4F,0x5A4F,0x622E,0x722E,0x722D,
0x7A2D,0x824D,0x8A4C,0xA28D,0x69C9,0x61A8,0xB2CB,0x9A69,0x4945,0x61A7,0x6187,0x3906,0x28C6,0x2085,0x28C5,0x20A6,
0x30C7,0x28C7,0x20A5,0x1864,0x1042,0x0822,0x1042,0x0843,0x0843,0x0822,0x0021,0x0022,0x0843,0x0022,0x0043,0x0022,
0x0022,0x0022,0x0022,0x0001,0x0001,0x0001,0x0001,0x0001,0x0002,0x0002,0x0001,0x0002,0x0022,0x0022,0x0001,0x0000,
0x0000,0x0000,0x0000,0x0000,0x0000,0x0020,0x0000,0x0020,0x1920,0x4240,0x4260,0x4260,0x4280,0x4260,0x4260,0x3A20,
0x31E0,0x31E0,0x29A0,0x29A0,0x2140,0x2140,0x2980,0x1920,0x0080,0x0040,0x0040,0x0000,0x0000,0x0000,0x0000,0x0000,
0x0000,0x0000,0x0000,0x0000,0x0000,0x0000,0x0000,0x0000,0x0000,0x0000,0x0000,0x0000,0x0000,0x0000,0x0000,0x0000,
0x0000,0x0000,0x0000,0x0000,0x0000,0x0000,0x0000,0x0020,0x0080,0x0100,0x0100,0x0100,0x0100,0x0120,0x0120,0x0100,
0x0120,0x0120,0x0120,0x0120,0x0120,0x0140,0x0160,0x0100,0x0100,0x0100,0x0080,0x0080,0x0080,0x0020,0x0000,0x0040,
0x0020,0x0000,0x0000,0x0000,0x0021,0x0862,0x0020,0x0000,0x0000,0x0021,0x0862,0x20C3,0x1882,0x0021,0x0841,0x3104,
0x1861,0x0000,0x28A2,0x2881,0x1881,0x6161,0x4900,0x4920,0x38E0,0x4120,0x5160,0x5940,0x28A0,0x30C0,0x1860,0x1860,
0x0820,0x0820,0x0000,0x1861,0x28C2,0x0841,0x0841,0x0841,0x0000,0x0064,0x00A7,0x3167,0x8A25,0x7A05,0x6983,0x1840,
0x28C3,0x0842,0x1020,0x4080,0x1860,0x5140,0x40E0,0x2881,0x2861,0x0821,0x38E3,0x2081,0x0820,0x1041,0x1061,0x1042,
0x5965,0x4103,0x38C5,0x5146,0x5146,0x69A6,0x5965,0x4925,0x4905,0x61E6,0x5145,0x4924,0x3081,0x40A1,0x58E3,0xB3E5,
0x71C2,0x91E3,0xCBC6,0xA3A7,0xE509,0xCC48,0xDCEA,0xB3A7,0x8245,0x59A3,0x6183,0xA306,0x5983,0x4122,0x4944,0x5164,
0xD4EB,0xF5ED,0x9B66,0x4101,0x5161,0x5181,0x4922,0x5983,0x61E1,0x4921,0x4122,0x3902,0x4122,0x3923,0x3103,0x0000,
0x0000,0x0000,0x0820,0x0000,0x0000,0x1860,0x28A0,0x40C0,0x4163,0x0000,0x5943,0x61A6,0x41CA,0x010B,0x2A51,0x29EF,
0x196B,0x0021,0x0000,0x1020,0x30E5,0x62CF,0x3250,0x0109,0x216B,0x4A6F,0x298C,0x29AD,0x29ED,0x41EC,0x49ED,0x62AF,
0x6B32,0x42D2,0x2A4F,0x6AAF,0x6AAF,0x41ED,0x196B,0x298B,0x6A8E,0x6A8F,0x118C,0x4A0E,0x41EC,0x00E7,0x00E7,0x00C7,
0x1108,0x10A5,0x0023,0x0064,0x0885,0x0065,0x28E4,0x61A6,0x3989,0x41EC,0x31CC,0x1907,0x10C6,0x31AB,0x42B1,0x322E,
0x5334,0x5313,0x5B34,0x5AF3,0x5B13,0x52F2,0x4AF2,0x52F2,0x5AF2,0x5AD1,0x5AB1,0x62B1,0x62B1,0x6A90,0x728F,0x726F,
0x7A4E,0x7A2D,0x8A6D,0x5168,0x5987,0x7A08,0xA269,0x6166,0x0043,0x1084,0x3926,0x4126,0x28C6,0x28C6,0x30E8,0x30E7,
0x28A5,0x1863,0x0822,0x1043,0x0822,0x0822,0x0822,0x0843,0x0822,0x0022,0x0022,0x0023,0x0022,0x0022,0x0022,0x0022,
0x0022,0x0022,0x0022,0x0022,0x0022,0x0022,0x0021,0x0042,0x0042,0x0002,0x0002,0x0022,0x0022,0x0042,0x0021,0x0001,
0x0000,0x0000,0x0000,0x0000,0x0000,0x0000,0x0020,0x0020,0x0000,0x0000,0x0000,0x0000,0x0000,0x0000,0x0000,0x0020,
0x0020,0x0020,0x0020,0x0020,0x0020,0x0020,0x0020,0x0020,0x0020,0x0020,0x0020,0x0020,0x0020,0x0020,0x0020,0x0020,
0x0020,0x0020,0x0020,0x0020,0x0020,0x0020,0x0020,0x0020,0x0020,0x0020,0x0020,0x0020,0x0020,0x0020,0x0020,0x0020,
0x0020,0x0000,0x0000,0x0020,0x0020,0x0020,0x0020,0x0060,0x0080,0x0080,0x0080,0x0080,0x00A0,0x00A0,0x00A0,0x0080,
0x0080,0x00A0,0x00A0,0x00A0,0x00A0,0x00A0,0x0080,0x00A0,0x0080,0x0080,0x0080,0x0040,0x0020,0x0020,0x0000,0x0000,
0x0821,0x0000,0x0000,0x0000,0x0000,0x0020,0x0000,0x0000,0x0000,0x0000,0x0021,0x18C3,0x3145,0x20A3,0x0821,0x20A3,
0x4125,0x1061,0x0000,0x0820,0x0000,0x38C1,0x71A2,0x61A0,0x4960,0x28C0,0x1880,0x1880,0x2080,0x6180,0x5960,0x28A0,
0x1060,0x1040,0x0000,0x1041,0x28C2,0x1081,0x0841,0x0062,0x0020,0x00C6,0x00E7,0x18E4,0x30A2,0x20A2,0x2060,0x2860,
0x20A3,0x28E3,0x7A04,0x8203,0x5182,0x28C1,0x1041,0x1861,0x2881,0x0020,0x2881,0x2861,0x1861,0x2061,0x1861,0x1861,
0x4943,0x4923,0x4904,0x5965,0x4105,0x5124,0x5145,0x4925,0x40E4,0x59C4,0x3904,0x4103,0x38A1,0x58C1,0x50C2,0xA345,
0x5121,0x81C2,0xC3A6,0xABC7,0xE509,0xBBC7,0xECE8,0xB386,0x71C3,0x4922,0x38A1,0x8224,0x38E1,0x28A1,0x5122,0x5123,
0xD4AB,0xFDAD,0xA387,0x5182,0x61C2,0x6181,0x79E2,0x61A2,0x6180,0x69A0,0x5140,0x30C1,0x4102,0x4943,0x4143,0x0000,
0x0800,0x0000,0x0000,0x0020,0x0000,0x1040,0x1040,0x0000,0x59A1,0x30E0,0x5162,0x30A1,0x4903,0x1881,0x30E4,0x2148,
0x0021,0x0000,0x0000,0x1880,0x3080,0x38C0,0x29CD,0x11AE,0x3A2E,0x8BB3,0x096C,0x19CD,0x6B32,0x5291,0x62F1,0x8B31,
0x49ED,0x00E9,0x00E8,0x5A0C,0x5270,0x4A90,0x528F,0xB371,0x622C,0x29CC,0x21ED,0x29CD,0x31EE,0x526D,0x2127,0x0064,
0x08A6,0x0065,0x0065,0x0065,0x0065,0x0064,0x0884,0x18A3,0x1083,0x0064,0x0043,0x0043,0x0022,0x0043,0x08E6,0x08C6,
0x6A8E,0x62CF,0x39EC,0x5B13,0x4AB1,0x5B54,0x6B95,0x6B74,0x7394,0x7354,0x7333,0x6AF2,0x6AD1,0x7B12,0x7AF2,0x7AD1,
0x7A90,0x82B0,0x3948,0x0864,0x0864,0x10A4,0x18A4,0x30E5,0x28C5,0x4126,0x4105,0x38E6,0x3907,0x4128,0x3908,0x1063,
0x0821,0x0822,0x0842,0x0842,0x0021,0x0021,0x0022,0x0022,0x0022,0x0022,0x0022,0x0022,0x0023,0x0002,0x0002,0x0022,
0x0022,0x0022,0x0022,0x0022,0x0022,0x0021,0x0001,0x0042,0x0022,0x0022,0x0022,0x0022,0x0021,0x0021,0x0021,0x0001,
0x0000,0x0000,0x0000,0x0000,0x0000,0x0000,0x0000,0x0000,0x0000,0x0020,0x0020,0x0020,0x0020,0x0020,0x0040,0x0040,
0x0040,0x0040,0x0040,0x0040,0x0040,0x0020,0x0020,0x0020,0x0020,0x0020,0x0000,0x0000,0x0000,0x0000,0x0000,0x0000,
0x0000,0x0000,0x0000,0x0000,0x0000,0x0000,0x0000,0x0000,0x0000,0x0000,0x0000,0x0000,0x0000,0x0000,0x0000,0x0000,
0x0000,0x0000,0x0000,0x0000,0x0000,0x0000,0x0020,0x0020,0x0020,0x0020,0x0020,0x0020,0x0040,0x0040,0x0040,0x0040,
0x0060,0x0060,0x0040,0x0040,0x0040,0x0040,0x0040,0x0040,0x0020,0x0040,0x0060,0x0020,0x0000,0x0000,0x0000,0x0000,
0x0000,0x0000,0x0000,0x0000,0x0000,0x0000,0x0000,0x0000,0x0000,0x0000,0x0021,0x0841,0x1083,0x0841,0x0841,0x0000,
0x3904,0x3904,0x1882,0x1041,0x0820,0x1041,0x5965,0x28C2,0x4941,0x38E0,0x28C0,0x0000,0x1060,0x38E0,0x5960,0x40E0,
0x30C0,0x28A0,0x20A0,0x28A1,0x3102,0x1060,0x0021,0x1061,0x1860,0x10E5,0x0108,0x1106,0x28E4,0x3105,0x1020,0x30A2,
0x2905,0x2127,0x3168,0x3148,0x1084,0x0801,0x1861,0x0000,0x1860,0x0800,0x28C1,0x1060,0x0000,0x0000,0x0000,0x0020,
0x4122,0x30E2,0x2882,0x4104,0x28C4,0x38E3,0x38E4,0x30C4,0x30A3,0x61C5,0x38C5,0x2883,0x2000,0x4000,0x3061,0xBC06,
0x79E2,0x8161,0xC386,0xABC7,0xF528,0xC3E6,0xEC86,0x92A5,0x6162,0x4942,0x3902,0x7204,0x6A45,0x4142,0x2061,0x3040,
0xDCCA,0xDCA9,0x9AE3,0x6181,0x6961,0x5100,0x4921,0x30A1,0x38E0,0x4900,0x6160,0x5140,0x40C0,0x4922,0x4122,0x1040,
0x1860,0x0020,0x0000,0x0000,0x0000,0x0000,0x0000,0x0000,0x0820,0x1860,0x1040,0x4920,0x40E0,0x1860,0x0800,0x0000,
0x0000,0x0000,0x0820,0x0020,0x20A0,0x38A0,0x41CC,0x39AD,0x7373,0x4AD3,0x096B,0x096B,0x00EA,0x0109,0x0109,0x010A,
0x196A,0x08C7,0x1108,0x1109,0x096B,0x19AB,0x21AA,0x39A9,0x6209,0x1927,0x1968,0x39A8,0x1108,0x00A6,0x0065,0x0085,
0x0085,0x0085,0x0065,0x0086,0x0085,0x0044,0x0064,0x0064,0x0023,0x0085,0x0064,0x0043,0x0043,0x0064,0x0043,0x1084,
0x4967,0x30E5,0x4105,0x28E6,0x0043,0x31AA,0x4A4D,0x1948,0x5AB0,0x318A,0x39EB,0x62B0,0x10C6,0x41EC,0x39AA,0x1907,
0x2127,0x3989,0x10C5,0x10C5,0x20E5,0x20E5,0x4125,0x4925,0x5945,0x4105,0x28C5,0x20A5,0x40E7,0x28A5,0x1043,0x0822,
0x0842,0x0843,0x0822,0x0022,0x0022,0x0022,0x0843,0x0022,0x0022,0x0021,0x0001,0x0022,0x0002,0x0022,0x0022,0x0022,
0x0022,0x0001,0x0022,0x0022,0x0022,0x0001,0x0001,0x0043,0x0043,0x0063,0x0001,0x0001,0x0001,0x0001,0x0000,0x0000,
0x0000,0x0000,0x0000,0x0000,0x0000,0x0000,0x0000,0x0000,0x0000,0x0000,0x0000,0x0000,0x0000,0x0000,0x0020,0x0040,
0x0040,0x0020,0x0040,0x0040,0x0020,0x0020,0x0000,0x0000,0x0000,0x0000,0x0000,0x0000,0x0000,0x0000,0x0000,0x0000,
0x0000,0x0000,0x0000,0x0000,0x0000,0x0000,0x0000,0x0000,0x0000,0x0000,0x0000,0x0000,0x0000,0x0000,0x0000,0x0000,
0x0000,0x0000,0x0000,0x0000,0x0000,0x0000,0x0020,0x0000,0x0000,0x0000,0x0000,0x0000,0x0020,0x0000,0x0000,0x0020,
0x0020,0x0020,0x0020,0x0020,0x0000,0x0020,0x0020,0x0000,0x0000,0x0000,0x0000,0x0020,0x0000,0x0000,0x0000,0x0000,
0x0000,0x0000,0x0000,0x0000,0x0000,0x0000,0x0000,0x0021,0x0041,0x0000,0x0000,0x0020,0x0840,0x0000,0x1062,0x1041,
0x30A3,0x2082,0x1881,0x1061,0x30C2,0x5144,0x0000,0x0000,0x30C1,0x5960,0x30C0,0x1020,0x0020,0x1040,0x30C0,0x38E0,
0x5980,0x4100,0x61A0,0x61A0,0x4101,0x69A0,0x5160,0x30E2,0x28E3,0x0020,0x0041,0x0021,0x0041,0x0042,0x0000,0x08A1,
0x08A4,0x08C5,0x0000,0x0063,0x08C5,0x1082,0x40E0,0x5940,0x69A1,0x4102,0x59A3,0x4102,0x20A3,0x2083,0x2084,0x0822,
0x3902,0x30E1,0x20A1,0x28E2,0x20C2,0x30C2,0x20A2,0x28C3,0x4104,0x61E4,0x28A3,0x1862,0x2020,0x4020,0x3841,0xB9E1,
0xAA22,0x50A0,0x69E3,0x7A85,0xDCCA,0xB3A7,0xAC08,0xC448,0x7A64,0x4962,0x20A0,0x4941,0x7203,0x5160,0x6A00,0x61C1,
0x9241,0x99E0,0x7960,0x79A1,0x9222,0x81E3,0x61A3,0x5982,0x8A42,0x6204,0x5982,0x7A41,0x4940,0x3100,0x4900,0x5120,
0x38E0,0x4100,0x0820,0x0000,0x0820,0x1860,0x0000,0x0000,0x0000,0x0841,0x1040,0x1860,0x1860,0x38E0,0x3900,0x1060,
0x0020,0x0000,0x0000,0x10A0,0x0860,0x4100,0x5961,0x1020,0x19AE,0x11AD,0x00E9,0x4A4E,0x6AAF,0x7B12,0x3147,0x2967,
0x428F,0x198B,0x31CB,0x298A,0x094A,0x00E8,0x00A6,0x00C4,0x00E7,0x00A6,0x00E7,0x2948,0x2169,0x0086,0x00A6,0x1108,
0x08C6,0x08A5,0x0085,0x00A6,0x08A5,0x08A5,0x0043,0x1905,0x39A6,0x0043,0x0043,0x0043,0x0043,0x0064,0x0064,0x08A5,
0x08C6,0x08A5,0x10A4,0x1083,0x0063,0x0083,0x10A4,0x0083,0x10A4,0x0883,0x0083,0x10E5,0x08A4,0x08A4,0x00A4,0x0084,
0x10C4,0x20E4,0x3125,0x3126,0x3926,0x4125,0x5125,0x40E5,0x38C5,0x2084,0x1064,0x28A5,0x30A5,0x0822,0x0822,0x0822,
0x0822,0x0842,0x0022,0x0021,0x0843,0x0843,0x0822,0x0843,0x0823,0x0022,0x0022,0x0001,0x0001,0x0022,0x0002,0x0022,
0x0002,0x0022,0x0022,0x0022,0x0001,0x0001,0x0002,0x0064,0x0043,0x0022,0x0022,0x0022,0x0001,0x0000,0x0001,0x0001,
0x0000,0x0000,0x0000,0x0000,0x0000,0x0000,0x0000,0x0000,0x0000,0x0000,0x0000,0x0000,0x0000,0x0000,0x0020,0x0020,
0x0040,0x0040,0x0060,0x0040,0x0040,0x0020,0x0000,0x0000,0x0000,0x0000,0x0000,0x0000,0x0000,0x0000,0x0000,0x0000,
0x0000,0x0000,0x0000,0x0000,0x0000,0x0000,0x0000,0x0000,0x0000,0x0000,0x0000,0x0000,0x0000,0x0020,0x0060,0x0040,
0x0020,0x0000,0x0000,0x0000,0x0000,0x0000,0x0000,0x0000,0x0000,0x0000,0x0000,0x0000,0x0000,0x0000,0x0000,0x0000,
0x0000,0x0000,0x0000,0x0000,0x0000,0x0000,0x0000,0x0000,0x0000,0x0000,0x0000,0x0000,0x0000,0x0000,0x0000,0x0000,
0x0000,0x0000,0x0000,0x0000,0x0000,0x0000,0x0000,0x0000,0x0020,0x0000,0x0000,0x0000,0x0020,0x0821,0x28E6,0x20A4,
0x4904,0x3924,0x1061,0x1020,0x28A1,0x5122,0x2880,0x1040,0x0820,0x30C0,0x2880,0x1040,0x0000,0x0000,0x1040,0x1860,
0x5980,0x6180,0x2880,0x2060,0x0000,0x3901,0x30E1,0x10E5,0x0020,0x0041,0x0000,0x0000,0x0841,0x0883,0x08A1,0x0880,
0x0041,0x0000,0x0000,0x0042,0x0021,0x0041,0x1040,0x38C0,0x4920,0x5183,0x61C4,0x8A44,0xA2E6,0x92A6,0x9AC4,0xB2E2,
0x6180,0x6962,0x5122,0x40E2,0x40E2,0x4102,0x5162,0x6182,0x4941,0x4141,0x61A1,0x5182,0x51C4,0x61C2,0x4902,0xA2C4,
0x7A83,0x9B41,0x7241,0x6A02,0xC423,0x7A82,0x69A0,0xB340,0x69C1,0xA2C3,0x8A42,0x5162,0x8AA5,0x69C1,0x6180,0x4920,
0x6182,0x69E3,0x6203,0x4100,0xAB05,0xBB67,0x92C4,0x1860,0x6A03,0x7204,0x4123,0x61E4,0x5160,0x4940,0x5120,0x5900,
0x2061,0x1020,0x2060,0x4900,0x6960,0x5960,0x1040,0x0820,0x0000,0x0820,0x0000,0x0820,0x1060,0x1040,0x5980,0x30E0,
0x0000,0x0820,0x0000,0x1080,0x0020,0x4940,0x6140,0x1840,0x30E3,0x1880,0x00C6,0x2251,0x4A70,0x29CE,0x0842,0x0020,
0x010A,0x00E9,0x3968,0x826B,0x930E,0x59EC,0x2927,0x1880,0x4A0B,0x4A0C,0x298A,0x1949,0x00E7,0x00C6,0x00E7,0x00E7,
0x00C6,0x0085,0x08C5,0x2125,0x08C5,0x0085,0x0064,0x0063,0x1905,0x0084,0x0064,0x0064,0x0084,0x0064,0x08C6,0x00A5,
0x0064,0x0884,0x0042,0x0042,0x0063,0x0883,0x10A3,0x10A3,0x10A4,0x10C4,0x18E4,0x18C4,0x2104,0x2104,0x18E4,0x18E5,
0x20E5,0x18E4,0x20E4,0x18A4,0x20A4,0x30C5,0x1084,0x1084,0x1884,0x1063,0x18A4,0x1863,0x0021,0x0842,0x0842,0x0822,
0x0021,0x0021,0x0822,0x0843,0x0843,0x0843,0x0843,0x0843,0x0022,0x0001,0x0021,0x0001,0x0001,0x0022,0x0022,0x0022,
0x0022,0x0022,0x0022,0x0022,0x0022,0x0043,0x0022,0x0022,0x0001,0x0043,0x0022,0x0001,0x0001,0x0001,0x0022,0x0022,
0x0000,0x0000,0x0000,0x0000,0x0000,0x0000,0x0000,0x0000,0x0000,0x0000,0x0000,0x0000,0x0000,0x0000,0x0020,0x0040,
0x0060,0x0080,0x0060,0x0080,0x0060,0x0040,0x0020,0x0000,0x0000,0x0000,0x0000,0x0000,0x0000,0x0000,0x0020,0x0020,
0x0020,0x0020,0x0020,0x0020,0x0000,0x0020,0x0020,0x0020,0x0020,0x0020,0x0020,0x0000,0x0000,0x0020,0x00A0,0x0900,
0x1180,0x1A21,0x0900,0x0000,0x0020,0x0000,0x0000,0x0000,0x0000,0x0000,0x0000,0x0000,0x0000,0x0000,0x0000,0x0000,
0x0000,0x0000,0x0000,0x0000,0x0000,0x0000,0x0000,0x0000,0x0000,0x0000,0x0000,0x0000,0x0000,0x0000,0x0000,0x0000,
0x0000,0x0000,0x0000,0x0000,0x0000,0x0000,0x0000,0x0000,0x0000,0x0000,0x0000,0x0000,0x0020,0x0020,0x1062,0x1063,
0x0820,0x61A4,0x30E3,0x20A2,0x1840,0x38C0,0x2880,0x28A1,0x0000,0x0820,0x1040,0x0061,0x0020,0x0000,0x1040,0x1860,
0x0800,0x30C0,0x1060,0x1081,0x1081,0x0041,0x0000,0x0000,0x1880,0x0861,0x0883,0x0882,0x0841,0x0862,0x0020,0x0000,
0x0020,0x0020,0x0882,0x0000,0x0000,0x0000,0x0000,0x0840,0x0022,0x1083,0x20A2,0x0840,0x1881,0x18A1,0x30E0,0x5160,
0x4963,0xBBA7,0x9AC4,0xB324,0xDBC4,0xAB03,0xDB82,0xFC21,0x7A01,0x81E1,0xD300,0x9A20,0x71A1,0x8201,0x30E1,0x5141,
0x5980,0xBB40,0x8260,0x69C1,0xB321,0x30E1,0x2060,0x1840,0x28E3,0x8286,0x7A43,0x7223,0x59A3,0x28C1,0x1040,0x0000,
0x51A2,0xAB86,0xC3E6,0x38A0,0x5161,0x6980,0x38E0,0x0000,0x3900,0x6180,0x4121,0x8262,0x5980,0x7200,0x4900,0xB240,
0x6921,0x5922,0x6981,0x5920,0x40A0,0x0820,0x30C0,0x4900,0x1040,0x0000,0x0000,0x0000,0x0000,0x0820,0x20A0,0x28A0,
0x0840,0x1080,0x0000,0x0820,0x0840,0x28A0,0x2880,0x2080,0x40C0,0x48E0,0x4122,0x116B,0x00A6,0x0883,0x0021,0x0000,
0x49A7,0x3A4E,0x424F,0x520C,0xAB90,0x6A2B,0x1061,0x1860,0x6229,0x3A0D,0x31AA,0x0128,0x00E6,0x1106,0x2127,0x1107,
0x00C6,0x0085,0x08C5,0x00A5,0x00A6,0x0085,0x0085,0x0084,0x0064,0x0085,0x00A5,0x00E6,0x08E5,0x00A5,0x0084,0x0084,
0x0062,0x0042,0x0062,0x0862,0x0882,0x0882,0x1082,0x18A3,0x2904,0x2905,0x2904,0x18C3,0x10A2,0x10A3,0x18C4,0x18A4,
0x0883,0x0083,0x0084,0x0883,0x1083,0x1063,0x1083,0x0863,0x0043,0x0042,0x0021,0x0021,0x0842,0x0842,0x0042,0x0021,
0x0021,0x0021,0x0842,0x0842,0x0042,0x0842,0x0843,0x0021,0x0001,0x0022,0x0022,0x0021,0x0021,0x0021,0x0022,0x0022,
0x0021,0x0001,0x0022,0x0022,0x0022,0x0043,0x0001,0x0001,0x0001,0x0022,0x0001,0x0001,0x0022,0x0022,0x0042,0x0001,
0x0000,0x0000,0x0000,0x0000,0x0000,0x0000,0x0000,0x0000,0x0000,0x0000,0x0000,0x0000,0x0020,0x0020,0x0040,0x0060,
0x00A0,0x00C0,0x2242,0x00E0,0x00C0,0x0060,0x0040,0x0020,0x0020,0x0020,0x0040,0x0040,0x0040,0x0040,0x0000,0x0020,
0x0000,0x0000,0x0020,0x0000,0x0040,0x0000,0x0000,0x0000,0x0020,0x0000,0x0000,0x0020,0x0000,0x0000,0x0000,0x0000,
0x0040,0x00A0,0x2281,0x0960,0x0000,0x0060,0x0020,0x0020,0x0000,0x0000,0x0000,0x0000,0x0000,0x0000,0x0000,0x0000,
0x0000,0x0000,0x0000,0x0000,0x0000,0x0000,0x0000,0x0000,0x0000,0x0000,0x0000,0x0000,0x0000,0x0020,0x0000,0x0000,
0x0000,0x0000,0x0000,0x0000,0x0000,0x0000,0x0000,0x0000,0x0000,0x0000,0x0000,0x0000,0x0041,0x0862,0x1062,0x0820,
0x0000,0x1020,0x0820,0x1042,0x0000,0x1040,0x3901,0x30C2,0x0000,0x0020,0x0041,0x0061,0x0020,0x0000,0x0000,0x0020,
0x0880,0x0041,0x18C2,0x3121,0x20A0,0x2080,0x20A1,0x1880,0x1860,0x10A2,0x08A4,0x0883,0x0840,0x0861,0x0842,0x0041,
0x1083,0x10A3,0x0020,0x0020,0x1860,0x0820,0x1880,0x3120,0x1881,0x0840,0x0820,0x1060,0x1041,0x1082,0x1880,0x0001,
0x1882,0x3903,0x1861,0x1881,0x3101,0x28C0,0x4961,0x59C1,0x3943,0x69C3,0xAAE2,0x4920,0x30C0,0x30E1,0x3185,0x1881,
0x0000,0x0800,0x0000,0x0061,0x2922,0x0021,0x0001,0x0021,0x1082,0x6A65,0x4120,0x3900,0x28A0,0x1040,0x0000,0x0000,
0x2080,0x9B03,0x8A82,0x2880,0x4100,0x40E0,0x30A0,0x0000,0x0820,0x79E1,0x6100,0x5920,0x9A60,0xE3E0,0xEC61,0xDBC2,
0x9AC3,0xA324,0xD3E7,0x92A4,0xBAC0,0x81C0,0x5100,0x3080,0x28A0,0x28A0,0x1040,0x1860,0x0000,0x0000,0x0000,0x2080,
0x1880,0x40E0,0x2840,0x0800,0x0820,0x0000,0x0000,0x0841,0x5982,0x38C1,0x30A0,0x40C0,0x0820,0x0000,0x0000,0x1020,
0x30A0,0x0842,0x4AB2,0x52B1,0x3A4F,0x1106,0x0000,0x0000,0x28C3,0x29CC,0x116A,0x29A9,0x29CA,0x29AB,0x196A,0x0929,
0x00C7,0x10E6,0x00A6,0x00A6,0x00A6,0x00C6,0x08C5,0x0085,0x00A5,0x00A6,0x0189,0x0126,0x0042,0x00A4,0x0083,0x0083,
0x0082,0x0082,0x00A2,0x00A1,0x00C2,0x00C2,0x08C2,0x10E3,0x10E3,0x08C2,0x00A2,0x0082,0x0082,0x0882,0x0882,0x0882,
0x0862,0x0883,0x10A3,0x0883,0x0862,0x0042,0x0062,0x0062,0x0862,0x0862,0x0041,0x0041,0x0042,0x0041,0x0041,0x0041,
0x0041,0x0041,0x0041,0x0862,0x0862,0x0042,0x0042,0x0021,0x0041,0x0042,0x0042,0x0042,0x0041,0x0041,0x0041,0x0021,
0x0021,0x0041,0x0042,0x0042,0x0021,0x0000,0x0021,0x0021,0x0021,0x0000,0x0021,0x0022,0x0001,0x0022,0x0022,0x0021,
0x0000,0x0000,0x0000,0x0000,0x0000,0x0000,0x0000,0x0000,0x0000,0x0000,0x0020,0x0040,0x0020,0x0020,0x0040,0x00C0,
0x00A0,0x4C24,0xCFAE,0x2B03,0x0100,0x00E0,0x0040,0x0020,0x0040,0x0040,0x0060,0x00A0,0x00E0,0x0060,0x2A82,0x11A1,
0x2242,0x1161,0x0080,0x32C2,0x0020,0x19E1,0x4BC4,0x2222,0x08E0,0x3B43,0x2A62,0x0040,0x0000,0x1141,0x1140,0x2A62,
0x11C1,0x19C1,0x0040,0x5423,0x3B43,0x0040,0x0080,0x0040,0x0040,0x0040,0x0040,0x0040,0x0020,0x0020,0x0020,0x0020,
0x0020,0x0020,0x0020,0x0020,0x0020,0x0020,0x0020,0x0020,0x0020,0x0040,0x0020,0x0020,0x0020,0x0040,0x0020,0x0040,
0x0040,0x0020,0x0040,0x0040,0x0000,0x0000,0x0000,0x0000,0x0000,0x0000,0x0000,0x0000,0x0000,0x0000,0x0021,0x0020,
0x0020,0x0840,0x0840,0x0821,0x0000,0x0820,0x38E1,0x1860,0x0000,0x0000,0x0000,0x0000,0x0000,0x0000,0x0000,0x0040,
0x0020,0x0083,0x0062,0x0000,0x0000,0x3902,0x61A5,0x4922,0x38E1,0x5963,0x4922,0x20C1,0x0840,0x0020,0x1860,0x28E3,
0x2926,0x1061,0x1080,0x28E0,0x30C0,0x4120,0x1880,0x0000,0x0020,0x1060,0x0000,0x0820,0x20C2,0x1061,0x1881,0x1882,
0x0841,0x1040,0x28C1,0x1882,0x0021,0x0000,0x0841,0x0000,0x0000,0x69A2,0xA242,0x6140,0x1020,0x0021,0x0000,0x0820,
0x1060,0x1880,0x0000,0x0020,0x0000,0x0000,0x0020,0x0000,0x18A1,0x6201,0x4960,0x3920,0x3900,0x59A0,0x5960,0x4100,
0x28A0,0x4920,0x28C0,0x1860,0x30C0,0x6900,0xA222,0x71E3,0x6160,0x8160,0x9160,0x81C0,0xAAA0,0xC2E0,0xFC22,0xFC43,
0xFC64,0xE3E3,0xB2E1,0x9A41,0x6900,0x58E0,0x48C0,0x1840,0x0000,0x2060,0x4100,0x28A0,0x0020,0x0820,0x1060,0x1040,
0x38C0,0x6160,0x2880,0x0000,0x0000,0x0000,0x0020,0x0000,0x8A45,0x28C2,0x4122,0x69C4,0x1840,0x0000,0x0000,0x0000,
0x2020,0x38E3,0x7311,0x4A90,0x10C5,0x10C5,0x0000,0x1040,0x20A1,0x624A,0x626B,0x8A8A,0x51CA,0x0929,0x0129,0x0149,
0x014A,0x0929,0x0109,0x0108,0x0108,0x0907,0x0862,0x0084,0x00A5,0x00A5,0x00C6,0x0084,0x0063,0x0083,0x0083,0x4862,
0x5042,0x5062,0x5082,0x5082,0x5082,0x5062,0x5062,0x5082,0x5062,0x4861,0x4881,0x58C2,0x38C2,0x08C2,0x08C2,0x0882,
0x10A3,0x10A2,0x0882,0x0861,0x0861,0x0061,0x0882,0x0882,0x0862,0x0861,0x0041,0x0041,0x0061,0x0061,0x0061,0x0061,
0x0041,0x0041,0x0041,0x0061,0x0041,0x0041,0x0061,0x0061,0x0061,0x0061,0x0041,0x0041,0x0041,0x0041,0x0041,0x0061,
0x0061,0x0061,0x0041,0x0041,0x0040,0x0041,0x0061,0x0041,0x0041,0x0021,0x0021,0x0000,0x0000,0x0001,0x0001,0x0001,
0x0000,0x0000,0x0000,0x0000,0x0000,0x0000,0x0000,0x0000,0x0020,0x0040,0x0060,0x0080,0x0060,0x0040,0x00A0,0x0060,
0x43E3,0x9F08,0xBF8B,0xB72C,0x1261,0x0140,0x0940,0x19E0,0x1A00,0x32E2,0x5424,0x5445,0x85C9,0x3BA4,0x4CC4,0x6E06,
0x7E47,0x2222,0x2221,0x7EA6,0x0920,0x43E4,0x3B63,0x43E4,0x2222,0x6DA6,0x2242,0x0040,0x0000,0x3B03,0x2AC2,0x5465,
0x6566,0x4404,0x0020,0x1121,0x74C6,0x53C4,0x0060,0x0020,0x0020,0x0000,0x0000,0x0000,0x0000,0x0000,0x0000,0x0000,
0x0000,0x0000,0x0000,0x0000,0x0000,0x0000,0x0000,0x0000,0x0000,0x0000,0x0000,0x0000,0x0000,0x0000,0x0000,0x0000,
0x0000,0x0000,0x0000,0x0000,0x0040,0x0020,0x0000,0x0000,0x0000,0x0000,0x0000,0x0000,0x0000,0x0000,0x0000,0x0000,
0x0000,0x0020,0x0820,0x0000,0x0000,0x0000,0x0000,0x0000,0x0000,0x0000,0x0000,0x0000,0x0000,0x0000,0x0000,0x0000,
0x0000,0x0041,0x0040,0x0040,0x0860,0x0862,0x0842,0x0020,0x1882,0x3904,0x5961,0x1860,0x1020,0x0820,0x30E0,0x5161,
0x2880,0x0840,0x20A0,0x0820,0x0800,0x30C0,0x2080,0x20A0,0x5160,0x1060,0x1060,0x38E0,0x1860,0x0000,0x0000,0x0000,
0x0000,0x0020,0x0840,0x0000,0x0020,0x0021,0x0020,0x0820,0x0020,0x6140,0xB2C1,0x0000,0x0000,0x0020,0x0021,0x1880,
0x1880,0x0820,0x0000,0x0000,0x0000,0x0020,0x10A0,0x18A0,0x1880,0x20A0,0x3920,0x4960,0x4140,0x20A0,0x4920,0x40E0,
0x5961,0x71A0,0xAAE0,0x8A20,0x6960,0x89C0,0xBA20,0xC2C2,0xFBE1,0xE360,0xC300,0xD3C0,0xC381,0xDB81,0xF3A2,0xB282,
0x71A1,0x38C0,0x89A0,0x91A0,0x58E0,0x5100,0x2860,0x1840,0x0820,0x6160,0x5181,0x0840,0x3960,0x0860,0x0020,0x0000,
0x1860,0x5121,0x59A4,0x1040,0x0000,0x0020,0x0000,0x0000,0x30C2,0x28C2,0x2081,0x2081,0x38E2,0x1040,0x0000,0x0820,
0x1020,0x5100,0x38A0,0x30A1,0x1040,0x0000,0x0000,0x0000,0x2060,0x30E3,0x2927,0x1969,0x2148,0x098B,0x0062,0x08E5,
0x0949,0x012A,0x094A,0x116A,0x0108,0x0062,0x0820,0x00C5,0x00C6,0x00A5,0x0064,0x0084,0x0084,0x0083,0x1882,0xD843,
0xE843,0xE043,0xE843,0xE843,0xE023,0xE003,0xE823,0xE843,0xE043,0xE043,0xE043,0xF043,0xA062,0x00E2,0x08A2,0x0081,
0x0061,0x0061,0x0040,0x0061,0x0081,0x0061,0x0081,0x0081,0x0081,0x0061,0x0081,0x0080,0x0080,0x0080,0x00A0,0x0080,
0x0060,0x0060,0x0060,0x0020,0x0060,0x0060,0x0061,0x0081,0x0061,0x0061,0x0060,0x0061,0x0041,0x0060,0x0060,0x0040,
0x0080,0x0060,0x0060,0x0060,0x0060,0x0060,0x0060,0x0060,0x0060,0x0040,0x0021,0x0021,0x0001,0x0000,0x0000,0x0000,
0x0000,0x0000,0x0000,0x0000,0x0000,0x0000,0x0000,0x0020,0x0040,0x0080,0x0080,0x00A0,0x0080,0x00C0,0x0040,0x3B23,
0x96A8,0x2B42,0xB78B,0xD7ED,0x8E29,0x0160,0x0160,0x00C0,0x00E0,0x0940,0x1161,0x11A1,0x22A2,0x11C1,0x3BE3,0x4443,
0x4404,0x2242,0x4C44,0x6505,0x3BA3,0x3B83,0x4424,0x3B84,0x21C2,0x6585,0x2AA2,0x0060,0x0000,0x3303,0x32C2,0x2AC2,
0x4C65,0x6D46,0x0020,0x0040,0x0020,0x5C45,0x74E6,0x53E4,0x5C25,0x5C05,0x5405,0x53E5,0x53A4,0x53A4,0x4BA4,0x4BA4,
0x4BA4,0x4BA4,0x4BA4,0x4B84,0x4B84,0x4B84,0x4B84,0x4B84,0x4BA4,0x53A4,0x53A4,0x53A4,0x53A4,0x53A4,0x53A4,0x53A4,
0x53A4,0x53C4,0x5BC5,0x5384,0x0080,0x0040,0x0020,0x0000,0x0000,0x0000,0x0000,0x0000,0x0000,0x0000,0x0000,0x0020,
0x0000,0x0061,0x0040,0x0020,0x0000,0x0040,0x0000,0x0000,0x0000,0x0000,0x0000,0x0000,0x0000,0x0000,0x0000,0x0000,
0x0020,0x0020,0x0040,0x0860,0x0040,0x0000,0x0862,0x18E1,0x1880,0x0040,0x0000,0x0000,0x0000,0x0020,0x0840,0x0040,
0x0000,0x0000,0x1080,0x0880,0x0820,0x0820,0x0000,0x0820,0x38E0,0x51A4,0x3944,0x30E2,0x0840,0x0820,0x1060,0x0000,
0x0000,0x0000,0x0000,0x0000,0x0000,0x0020,0x0000,0x0020,0x0000,0x30A0,0x71E0,0x3920,0x1040,0x0000,0x0000,0x0000,
0x0000,0x0000,0x0000,0x0820,0x0020,0x0000,0x0860,0x0020,0x0000,0x0000,0x1020,0x1860,0x5961,0x30A0,0x2080,0x48E1,
0x4901,0x5120,0x69C0,0xAAA0,0xEB80,0xF3A1,0xEB20,0xDAC0,0xFC41,0xDB81,0xDB20,0xFBE0,0xF340,0xCA81,0xA220,0x9A00,
0x89C0,0x99E0,0x91C1,0x7960,0x5121,0x5961,0x2080,0x1820,0x50E0,0x2040,0x30E1,0x5981,0x7A20,0x30C0,0x0000,0x0800,
0x0000,0x2060,0x40E2,0x6183,0x20A1,0x0000,0x0000,0x0000,0x0000,0x0000,0x59A4,0x1861,0x2060,0x38E2,0x0800,0x1020,
0x0020,0x1860,0x1860,0x0000,0x0800,0x0000,0x0000,0x0000,0x1040,0x0000,0x39CB,0x2168,0x1905,0x0969,0x0000,0x0861,
0x1149,0x2969,0x0908,0x0108,0x00C6,0x0000,0x0000,0x08A4,0x00E7,0x00A5,0x0084,0x0064,0x0042,0x0041,0x1041,0xC801,
0xE000,0xD801,0xD801,0xD801,0xD801,0xE062,0xD862,0xD802,0xD801,0xD801,0xD801,0xE800,0x9001,0x0081,0x0861,0x0020,
0x32A4,0x2AA3,0x2A63,0x5406,0x0020,0x0080,0x0060,0x0080,0x0080,0x00A0,0x0080,0x0020,0x4BE5,0x32E3,0x4344,0x0040,
0x00C0,0x00A0,0x0941,0x4364,0x00C0,0x00E0,0x00E0,0x0060,0x0060,0x0060,0x0080,0x0060,0x0080,0x0040,0x19A1,0x5425,
0x0060,0x00A0,0x00C0,0x00A0,0x00A0,0x0060,0x0060,0x0080,0x0060,0x0040,0x0040,0x0020,0x0000,0x0000,0x0000,0x0000,
0x0000,0x0000,0x0000,0x0000,0x0000,0x0000,0x0000,0x0040,0x0080,0x0060,0x22C1,0x85A9,0x0980,0x0020,0x2262,0x9708,
0x11C1,0x1281,0xBF8C,0x96A9,0xA70A,0x5C86,0x0020,0x4B84,0x4364,0x0060,0x00A0,0x0060,0x0060,0x0040,0x1120,0x0080,
0x00C0,0x08E0,0x0920,0x0060,0x0921,0x08C0,0x2202,0x08A0,0x0040,0x1A01,0x11A1,0x0020,0x0000,0x08E0,0x08E0,0x0940,
0x00C0,0x0921,0x0020,0x0000,0x0000,0x0000,0x29E2,0x3242,0x2A22,0x2A22,0x2A22,0x2A02,0x2A02,0x29E2,0x29E2,0x2A02,
0x2A22,0x2A02,0x2A02,0x2A02,0x2202,0x2202,0x2202,0x2202,0x21E1,0x21E2,0x2A02,0x29E2,0x21C2,0x29E2,0x2A02,0x29E2,
0x2A22,0x2A22,0x2A02,0x5384,0x6C65,0x0020,0x0040,0x0020,0x0020,0x0000,0x0000,0x0000,0x0000,0x0000,0x0000,0x0021,
0x0000,0x0020,0x0000,0x0000,0x0000,0x0020,0x0000,0x0000,0x0000,0x0000,0x0000,0x0000,0x0000,0x0000,0x0000,0x0000,
0x0021,0x0000,0x0021,0x0040,0x0020,0x0862,0x08A2,0x0040,0x0000,0x0000,0x0000,0x0000,0x0020,0x0000,0x0000,0x0000,
0x0000,0x0000,0x0000,0x0040,0x0000,0x0000,0x0000,0x0000,0x0000,0x18A3,0x1082,0x0000,0x2080,0x5180,0x5180,0x3900,
0x20C0,0x28C0,0x18A0,0x1080,0x0861,0x0000,0x0841,0x0020,0x0000,0x1060,0x0020,0x4100,0x9260,0x4100,0x2060,0x2080,
0x0000,0x0000,0x0000,0x0000,0x0000,0x0000,0x0000,0x0000,0x0000,0x0020,0x0000,0x0840,0x5985,0x8A88,0x4901,0x61C4,
0x9222,0x7160,0x79C0,0x6980,0x79C0,0xA260,0x9A40,0x5940,0x9A60,0xBAA0,0x91C0,0x6921,0x81A1,0x9A23,0x9204,0x8182,
0x58E0,0x6121,0x81A2,0x6961,0x6120,0x8180,0x7980,0x6960,0x6140,0x40E0,0x1020,0x1860,0x79C0,0x89E0,0x2880,0x2880,
0x28C0,0x0000,0x0000,0x79C4,0x8246,0x50E0,0x2880,0x0000,0x0000,0x0000,0x28C2,0x5184,0x40E2,0x2081,0x2081,0x0000,
0x0000,0x0000,0x1840,0x0000,0x0000,0x0000,0x0000,0x0000,0x0000,0x1040,0x20A2,0x28A1,0x1882,0x10A3,0x0000,0x2880,
0x3985,0x2969,0x1061,0x00C6,0x00C6,0x0000,0x0000,0x08A3,0x00E7,0x00C5,0x0043,0x0042,0x0042,0x0041,0x1082,0xDC51,
0xF4D3,0xF4D3,0xF4D3,0xF4B3,0xF4CE,0xFD21,0xF542,0xF4CF,0xF4D3,0xF4D3,0xECD3,0xF4D4,0x9B2C,0x0020,0x0081,0x0000,
0x4384,0x7E28,0x75A8,0x1982,0x5405,0x19E2,0x43A4,0x2AC3,0x6D46,0x5444,0x3B23,0x6D26,0x8E88,0x3B84,0x43E4,0x43A4,
0x7DA7,0x4BE4,0x43A4,0xB78B,0x3343,0x3B43,0x7D67,0x43C4,0x32E3,0x7587,0x75A8,0x2262,0x00C0,0x0080,0x2242,0x6D67,
0x3323,0x85E8,0x32E3,0x4383,0x7D87,0x32E3,0x4384,0x7587,0x6D67,0x1121,0x0020,0x0020,0x0000,0x0000,0x0000,0x0000,
0x0000,0x0000,0x0000,0x0000,0x0000,0x0000,0x0020,0x0080,0x0060,0x1221,0x9788,0xD7EE,0xA6CA,0x3303,0x8EA9,0x1A42,
0x0080,0x0080,0x7508,0x2AE2,0x11E0,0xA6CA,0x7D88,0xC7EC,0xC7CD,0x22C2,0x00E0,0x0080,0x0040,0x0040,0x0060,0x00A0,
0x0060,0x08C0,0x0060,0x0040,0x0000,0x0020,0x0000,0x08C0,0x08C0,0x0000,0x00A0,0x1121,0x00A0,0x0020,0x00A0,0x0020,
0x0060,0x10E0,0x0880,0x0880,0x08A0,0x08C0,0x0020,0x0000,0x0040,0x0020,0x0040,0x0000,0x0000,0x0020,0x0000,0x0000,
0x0000,0x0000,0x0000,0x0000,0x0000,0x0000,0x0020,0x0040,0x08C0,0x0060,0x0000,0x0000,0x0000,0x0000,0x0000,0x0020,
0x0000,0x0000,0x0020,0x0000,0x4B63,0x6425,0x0000,0x0080,0x0040,0x0000,0x0000,0x0000,0x0000,0x0000,0x0000,0x0000,
0x0000,0x0000,0x0000,0x0000,0x0000,0x0000,0x0000,0x0000,0x0020,0x0020,0x0000,0x0000,0x0000,0x0000,0x0820,0x0860,
0x0020,0x0883,0x1106,0x08A3,0x0883,0x10E4,0x0020,0x0000,0x0000,0x0000,0x0000,0x0000,0x0000,0x0000,0x0000,0x0000,
0x0000,0x0000,0x0000,0x0000,0x0000,0x0021,0x0020,0x0020,0x0021,0x0000,0x0000,0x0000,0x30C0,0x4920,0x69C0,0x92A0,
0x6180,0x5140,0x5960,0x3100,0x1860,0x0820,0x0000,0x0000,0x0820,0x0000,0x0000,0x1860,0x6160,0x4100,0x1860,0x20A0,
0x2080,0x1880,0x1040,0x2880,0x1062,0x1060,0x0820,0x0820,0x0000,0x0820,0x1840,0x2860,0x5120,0xB2C4,0x9A21,0x8180,
0x8180,0x91E0,0x9220,0x5960,0x5160,0x5140,0x4120,0x5140,0x81C0,0x81C0,0x5920,0x6180,0x38C0,0x2860,0x50E2,0x5942,
0x79A1,0x8181,0x7981,0x4901,0x0800,0x38C1,0x6980,0x7160,0x9A00,0x5120,0x4101,0x2880,0x1040,0x0800,0x0000,0x0000,
0x20A0,0x4900,0x1860,0x2061,0x4923,0x5941,0x5920,0x1840,0x0000,0x0000,0x0000,0x30E2,0x8A46,0x30C2,0x1861,0x4921,
0x2060,0x0820,0x0000,0x1860,0x0000,0x0000,0x0000,0x0000,0x0020,0x0820,0x2880,0x2860,0x0000,0x0000,0x0000,0x2060,
0x38C0,0x0042,0x0000,0x0084,0x0907,0x0041,0x0000,0x0820,0x08A4,0x0906,0x0906,0x08C5,0x0062,0x0041,0x18E3,0xEFBF,
0xFFFF,0xFFFF,0xFFFF,0xFFFF,0xFF8D,0xFEA0,0xFEA0,0xFFD5,0xFFFF,0xFFFF,0xFFFF,0xFFFF,0xA596,0x0000,0x0081,0x0020,
0x3B64,0xA74B,0x75E7,0x0000,0x7567,0x19C2,0x5485,0x4C04,0x75A7,0x0860,0x6D86,0x2202,0x5425,0x4BE4,0x5CE5,0x5425,
0x85C9,0x5CA6,0x2AE2,0x7567,0x0060,0x5465,0x6526,0x75C7,0x5CA6,0x4C04,0x4C05,0x54A6,0x5424,0x6CE5,0x32E2,0x5465,
0x5445,0x4384,0x0941,0x64E6,0x75C7,0x5CE6,0x5CE6,0x2AE3,0x6526,0x2A83,0x0000,0x0040,0x0000,0x0000,0x0000,0x0000,
0x0000,0x0000,0x0000,0x0000,0x0000,0x0020,0x0080,0x0080,0x11A1,0x7E87,0x6D66,0x7E27,0x5465,0xAF8B,0x2B42,0x1A41,
0x0120,0x00A0,0x08E0,0x1AE1,0x1B01,0x5445,0x9669,0x43A4,0xA74B,0x9EAB,0x0981,0x0060,0x0060,0x0000,0x5CA5,0x2AC3,
0x6D05,0x32A3,0x64C6,0x10E0,0x3AC3,0x4BA4,0x5C45,0x7587,0x7DE7,0x32A2,0x6D47,0x7DE8,0x8648,0x2242,0x6485,0x2A42,
0x7D86,0x6D05,0x4383,0x53C4,0x9688,0x8E67,0x3282,0x2A22,0xA748,0x1101,0x1981,0xA707,0x1121,0x5C44,0x3242,0x0000,
0x0000,0x0000,0x0000,0x0020,0x0000,0x4B84,0x53E4,0x64A4,0x7565,0x7DC5,0x2A42,0x0000,0x9687,0x5C64,0x0000,0x85A6,
0x5C43,0x2181,0x6464,0x0020,0x0060,0x5C04,0x53C4,0x0020,0x0080,0x0020,0x0020,0x0000,0x0020,0x0000,0x0000,0x0000,
0x0000,0x0000,0x0000,0x0000,0x0000,0x0000,0x0000,0x0000,0x0000,0x0000,0x0000,0x0000,0x0000,0x0840,0x1080,0x0860,
0x0020,0x1946,0x10E5,0x0062,0x0862,0x0000,0x0000,0x0000,0x0000,0x0000,0x0000,0x0000,0x0000,0x0000,0x0000,0x0000,
0x0021,0x0000,0x0000,0x0820,0x1883,0x20C4,0x28E4,0x1061,0x0820,0x0820,0x0840,0x0820,0x0000,0x0820,0x20A0,0x4120,
0x4100,0x38C0,0x2860,0x40C0,0x38C0,0x1860,0x2060,0x30A0,0x3060,0x2060,0x2860,0x2060,0x1860,0x2060,0x2060,0x5120,
0x79A1,0x5100,0x71A0,0x81A0,0x79A1,0x71A1,0x7160,0x6920,0x6920,0x7160,0x5921,0x7961,0x81A0,0x38A0,0x28A0,0x69A0,
0x5160,0x30E0,0x4120,0x5980,0x69A0,0x5140,0x2080,0x0820,0x1020,0x30E0,0x49A0,0x4920,0x4900,0x30A0,0x2082,0x3105,
0x1840,0x38A1,0x40E1,0x69A3,0x79C3,0x6182,0x2080,0x3901,0x30A0,0x0820,0x71A3,0x81E5,0x7900,0x9200,0x7180,0x2060,
0x0020,0x1040,0x5900,0x5120,0x40E1,0x0820,0x30A0,0x5100,0x2081,0x0020,0x0000,0x0820,0x6184,0x6164,0x40C2,0x5141,
0x6182,0x2880,0x0000,0x1860,0x1860,0x0000,0x0000,0x0000,0x0000,0x0840,0x2060,0x2880,0x1020,0x0000,0x0000,0x2860,
0x30A0,0x38E2,0x5184,0x3903,0x1062,0x0000,0x0000,0x0800,0x2105,0x116A,0x0084,0x0021,0x0021,0x0020,0x10C3,0xD6FB,
0xF7BD,0xEF9D,0xEF9D,0xEF9D,0xEEEF,0xFE80,0xFEA1,0xF755,0xEFBE,0xEF9D,0xEF7C,0xF7BE,0x9D13,0x0000,0x00A1,0x0000,
0x4C05,0x4C25,0x4C25,0x5465,0x5425,0x6D46,0x7E27,0x4404,0x6D46,0x0000,0x5CC5,0x6525,0x7DE7,0x4384,0x5CE5,0x3343,
0x6D46,0x8EA8,0x2282,0x7E07,0x3323,0x7E28,0x7586,0x75A6,0x5485,0x3323,0x3B64,0x4C45,0x0060,0x00C0,0x2242,0x64E6,
0x4C64,0x2AE2,0x19E1,0x96EA,0x7DE7,0x5CE6,0x5CE6,0x1A01,0x5CA5,0x2A63,0x0000,0x0040,0x0000,0x0000,0x0000,0x0000,
0x0000,0x0000,0x0000,0x0000,0x0020,0x0060,0x0080,0x0940,0x86A8,0x2AE3,0x22A1,0x5484,0x0040,0x0920,0x3362,0x7F07,
0x0120,0x0080,0x0960,0x76E6,0x4563,0x11C1,0x4C64,0x00E0,0x1A41,0x5C46,0x964B,0x0080,0x00A0,0x0000,0x5CA5,0xA749,
0x5C85,0x0000,0x7DE7,0x08E0,0x4344,0x5465,0x6D26,0x4BA4,0x6D26,0x5445,0x7566,0x08E0,0x4BA4,0x5425,0x5CA5,0x3B23,
0x8E66,0x5C24,0x32C2,0x0020,0x6D06,0x4BE4,0x0000,0x64C5,0x75A6,0x4323,0x1140,0xAF68,0x64C5,0x64E5,0x3262,0x0000,
0x08A0,0x3AA2,0x3262,0x0060,0x0000,0x53C4,0x5404,0x6D05,0x4343,0x7505,0x4BE3,0x2202,0x8606,0x7DA6,0x0860,0x7524,
0x96C6,0x53E4,0x6CC5,0x0020,0x00A0,0x0020,0x5C44,0x4B63,0x00A0,0x00E0,0x0080,0x0040,0x0020,0x0000,0x0000,0x0000,
0x0000,0x0000,0x0000,0x0000,0x0000,0x0000,0x0000,0x0000,0x0000,0x0000,0x0000,0x0000,0x0000,0x0860,0x1080,0x0840,
0x0882,0x1106,0x0041,0x0000,0x0041,0x0000,0x0000,0x0000,0x0000,0x0000,0x0000,0x0000,0x0000,0x0000,0x0000,0x0000,
0x0000,0x1083,0x1083,0x3944,0x4145,0x0841,0x18A3,0x1882,0x2081,0x2904,0x20C2,0x28C0,0x0020,0x0000,0x0000,0x1040,
0x6160,0x4142,0x38C1,0x50C0,0x40E1,0x38C1,0x2060,0x2060,0x40E1,0x5921,0x6141,0x38E1,0x0800,0x4880,0x89A1,0x81C3,
0x9203,0x91C1,0x81E2,0x7162,0xA1E1,0x91A1,0x8981,0x91E2,0x89C1,0x9A01,0x79A1,0x48E0,0x1860,0x0000,0x0840,0x20C0,
0x1880,0x49A0,0x30E0,0x20A0,0x28A0,0x6143,0x4943,0x4962,0x5143,0x2080,0x1080,0x0000,0x1040,0x30E1,0x5184,0x38E3,
0x1860,0x1860,0x0000,0x0820,0x38E1,0x5120,0x69A0,0x71E0,0x20A0,0x0000,0x1840,0x5165,0xA245,0xBA40,0x8202,0x30A1,
0x2080,0x30A0,0x5920,0x5920,0x38C0,0x1040,0x1020,0x38C0,0x5120,0x48E0,0x30C0,0x0000,0x0000,0x28C2,0x71C5,0x40E2,
0x28A1,0x1861,0x2880,0x2080,0x5120,0x1040,0x0000,0x0000,0x0000,0x0000,0x0840,0x0000,0x0820,0x0000,0x0000,0x0820,
0x30A0,0x1840,0x2040,0x2860,0x1020,0x0000,0x0000,0x0000,0x1041,0x0042,0x0022,0x0001,0x0021,0x0041,0x00C1,0x1C45,
0x1C85,0x1C65,0x1C85,0x1485,0x24A6,0x6D22,0x5D02,0x2486,0x1C65,0x1C65,0x1C65,0x1D06,0x1364,0x0061,0x0081,0x0060,
0x1121,0x1121,0x0080,0x2202,0x0940,0x2AC2,0x2202,0x0940,0x19A1,0x00A0,0x0940,0x2AC2,0x2222,0x0941,0x1181,0x19C1,
0x2AA3,0x19C1,0x0080,0x2242,0x1A21,0x11C1,0x2AC2,0x11C1,0x1141,0x0900,0x0920,0x1181,0x00A0,0x00A0,0x0120,0x11C1,
0x09E1,0x0980,0x00C0,0x1A22,0x2282,0x09A1,0x11A1,0x00E0,0x1181,0x0100,0x0040,0x0020,0x0000,0x0000,0x0000,0x0000,
0x0000,0x0000,0x0000,0x0000,0x0020,0x0060,0x00E0,0x7628,0x4404,0x0020,0x1A41,0x0920,0x0060,0x0020,0x2BE2,0x1B21,
0x0080,0x0120,0x6644,0x6FA5,0x1320,0x0020,0x4BC4,0x4383,0x0000,0x0080,0x7549,0x6D28,0x00A0,0x0000,0x5CA5,0x8607,
0x7566,0x08A0,0x8628,0x19A1,0x4BA4,0x5445,0x64E5,0x7E07,0x9F2A,0x1981,0x7DE6,0x1101,0x4BC4,0x4BC4,0x6D05,0x19C1,
0x3AA2,0x64A5,0x9F08,0x0000,0x64A4,0x4323,0x08C0,0x9F28,0x7DC6,0x7E06,0x2A82,0x64E4,0x5404,0xAFC8,0x2A02,0x0000,
0x1100,0x53E4,0x4B63,0x0860,0x0000,0x53A4,0x53E4,0x6D05,0x8606,0xA748,0x1121,0x7566,0x8627,0x9707,0x2A62,0x6483,
0x4343,0x9F47,0x64E4,0x0000,0x0040,0x0080,0x00A0,0x75A7,0x6546,0x0180,0x0120,0x0060,0x0020,0x0000,0x0000,0x0000,
0x0000,0x0000,0x0000,0x0000,0x0000,0x0000,0x0000,0x0000,0x0000,0x0000,0x0020,0x0020,0x1082,0x10A0,0x10A0,0x0861,
0x10E5,0x0021,0x0021,0x0000,0x0000,0x0000,0x0000,0x0000,0x0000,0x0000,0x0000,0x0000,0x0000,0x0020,0x0000,0x0020,
0x18A1,0x28C2,0x18A3,0x18C4,0x2125,0x0882,0x0842,0x0020,0x10C4,0x20E4,0x1060,0x0000,0x0000,0x0020,0x28A0,0x1040,
0x2880,0x71C1,0x6180,0x40E0,0x4901,0x5903,0x50E2,0x4902,0x40C1,0x38C2,0x28A1,0x38E1,0x2881,0x1020,0x2060,0x3081,
0x30A1,0x2880,0x2860,0x1040,0x3081,0x48E1,0x40C1,0x38C2,0x40C1,0x38C0,0x1060,0x0000,0x0000,0x0820,0x0840,0x0840,
0x0820,0x3100,0x3900,0x1880,0x1040,0x1841,0x1860,0x3940,0x5984,0x4125,0x1040,0x18A0,0x0840,0x20E1,0x28E1,0x0000,
0x0800,0x0820,0x0820,0x1040,0x0000,0x0000,0x2080,0x30C0,0x30C0,0x0020,0x2081,0x5942,0x69C5,0x38C2,0x8A46,0x7228,
0x30E3,0x1040,0x40E0,0x5940,0x5960,0x38C0,0x1840,0x2060,0x30A0,0x1840,0x1860,0x4100,0x4960,0x1860,0x4123,0x69A5,
0x30C2,0x38E2,0x1040,0x2080,0x5120,0x30A0,0x0820,0x0000,0x0000,0x0000,0x0020,0x0000,0x0820,0x0820,0x0000,0x0000,
0x0000,0x0000,0x0000,0x1020,0x0820,0x0000,0x0000,0x0000,0x0000,0x0840,0x1061,0x0020,0x0020,0x0000,0x0000,0x03C2,
0x0463,0x0443,0x0463,0x0463,0x0463,0x0443,0x0443,0x0422,0x0422,0x0442,0x0442,0x0482,0x02C1,0x0000,0x0080,0x0000,
0x0000,0x0000,0x0000,0x0000,0x0000,0x0000,0x0000,0x0000,0x0000,0x0020,0x0000,0x0000,0x0000,0x0000,0x0000,0x0000,
0x0000,0x0000,0x0040,0x0000,0x0020,0x0020,0x0000,0x0040,0x0080,0x0060,0x00A0,0x00E0,0x0140,0x0140,0x0140,0x0160,
0x0180,0x09A0,0x09C0,0x0160,0x0140,0x0980,0x09A0,0x09E0,0x0160,0x0140,0x00A0,0x0040,0x0020,0x0000,0x0000,0x0000,
0x0000,0x0000,0x0000,0x0020,0x0060,0x0060,0x54A6,0x4C65,0x0060,0x00E0,0x00A0,0x0080,0x00A0,0x00A0,0x0100,0x00E0,
0x00C0,0x3C42,0x6F24,0x2D81,0x0140,0x00A0,0x0080,0x2AA2,0x08E0,0x00C0,0x0100,0x75A9,0x3304,0x0000,0x5424,0x21C1,
0x53E4,0x4363,0x4B84,0x7DE7,0x7E07,0x2262,0x5C65,0x1161,0x53E4,0x32A2,0x5CA5,0x75C6,0x7DC6,0x19C2,0x5C65,0x32A2,
0x6D06,0x6D45,0x64A5,0x0000,0x53E3,0x2A41,0x3AC3,0x5424,0x1921,0x5C85,0x4BA3,0x4BA3,0x08A0,0x8E67,0x21C1,0x0000,
0x0000,0x0000,0x0000,0x0000,0x0000,0x4323,0x4383,0x5C44,0x1141,0x53C4,0x3B23,0x64C5,0x1941,0x3AC3,0x5404,0x5C44,
0x1140,0x5C64,0x5C64,0x0000,0x0040,0x0080,0x00C0,0x02E0,0x7EA7,0x3402,0x0100,0x00C0,0x0040,0x0020,0x0020,0x0020,
0x0000,0x0000,0x0000,0x0000,0x0000,0x0000,0x0000,0x0020,0x0000,0x0000,0x0860,0x18A2,0x10A3,0x0041,0x10A3,0x0882,
0x0000,0x0000,0x0000,0x0000,0x0041,0x0041,0x0000,0x0000,0x0000,0x0000,0x0000,0x0000,0x0040,0x0020,0x0000,0x0860,
0x0860,0x1881,0x2105,0x2925,0x18C3,0x0841,0x0020,0x0000,0x10A2,0x1040,0x0000,0x0841,0x1083,0x0021,0x0020,0x3903,
0x5962,0x2080,0x4940,0x38E0,0x1040,0x38C2,0x71A5,0x5922,0x1020,0x0820,0x1840,0x38C2,0x28A2,0x2061,0x1861,0x2082,
0x40C1,0x60E0,0x5900,0x5921,0x28A0,0x1860,0x2861,0x1041,0x0000,0x0000,0x0000,0x0000,0x0000,0x0000,0x0000,0x0020,
0x1061,0x0820,0x28E0,0x4121,0x38E3,0x28C2,0x4981,0x4A00,0x3920,0x5186,0x51C6,0x18A0,0x2104,0x18E2,0x1880,0x28E3,
0x0841,0x0000,0x0000,0x1041,0x3923,0x20A1,0x0000,0x0000,0x0000,0x0000,0x0000,0x38C1,0x7A04,0x1881,0x1040,0x28A2,
0x1881,0x4924,0x1861,0x1040,0x2080,0x0820,0x6163,0x38C1,0x30A0,0x0000,0x1861,0x28A1,0x4920,0x28A0,0x1040,0x8A05,
0x4103,0x30C2,0x30C2,0x0000,0x30C0,0x38C1,0x30C3,0x1862,0x0020,0x1860,0x0000,0x0000,0x0000,0x0000,0x0000,0x0000,
0x0000,0x0000,0x0000,0x0000,0x0000,0x0000,0x0000,0x0000,0x0000,0x1060,0x1880,0x0820,0x0000,0x21A0,0x32A1,0x0322,
0x0342,0x0302,0x0302,0x02E2,0x02E2,0x0302,0x0302,0x0302,0x0323,0x0323,0x0323,0x0363,0x0201,0x0000,0x0020,0x4383,
0x4343,0x3282,0x32A2,0x3AA2,0x3AA2,0x3AA2,0x32A2,0x32A2,0x32A2,0x32A2,0x32C2,0x32C2,0x3AC2,0x3AC2,0x3AC2,0x32A2,
0x32A2,0x3AC2,0x32A2,0x32C2,0x32C2,0x32C2,0x3AE2,0x11E1,0x0040,0x1280,0x1B61,0x0240,0x0260,0x1340,0x3C42,0x4442,
0x4463,0x4C63,0x4C83,0x4C83,0x4C63,0x4463,0x4463,0x3C02,0x7625,0x5484,0x0060,0x0060,0x0020,0x0000,0x0000,0x0000,
0x0000,0x0000,0x0000,0x0020,0x0060,0x00C0,0x0100,0x0020,0x0060,0x0080,0x00A0,0x00E0,0x0100,0x0100,0x00C0,0x00A0,
0x00C0,0x0160,0x0140,0x0140,0x00C0,0x0040,0x0000,0x0000,0x0040,0x0040,0x0040,0x0040,0x0080,0x0000,0x0000,0x0000,
0x0000,0x0000,0x0000,0x0060,0x0040,0x0000,0x0000,0x0000,0x0000,0x0000,0x0000,0x0020,0x0000,0x0000,0x0000,0x0000,
0x0020,0x0040,0x0000,0x0000,0x0000,0x0000,0x0000,0x0000,0x0000,0x0000,0x0000,0x0000,0x0000,0x0000,0x0000,0x0000,
0x0000,0x0000,0x0000,0x0000,0x0000,0x0000,0x0000,0x0000,0x0000,0x0000,0x0000,0x0000,0x0000,0x0000,0x0000,0x0000,
0x0000,0x0000,0x0000,0x0000,0x0000,0x0000,0x0060,0x0120,0x0200,0x7E67,0x2BC2,0x00E0,0x0060,0x0000,0x0000,0x0000,
0x0000,0x0020,0x0000,0x0000,0x0000,0x0000,0x0020,0x0000,0x0020,0x10C3,0x18C2,0x0020,0x0021,0x0041,0x0000,0x0000,
0x0041,0x0020,0x0020,0x0021,0x0020,0x0000,0x0000,0x0000,0x0000,0x0000,0x0000,0x0020,0x0020,0x0000,0x0041,0x0000,
0x0000,0x20A3,0x18A2,0x1081,0x0000,0x0000,0x0000,0x0000,0x0840,0x0820,0x0000,0x0000,0x0821,0x0000,0x0000,0x20A2,
0x28A1,0x0000,0x1880,0x30C0,0x2080,0x2080,0x2880,0x1020,0x28A2,0x30A2,0x4104,0x28C3,0x30A1,0x6123,0x38E3,0x28C2,
0x2081,0x0820,0x4901,0x48E1,0x1060,0x0000,0x0000,0x0000,0x0020,0x0000,0x0820,0x0820,0x0000,0x0000,0x0000,0x0000,
0x1061,0x0000,0x0820,0x38E1,0x5144,0x3103,0x18A0,0x2100,0x3960,0x3924,0x1082,0x1080,0x2940,0x0860,0x1040,0x1041,
0x18A2,0x20E4,0x1083,0x0021,0x3922,0x79C5,0x30C3,0x0020,0x0020,0x0820,0x1861,0x1040,0x5142,0x38E1,0x0820,0x1040,
0x28A1,0x30A1,0x28A2,0x1061,0x1041,0x2081,0x5964,0x7A05,0x71E3,0x20A1,0x28E3,0x71E5,0x5943,0x0820,0x0000,0x5943,
0x6184,0x0820,0x5144,0x4944,0x1041,0x6163,0x5986,0x3106,0x30C3,0x2060,0x0000,0x0000,0x0020,0x0000,0x0000,0x0000,
0x0000,0x0000,0x0000,0x0000,0x0000,0x0000,0x0000,0x0000,0x0020,0x0060,0x1060,0x0840,0x0000,0x4B62,0x9604,0x4320,
0x21A0,0x1960,0x2140,0x1940,0x1100,0x08E0,0x08E0,0x08C0,0x08A0,0x0080,0x0060,0x0020,0x0040,0x08C0,0x19A1,0x4BE3,
0x32C2,0x2A22,0x2A42,0x2A22,0x2A22,0x2A42,0x2A62,0x2A42,0x2A42,0x2A62,0x2A62,0x2A62,0x2A62,0x3262,0x2A62,0x2A62,
0x2A62,0x3262,0x2A62,0x2A62,0x3282,0x2AA2,0x32E2,0x6D86,0x43E3,0x8686,0x6D65,0x6505,0x6525,0x5D04,0x5CE4,0x54C4,
0x54C4,0x54C4,0x54C4,0x54A3,0x4C83,0x4C63,0x4443,0x4403,0x4C63,0x0920,0x0060,0x0020,0x0000,0x0000,0x0000,0x0000,
0x0000,0x0000,0x0000,0x0000,0x0020,0x00C0,0x5C66,0x2B43,0x2302,0x2BA3,0x2C44,0x34A5,0x34C5,0x3485,0x3404,0x2BA3,
0x2BC3,0x2BC3,0x2BA3,0x2B83,0x2B43,0x2B03,0x2AC2,0x32C3,0x3323,0x3322,0x2AE2,0x2AA2,0x2A42,0x3263,0x2A42,0x2A42,
0x2A42,0x2A22,0x2A42,0x2A22,0x2A22,0x2A42,0x2A22,0x2A42,0x2A42,0x2A22,0x2A42,0x2A22,0x2A42,0x2A42,0x2A22,0x2A22,
0x2A02,0x2A02,0x2A22,0x2A22,0x2A22,0x2A22,0x2A02,0x2A02,0x2A22,0x2A22,0x2A02,0x2A02,0x2A22,0x2A02,0x2A02,0x2A22,
0x2A22,0x2A42,0x2A42,0x2A22,0x2A22,0x2A22,0x2A02,0x2A02,0x2A02,0x2A02,0x2A02,0x2A02,0x2A22,0x2A22,0x29E2,0x29E2,
0x2A01,0x2A01,0x2A02,0x2A42,0x2201,0x5425,0x2A62,0x0060,0x00C0,0x09C1,0xA70C,0x5446,0x1201,0x1A01,0x11C0,0x2AC2,
0x32C3,0x0000,0x0000,0x0000,0x0000,0x0000,0x0020,0x0020,0x10A2,0x0862,0x0063,0x0000,0x0000,0x0020,0x0062,0x08A3,
0x0062,0x0000,0x0021,0x0000,0x0000,0x0000,0x0000,0x0000,0x0000,0x0000,0x0000,0x0000,0x0000,0x0000,0x0041,0x0000,
0x0000,0x0861,0x0841,0x0000,0x0000,0x0000,0x0020,0x0000,0x0000,0x0000,0x0000,0x0000,0x0000,0x0000,0x0000,0x0000,
0x0000,0x0000,0x0020,0x1880,0x1840,0x1020,0x1040,0x0000,0x0820,0x2882,0x4104,0x28C3,0x2105,0x2925,0x20A3,0x20A2,
0x20A2,0x1882,0x0020,0x0020,0x0840,0x0000,0x0000,0x0000,0x0000,0x0000,0x0000,0x0000,0x0000,0x0000,0x0000,0x0000,
0x0820,0x1040,0x5145,0x30E3,0x40E3,0x4945,0x5165,0x1061,0x1042,0x20C3,0x20A3,0x1082,0x0000,0x0000,0x0000,0x1882,
0x1083,0x1083,0x1083,0x0862,0x0000,0x1041,0x2081,0x0000,0x0000,0x0000,0x28E3,0x38E3,0x2081,0x28A1,0x4920,0x30C0,
0x5164,0x28A2,0x2081,0x0000,0x0000,0x1041,0x0000,0x1882,0x4943,0x20A1,0x0000,0x1861,0x4923,0x40C1,0x1840,0x0000,
0x30C1,0x38E1,0x1861,0x5164,0x20A2,0x20A1,0x69C2,0x4101,0x40E2,0x38C2,0x2081,0x0820,0x0820,0x0000,0x0000,0x0000,
0x0000,0x0000,0x0000,0x0000,0x0020,0x0820,0x0000,0x0000,0x0000,0x0000,0x0000,0x0820,0x0000,0x0000,0x0000,0x0060,
0x08A0,0x0880,0x08A0,0x08A0,0x0880,0x0080,0x0880,0x08A0,0x08A0,0x08A0,0x0060,0x2160,0x5B02,0x73A3,0x3261,0x0020,
0x0020,0x0000,0x0000,0x0000,0x0000,0x0000,0x0000,0x0000,0x0000,0x0000,0x0000,0x0000,0x0000,0x0000,0x0000,0x0000,
0x0000,0x0000,0x0000,0x0000,0x0000,0x0020,0x0060,0x1A21,0x43E4,0x2AC2,0x0140,0x0180,0x0180,0x01A0,0x0180,0x0180,
0x0180,0x0180,0x0180,0x0180,0x0140,0x0140,0x0140,0x0120,0x00A0,0x0060,0x0040,0x0000,0x0000,0x0000,0x0000,0x0000,
0x0000,0x0000,0x0000,0x0000,0x0020,0x00C0,0x5C47,0x3384,0x3363,0x33E4,0x3CA5,0x4527,0x4547,0x4527,0x44A6,0x3BC4,
0x3BA4,0x3BE5,0x3C25,0x3C25,0x3BC4,0x3B84,0x3B64,0x4364,0x4384,0x4384,0x4344,0x3B03,0x3AE3,0x3B04,0x3B03,0x4303,
0x42E3,0x3AC3,0x3AC3,0x3AC3,0x3AC3,0x3AE3,0x3AE3,0x3AC3,0x3AC3,0x3AE3,0x3AE3,0x3AE3,0x3AE3,0x3AE3,0x3AC3,0x3AC3,
0x3AC3,0x3AC3,0x3AC3,0x3AA3,0x3AC3,0x3AA3,0x3AA2,0x3AA3,0x3AA3,0x3AA3,0x3AA3,0x3AA3,0x3AA3,0x3AA2,0x3AA2,0x3AA3,
0x3AA3,0x3AC3,0x3AA3,0x3AA2,0x3AA3,0x3AA3,0x3AA3,0x3AC3,0x3AA3,0x3AA3,0x3AA3,0x3AA3,0x3AC3,0x3AA3,0x3A82,0x3A82,
0x3282,0x32A2,0x32A2,0x32A2,0x2A62,0x5C65,0x2A62,0x0000,0x0060,0x0040,0x2A84,0x3B65,0x1A21,0x1A41,0x1A01,0x2AC3,
0x2AC3,0x0000,0x0000,0x0000,0x0000,0x0020,0x0861,0x0882,0x0862,0x0000,0x0041,0x0041,0x0020,0x0861,0x0062,0x0000,
0x0000,0x0041,0x0042,0x0020,0x0000,0x0000,0x0000,0x0021,0x0862,0x0861,0x0040,0x0000,0x0000,0x0000,0x0000,0x0000,
0x0020,0x0000,0x0000,0x0000,0x0000,0x0000,0x0862,0x0021,0x0021,0x0862,0x0061,0x0020,0x0000,0x0000,0x0000,0x0000,
0x0000,0x0000,0x0000,0x0020,0x20C3,0x0861,0x1040,0x38E0,0x1061,0x10C4,0x0000,0x20E4,0x41E9,0x2104,0x0041,0x0841,
0x1041,0x2081,0x0820,0x0000,0x0820,0x1840,0x0020,0x0020,0x0000,0x0000,0x0000,0x0000,0x0000,0x0000,0x0000,0x0000,
0x0820,0x0820,0x20A3,0x1061,0x0000,0x2081,0x20C1,0x0840,0x1040,0x1040,0x1062,0x20E1,0x2900,0x0841,0x0840,0x1062,
0x18C4,0x0021,0x1062,0x18E4,0x10A3,0x2105,0x0821,0x0000,0x0000,0x0000,0x0883,0x0042,0x1881,0x59A5,0x5122,0x2081,
0x28C3,0x1882,0x1041,0x0820,0x0000,0x0000,0x0000,0x0000,0x20A2,0x5942,0x38C1,0x0000,0x2081,0x3103,0x1861,0x1861,
0x38E3,0x2061,0x1861,0x30C2,0x1861,0x1060,0x1880,0x3903,0x40E2,0x30A1,0x20A2,0x1040,0x0820,0x0800,0x0000,0x0000,
0x1040,0x0820,0x0000,0x0000,0x0000,0x1860,0x0820,0x0000,0x0000,0x0000,0x0000,0x1060,0x0000,0x0000,0x0000,0x0000,
0x0000,0x0000,0x0000,0x0000,0x0000,0x0000,0x0000,0x0000,0x0000,0x0000,0x0000,0x0840,0x0840,0x0000,0x0000,0x0020,
0x0020,0x0060,0x0020,0x0040,0x0881,0x0060,0x0060,0x0040,0x0060,0x0060,0x0040,0x0040,0x0040,0x0040,0x0040,0x0040,
0x0040,0x0040,0x0040,0x0040,0x0040,0x0060,0x00C0,0x0080,0x0020,0x0080,0x00A0,0x00A0,0x00A0,0x00A0,0x00A0,0x00A0,
0x00A0,0x00A0,0x00A0,0x0080,0x0080,0x0080,0x0080,0x0060,0x0060,0x0040,0x0020,0x0000,0x0000,0x0000,0x0000,0x0000,
0x0000,0x0000,0x0000,0x0000,0x0000,0x0020,0x0000,0x0000,0x0020,0x0040,0x00A0,0x0100,0x0120,0x0120,0x00A0,0x0040,
0x0040,0x0040,0x0060,0x0060,0x0040,0x0020,0x0000,0x0000,0x0000,0x0000,0x0000,0x0000,0x0000,0x0000,0x0000,0x0000,
0x0000,0x0000,0x0000,0x0000,0x0000,0x0000,0x0000,0x0000,0x0000,0x0000,0x0000,0x0000,0x0000,0x0000,0x0000,0x0000,
0x0000,0x0000,0x0000,0x0000,0x0000,0x0000,0x0000,0x0000,0x0000,0x0000,0x0000,0x0000,0x0000,0x0000,0x0000,0x0000,
0x0000,0x0000,0x0000,0x0000,0x0000,0x0000,0x0000,0x0000,0x0000,0x0000,0x0000,0x0000,0x0000,0x0000,0x0000,0x0000,
0x0000,0x0000,0x0000,0x0000,0x0000,0x0000,0x0000,0x0000,0x0020,0x0040,0x0040,0x0000,0x0000,0x0000,0x0000,0x0000,
0x0000,0x0061,0x0021,0x0021,0x0000,0x0041,0x0862,0x0000,0x0000,0x0000,0x0021,0x0000,0x0020,0x0000,0x0000,0x0000,
0x0000,0x0000,0x0000,0x0020,0x0000,0x0000,0x0000,0x0861,0x1082,0x10C1,0x0040,0x0000,0x0041,0x0862,0x0000,0x0000,
0x0000,0x0000,0x0000,0x0000,0x0000,0x0000,0x0040,0x0020,0x0062,0x0862,0x0860,0x0020,0x0000,0x0000,0x0000,0x0000,
0x0000,0x0000,0x0000,0x0021,0x18A3,0x0861,0x0000,0x1040,0x20E3,0x31A8,0x2925,0x18A3,0x0841,0x0841,0x18C4,0x3104,
0x1841,0x0000,0x0000,0x0020,0x0840,0x30C1,0x1860,0x0020,0x1082,0x18A2,0x5144,0x30E3,0x0000,0x0000,0x0020,0x0000,
0x0000,0x0000,0x0000,0x0000,0x0000,0x0000,0x0840,0x20C0,0x1060,0x0000,0x0000,0x0840,0x20E1,0x3166,0x18A3,0x18E5,
0x20E5,0x20C4,0x20C4,0x0041,0x0862,0x2126,0x1082,0x28A2,0x0000,0x0000,0x0862,0x0021,0x0020,0x5143,0x30C2,0x28A1,
0x1041,0x0000,0x0000,0x0000,0x0000,0x0000,0x0000,0x0000,0x0000,0x0820,0x5142,0x38C0,0x1881,0x7227,0x69C6,0x5165,
0x4124,0x30E3,0x2081,0x1040,0x28C2,0x1861,0x0000,0x0000,0x28A2,0x1840,0x0000,0x0000,0x0000,0x0000,0x0000,0x0000,
0x0840,0x1880,0x0000,0x0000,0x0000,0x0000,0x0000,0x0000,0x0000,0x0000,0x0000,0x0820,0x30E2,0x28A1,0x0840,0x0000,
0x0000,0x0000,0x0820,0x0020,0x0000,0x0000,0x0000,0x0000,0x0000,0x0000,0x0000,0x0000,0x0000,0x0000,0x0000,0x0000,
0x0000,0x0000,0x0000,0x0000,0x0000,0x0061,0x0061,0x18A2,0x00A2,0x0062,0x0000,0x0020,0x0041,0x0041,0x0021,0x0000,
0x0020,0x0020,0x0020,0x0000,0x0020,0x0020,0x0040,0x0040,0x0060,0x0060,0x0060,0x0060,0x0060,0x0060,0x0080,0x0060,
0x0060,0x0060,0x0060,0x0040,0x0060,0x0040,0x0040,0x0040,0x0020,0x0020,0x0000,0x0000,0x0000,0x0000,0x0000,0x0000,
0x0000,0x0000,0x0000,0x0000,0x0000,0x0000,0x0020,0x0020,0x0040,0x0040,0x0060,0x0060,0x0060,0x0060,0x0060,0x0060,
0x0060,0x0060,0x0060,0x0060,0x0060,0x0040,0x0040,0x0040,0x0040,0x0040,0x0040,0x0020,0x0020,0x0020,0x0020,0x0020,
0x0020,0x0020,0x0020,0x0020,0x0020,0x0020,0x0020,0x0020,0x0020,0x0020,0x0020,0x0020,0x0020,0x0020,0x0020,0x0020,
0x0020,0x0000,0x0020,0x0000,0x0000,0x0020,0x0000,0x0000,0x0000,0x0000,0x0000,0x0000,0x0000,0x0000,0x0000,0x0000,
0x0000,0x0000,0x0000,0x0000,0x0020,0x0020,0x0020,0x0020,0x0000,0x0000,0x0000,0x0000,0x0020,0x0020,0x0000,0x0000,
0x0000,0x0000,0x0000,0x0000,0x0000,0x0020,0x0000,0x0000,0x0000,0x0000,0x0020,0x0020,0x0020,0x0000,0x0000,0x0020,
0x0061,0x0021,0x0000,0x0000,0x0021,0x08C3,0x0000,0x0000,0x0000,0x0000,0x0000,0x0000,0x0000,0x0000,0x0000,0x0000,
0x0000,0x0000,0x0000,0x0000,0x0000,0x0000,0x0020,0x0040,0x0020,0x0020,0x0000,0x0000,0x0021,0x0041,0x0000,0x0000,
0x0000,0x0000,0x0000,0x0000,0x0000,0x0020,0x0000,0x0000,0x0020,0x0000,0x0020,0x0020,0x0021,0x0000,0x0000,0x0000,
0x0000,0x0000,0x0000,0x0000,0x0020,0x1861,0x0821,0x08A4,0x18E5,0x0862,0x2126,0x18C4,0x0882,0x18C4,0x1905,0x1061,
0x1082,0x0000,0x1083,0x3103,0x3103,0x0861,0x1881,0x3945,0x59C7,0x5186,0x30C2,0x7A06,0x4102,0x20C3,0x1061,0x0000,
0x0000,0x0000,0x0000,0x0000,0x0000,0x0000,0x0000,0x0840,0x0840,0x0000,0x0000,0x0000,0x0020,0x1904,0x0041,0x18C4,
0x0862,0x1083,0x1062,0x0000,0x0000,0x0041,0x0021,0x28E4,0x0820,0x0820,0x0820,0x0000,0x0000,0x38E2,0x1040,0x28A1,
0x5985,0x4944,0x1881,0x0820,0x0000,0x0000,0x0000,0x0000,0x0000,0x0000,0x1880,0x30C1,0x0841,0x5123,0x5984,0x5164,
0x20A2,0x28C3,0x5185,0x3924,0x0841,0x2081,0x0820,0x0820,0x0000,0x0000,0x0000,0x0000,0x0000,0x0000,0x0000,0x0000,
0x0000,0x28C0,0x28C0,0x1040,0x2081,0x2082,0x0000,0x0000,0x0000,0x0000,0x0000,0x0000,0x2081,0x30E2,0x2080,0x0000,
0x0000,0x0000,0x0000,0x0000,0x0000,0x0000,0x0000,0x0000,0x0000,0x0000,0x0000,0x0000,0x0000,0x0000,0x0000,0x0000,
0x0000,0x0000,0x0000,0x0000,0x0000,0x0021,0x0000,0x0021,0x0041,0x0021,0x0062,0x0000,0x0042,0x0042,0x0041,0x0001,
0x0041,0x0021,0x0021,0x0001,0x0021,0x0021,0x0021,0x0021,0x0021,0x0041,0x0041,0x0040,0x0020,0x0020,0x0040,0x0040,
0x0040,0x0020,0x0020,0x0020,0x0020,0x0020,0x0020,0x0020,0x0000,0x0000,0x0000,0x0000,0x0000,0x0000,0x0000,0x0000,
0x0000,0x0000,0x0000,0x0000,0x0000,0x0000,0x0000,0x0000,0x0000,0x0000,0x0020,0x0020,0x0020,0x0020,0x0020,0x0020,
0x0000,0x0000,0x0020,0x0020,0x0000,0x0000,0x0000,0x0000,0x0000,0x0000,0x0000,0x0000,0x0000,0x0000,0x0000,0x0000,
0x0000,0x0000,0x0000,0x0000,0x0000,0x0000,0x0000,0x0000,0x0000,0x0000,0x0000,0x0000,0x0000,0x0000,0x0000,0x0000,
0x0000,0x0000,0x0000,0x0000,0x0000,0x0000,0x0000,0x0000,0x0000,0x0000,0x0000,0x0000,0x0000,0x0000,0x0000,0x0000,
0x0000,0x0000,0x0000,0x0000,0x0000,0x0000,0x0000,0x0000,0x0000,0x0000,0x0000,0x0000,0x0000,0x0000,0x0000,0x0000,
0x0000,0x0000,0x0000,0x0000,0x0000,0x0000,0x0000,0x0000,0x0000,0x0000,0x0000,0x0000,0x0000,0x0000,0x0000,0x0000,
0x0000,0x0000,0x0020,0x0020,0x0062,0x0041,0x0040,0x0081,0x0020,0x0000,0x0000,0x0021,0x0000,0x0000,0x0000,0x0000,
0x00A3,0x0081,0x0020,0x0000,0x0020,0x0841,0x1082,0x0882,0x0000,0x0000,0x0000,0x0020,0x0020,0x0000,0x0000,0x0000,
0x0000,0x0000,0x0000,0x0020,0x0041,0x0000,0x0000,0x0000,0x0000,0x0000,0x0000,0x0000,0x0021,0x0021,0x0000,0x0000,
0x0000,0x0000,0x0000,0x0021,0x0862,0x0841,0x0862,0x0862,0x0841,0x0862,0x10C4,0x0883,0x0841,0x0841,0x1082,0x0841,
0x30E3,0x30C1,0x0020,0x1061,0x2061,0x0000,0x0000,0x1083,0x51C7,0x8289,0x4123,0x30C2,0x20A2,0x6208,0x6A08,0x1061,
0x0000,0x0000,0x0000,0x0000,0x0040,0x0040,0x0000,0x0000,0x0000,0x0020,0x0020,0x0000,0x0000,0x0000,0x0020,0x0021,
0x18C4,0x30E4,0x1882,0x18C4,0x0841,0x0000,0x0021,0x0020,0x0841,0x10A4,0x0020,0x0000,0x0020,0x0021,0x1040,0x3902,
0x1861,0x5165,0x5165,0x28A2,0x1881,0x0000,0x0000,0x0000,0x0000,0x0000,0x0000,0x0000,0x1041,0x40E3,0x38A1,0x38E2,
0x4123,0x0000,0x1861,0x4944,0x28A3,0x1882,0x0000,0x0000,0x0000,0x0000,0x0000,0x0000,0x0000,0x0000,0x0000,0x0000,
0x0000,0x0820,0x0820,0x1040,0x2880,0x28C3,0x20A3,0x0820,0x0000,0x1040,0x1040,0x0820,0x0000,0x0000,0x0000,0x0820,
0x1040,0x1040,0x0821,0x0000,0x0000,0x0000,0x0820,0x0800,0x0000,0x0000,0x0000,0x0000,0x0000,0x0000,0x0000,0x0000,
0x0000,0x0000,0x0000,0x0000,0x0000,0x0000,0x0000,0x0000,0x0021,0x0000,0x0042,0x0021,0x0021,0x0042,0x0042,0x0000,
0x0000,0x0042,0x0062,0x0021,0x0000,0x0001,0x0001,0x0021,0x0021,0x0021,0x0021,0x0021,0x0021,0x0021,0x0021,0x0021,
0x0021,0x0000,0x0000,0x0000,0x0000,0x0000,0x0000,0x0000,0x0000,0x0000,0x0000,0x0000,0x0000,0x0000,0x0000,0x0000,
0x0000,0x0000,0x0000,0x0000,0x0000,0x0000,0x0000,0x0000,0x0000,0x0000,0x0000,0x0000,0x0000,0x0000,0x0000,0x0000,
0x0000,0x0000,0x0000,0x0000,0x0000,0x0000,0x0000,0x0000,0x0000,0x0000,0x0000,0x0000,0x0000,0x0000,0x0000,0x0000,
0x0000,0x0000,0x0000,0x0000,0x0000,0x0000,0x0000,0x0000,0x0000,0x0000,0x0000,0x0000,0x0000,0x0000,0x0000,0x0000,
0x0000,0x0000,0x0000,0x0000,0x0000,0x0000,0x0000,0x0000,0x0000,0x0000,0x0000,0x0000,0x0000,0x0000,0x0000,0x0000,
0x0000,0x0000,0x0000,0x0000,0x0000,0x0000,0x0000,0x0000,0x0000,0x0000,0x0000,0x0000,0x0000,0x0000,0x0000,0x0000,
0x0000,0x0000,0x0000,0x0000,0x0000,0x0000,0x0000,0x0000,0x0000,0x0000,0x0000,0x0000,0x0000,0x0000,0x0000,0x0000,
0x0020,0x0840,0x0000,0x0000,0x0021,0x0000,0x0020,0x0000,0x0000,0x0000,0x0000,0x0000,0x0000,0x0000,0x0000,0x0020,
0x0020,0x0020,0x0020,0x1083,0x18C3,0x10A3,0x1082,0x0820,0x0000,0x0000,0x0000,0x0041,0x0041,0x0000,0x0000,0x0000,
0x0000,0x0000,0x0000,0x0021,0x0020,0x0000,0x0000,0x0000,0x0021,0x0000,0x0000,0x0000,0x0000,0x0000,0x0000,0x0000,
0x0000,0x0000,0x0000,0x0000,0x0020,0x10A3,0x1905,0x18E4,0x1082,0x0020,0x0020,0x0020,0x0000,0x0000,0x0862,0x0862,
0x1881,0x28A1,0x0000,0x0000,0x1041,0x20C3,0x4186,0x3104,0x0000,0x1881,0x1041,0x0000,0x0000,0x1041,0x4124,0x0820,
0x1861,0x4123,0x0820,0x0000,0x0020,0x0040,0x0020,0x0000,0x0000,0x0020,0x0020,0x0000,0x0000,0x0861,0x10A0,0x0020,
0x0841,0x0000,0x20C3,0x3146,0x1905,0x10C4,0x10A3,0x18C4,0x0020,0x0021,0x0020,0x0041,0x0020,0x0020,0x0000,0x28A2,
0x1040,0x1881,0x59A5,0x3904,0x28C2,0x0000,0x0000,0x0000,0x0000,0x0000,0x0000,0x0000,0x0820,0x30C2,0x30A1,0x0820,
0x3903,0x1882,0x0000,0x1861,0x4144,0x20A3,0x0841,0x0000,0x0800,0x0000,0x0820,0x0020,0x0000,0x0000,0x0000,0x0000,
0x0000,0x0000,0x0000,0x0000,0x0000,0x0820,0x2082,0x0821,0x1060,0x0820,0x0000,0x0000,0x0000,0x0821,0x0820,0x0000,
0x0820,0x1041,0x1041,0x1862,0x0000,0x0020,0x20A3,0x1861,0x0820,0x0000,0x0000,0x0000,0x0820,0x0820,0x0000,0x0000,
0x0000,0x0000,0x0000,0x0000,0x0000,0x0000,0x0000,0x0000,0x0000,0x0000,0x0000,0x0021,0x0000,0x0063,0x0021,0x0000,
0x0000,0x0021,0x1083,0x0042,0x0000,0x0022,0x1063,0x0043,0x0001,0x0000,0x0001,0x0021,0x0000,0x0000,0x0021,0x0022,
0x0000,0x0000,0x0000,0x0000,0x0000,0x0000,0x0000,0x0000,0x0000,0x0000,0x0000,0x0000,0x0000,0x0000,0x0000,0x0000,
0x0000,0x0000,0x0000,0x0000,0x0000,0x0000,0x0000,0x0000,0x0000,0x0000,0x0000,0x0000,0x0000,0x0000,0x0000,0x0000,
0x0000,0x0000,0x0000,0x0000,0x0000,0x0000,0x0000,0x0000,0x0000,0x0000,0x0000,0x0000,0x0000,0x0000,0x0000,0x0000,
0x0000,0x0000,0x0000,0x0000,0x0000,0x0000,0x0000,0x0000,0x0000,0x0000,0x0000,0x0000,0x0000,0x0000,0x0000,0x0000,
0x0000,0x0000,0x0000,0x0000,0x0000,0x0000,0x0000,0x0000,0x0000,0x0000,0x0000,0x0000,0x0000,0x0000,0x0000,0x0000,
0x0000,0x0000,0x0000,0x0000,0x0000,0x0000,0x0000,0x0000,0x0000,0x0000,0x0000,0x0000,0x0000,0x0000,0x0000,0x0000,
0x0000,0x0000,0x0000,0x0000,0x0000,0x0000,0x0000,0x0000,0x0000,0x0000,0x0000,0x0000,0x0000,0x0000,0x0000,0x0000,
0x0020,0x0020,0x0000,0x0021,0x0021,0x0000,0x0000,0x0000,0x0000,0x0000,0x0000,0x0000,0x0000,0x0000,0x0082,0x0041,
0x0000,0x0000,0x10C4,0x10A3,0x0020,0x0840,0x0000,0x0000,0x0000,0x0000,0x0000,0x0021,0x0000,0x0000,0x0000,0x0000,
0x0000,0x0000,0x0000,0x0000,0x0000,0x0000,0x0000,0x0000,0x0000,0x0000,0x0000,0x0000,0x0000,0x0000,0x0000,0x0000,
0x0000,0x0841,0x1905,0x0882,0x0000,0x0020,0x18E4,0x18E5,0x0883,0x0000,0x0000,0x0000,0x0041,0x10E5,0x1926,0x0041,
0x0000,0x0000,0x0000,0x0000,0x0021,0x49C8,0x72AB,0x4166,0x1082,0x0000,0x0000,0x0000,0x0000,0x0000,0x4923,0x4123,
0x0820,0x38E3,0x30C2,0x0820,0x0000,0x0000,0x0000,0x0000,0x0000,0x0000,0x0041,0x0000,0x0000,0x0000,0x0000,0x0840,
0x10A0,0x0020,0x0000,0x0840,0x2105,0x0862,0x0883,0x10C4,0x0021,0x0000,0x0000,0x0862,0x0021,0x0000,0x0000,0x1041,
0x5985,0x1040,0x1861,0x3903,0x20A2,0x0841,0x0000,0x0000,0x0000,0x0000,0x0000,0x0000,0x0000,0x1040,0x28A1,0x1861,
0x4944,0x71E6,0x1861,0x1041,0x1062,0x28C2,0x20C3,0x0841,0x0820,0x0000,0x0000,0x0000,0x0000,0x0000,0x0000,0x0000,
0x0000,0x0000,0x0000,0x0000,0x0000,0x0000,0x1860,0x2080,0x0841,0x1041,0x0000,0x0000,0x0000,0x0000,0x28A2,0x1041,
0x0000,0x0000,0x0821,0x1061,0x0000,0x0000,0x0821,0x20A3,0x20A3,0x1061,0x0000,0x0000,0x0000,0x0000,0x0000,0x0820,
0x0000,0x0000,0x0000,0x0000,0x0000,0x0000,0x0000,0x0000,0x0000,0x0000,0x0000,0x0000,0x0000,0x0000,0x0000,0x0000,
0x0000,0x0000,0x0842,0x0863,0x0000,0x0001,0x0843,0x0864,0x0001,0x0000,0x0001,0x0021,0x0000,0x0000,0x0000,0x0042,
0x0021,0x0000,0x0000,0x0000,0x0000,0x0000,0x0000,0x0000,0x0000,0x0000,0x0000,0x0000,0x0000,0x0000,0x0000,0x0000,
};

#endif // SPLASH_IMAGE_H
